State,District,Soil_Type,Season,Temperature,Humidity,Rainfall,Previous_Crop,Recommended_Crop
Uttar Pradesh,Agra,Black Soil,Whole Year,36.1,57,204.9,Cotton,Cotton
Uttar Pradesh,Agra,Black Soil,Zaid,33.7,80,24.3,Banana,Jowar
Uttar Pradesh,Agra,Black Soil,Kharif,24.2,45,329.2,Mungbean,Cotton
Uttar Pradesh,Agra,Sandy Soil,Rabi,36.6,54,223.5,Apple,Watermelon
Uttar Pradesh,Agra,Red Soil,Whole Year,22.7,51,81.3,Maize,Pulses
Uttar Pradesh,Agra,Alluvial Soil,Kharif,20.7,48,169.0,Coffee,Rice
Uttar Pradesh,Agra,Alluvial Soil,Zaid,33.3,65,236.1,Coconut,Rice
Uttar Pradesh,Agra,Laterite Soil,Kharif,39.5,68,157.3,Grapes,Coffee
Uttar Pradesh,Agra,Laterite Soil,Whole Year,31.5,74,259.5,Mungbean,Tea
Uttar Pradesh,Agra,Loamy Soil,Rabi,33.2,43,293.1,Mango,Wheat
Uttar Pradesh,Agra,Black Soil,Whole Year,39.5,82,89.7,Coffee,Cotton
Uttar Pradesh,Agra,Laterite Soil,Zaid,30.1,69,232.9,Pigeonpeas,Coffee
Uttar Pradesh,Agra,Loamy Soil,Rabi,23.4,40,318.7,Chickpea,Sugarcane
Uttar Pradesh,Agra,Sandy Soil,Zaid,24.9,52,130.8,Muskmelon,Watermelon
Uttar Pradesh,Agra,Sandy Soil,Zaid,30.5,59,169.1,Maize,Groundnut
Uttar Pradesh,Agra,Black Soil,Kharif,25.1,93,122.5,Mungbean,Jowar
Uttar Pradesh,Agra,Sandy Soil,Zaid,33.1,91,347.8,Cotton,Watermelon
Uttar Pradesh,Agra,Loamy Soil,Kharif,37.2,60,116.7,Maize,Sugarcane
Uttar Pradesh,Agra,Loamy Soil,Rabi,18.9,46,265.9,Pigeonpeas,Rice
Uttar Pradesh,Agra,Alluvial Soil,Rabi,27.5,86,209.2,Apple,Sugarcane
Uttar Pradesh,Aligarh,Sandy Soil,Whole Year,21.0,43,175.0,Papaya,Watermelon
Uttar Pradesh,Aligarh,Laterite Soil,Zaid,34.4,82,87.7,Maize,Cashew
Uttar Pradesh,Aligarh,Loamy Soil,Kharif,39.2,62,236.6,Grapes,Wheat
Uttar Pradesh,Aligarh,Loamy Soil,Kharif,37.4,43,72.7,Pomegranate,Wheat
Uttar Pradesh,Aligarh,Red Soil,Zaid,32.8,63,322.8,Mothbeans,Pulses
Uttar Pradesh,Aligarh,Laterite Soil,Rabi,34.5,43,143.8,Mango,Coffee
Uttar Pradesh,Aligarh,Sandy Soil,Zaid,21.7,62,251.9,Pomegranate,Groundnut
Uttar Pradesh,Aligarh,Sandy Soil,Zaid,23.9,90,320.0,Lentil,Watermelon
Uttar Pradesh,Aligarh,Red Soil,Kharif,32.5,92,158.9,Pomegranate,Groundnut
Uttar Pradesh,Aligarh,Red Soil,Kharif,36.3,67,347.1,Coconut,Groundnut
Uttar Pradesh,Aligarh,Alluvial Soil,Whole Year,25.4,76,82.3,Papaya,Rice
Uttar Pradesh,Aligarh,Sandy Soil,Kharif,26.2,83,114.2,Coffee,Groundnut
Uttar Pradesh,Aligarh,Red Soil,Zaid,18.1,60,161.8,Jute,Pulses
Uttar Pradesh,Aligarh,Alluvial Soil,Whole Year,31.4,51,272.8,Papaya,Rice
Uttar Pradesh,Aligarh,Red Soil,Rabi,30.1,58,111.4,Grapes,Pulses
Uttar Pradesh,Aligarh,Alluvial Soil,Rabi,25.3,50,36.0,Mango,Sugarcane
Uttar Pradesh,Aligarh,Loamy Soil,Kharif,35.3,54,193.5,Apple,Maize
Uttar Pradesh,Aligarh,Alluvial Soil,Whole Year,28.7,76,207.1,Lentil,Rice
Uttar Pradesh,Aligarh,Sandy Soil,Rabi,26.5,70,102.4,Maize,Watermelon
Uttar Pradesh,Aligarh,Red Soil,Rabi,27.9,46,146.6,Mothbeans,Pulses
Uttar Pradesh,Ambedkar Nagar,Alluvial Soil,Rabi,20.3,94,127.3,Chickpea,Sugarcane
Uttar Pradesh,Ambedkar Nagar,Sandy Soil,Kharif,38.9,92,139.0,Rice,Groundnut
Uttar Pradesh,Ambedkar Nagar,Laterite Soil,Kharif,29.6,77,180.1,Lentil,Tea
Uttar Pradesh,Ambedkar Nagar,Laterite Soil,Rabi,32.5,44,149.9,Mothbeans,Cashew
Uttar Pradesh,Ambedkar Nagar,Loamy Soil,Zaid,18.6,86,299.1,Coffee,Wheat
Uttar Pradesh,Ambedkar Nagar,Loamy Soil,Kharif,20.1,79,41.0,Mango,Maize
Uttar Pradesh,Ambedkar Nagar,Loamy Soil,Zaid,31.6,40,48.8,Lentil,Rice
Uttar Pradesh,Ambedkar Nagar,Red Soil,Rabi,30.5,95,296.6,Chickpea,Millets
Uttar Pradesh,Ambedkar Nagar,Red Soil,Whole Year,36.9,90,162.9,Watermelon,Millets
Uttar Pradesh,Ambedkar Nagar,Black Soil,Zaid,29.0,75,280.7,Coconut,Jowar
Uttar Pradesh,Ambedkar Nagar,Red Soil,Whole Year,34.0,90,148.1,Grapes,Groundnut
Uttar Pradesh,Ambedkar Nagar,Alluvial Soil,Whole Year,27.2,75,223.4,Muskmelon,Maize
Uttar Pradesh,Ambedkar Nagar,Sandy Soil,Zaid,22.8,66,197.4,Pigeonpeas,Muskmelon
Uttar Pradesh,Ambedkar Nagar,Alluvial Soil,Kharif,33.8,63,117.9,Orange,Wheat
Uttar Pradesh,Ambedkar Nagar,Red Soil,Kharif,19.4,81,245.9,Mango,Groundnut
Uttar Pradesh,Ambedkar Nagar,Black Soil,Whole Year,30.9,62,248.9,Maize,Soybean
Uttar Pradesh,Ambedkar Nagar,Loamy Soil,Zaid,27.4,44,99.5,Kidneybeans,Wheat
Uttar Pradesh,Ambedkar Nagar,Loamy Soil,Kharif,35.7,49,316.9,Pomegranate,Sugarcane
Uttar Pradesh,Ambedkar Nagar,Loamy Soil,Zaid,35.0,65,250.6,Banana,Maize
Uttar Pradesh,Ambedkar Nagar,Loamy Soil,Zaid,33.0,84,170.7,Apple,Sugarcane
Uttar Pradesh,Amethi,Black Soil,Kharif,24.2,78,136.7,Mango,Cotton
Uttar Pradesh,Amethi,Alluvial Soil,Whole Year,38.9,64,186.1,Kidneybeans,Sugarcane
Uttar Pradesh,Amethi,Sandy Soil,Kharif,20.9,59,109.5,Kidneybeans,Watermelon
Uttar Pradesh,Amethi,Sandy Soil,Rabi,34.2,67,306.4,Watermelon,Muskmelon
Uttar Pradesh,Amethi,Red Soil,Zaid,39.0,91,320.1,Papaya,Pulses
Uttar Pradesh,Amethi,Black Soil,Kharif,32.5,78,28.7,Blackgram,Cotton
Uttar Pradesh,Amethi,Alluvial Soil,Kharif,21.8,75,226.2,Banana,Maize
Uttar Pradesh,Amethi,Black Soil,Kharif,23.1,94,217.5,Mungbean,Cotton
Uttar Pradesh,Amethi,Alluvial Soil,Rabi,39.4,47,314.3,Papaya,Rice
Uttar Pradesh,Amethi,Sandy Soil,Whole Year,19.3,61,82.6,Mothbeans,Watermelon
Uttar Pradesh,Amethi,Red Soil,Zaid,21.8,49,251.7,Coffee,Pulses
Uttar Pradesh,Amethi,Laterite Soil,Whole Year,25.7,88,252.4,Orange,Tea
Uttar Pradesh,Amethi,Sandy Soil,Rabi,37.5,42,349.6,Rice,Muskmelon
Uttar Pradesh,Amethi,Loamy Soil,Whole Year,28.3,58,189.3,Jute,Rice
Uttar Pradesh,Amethi,Sandy Soil,Whole Year,28.1,63,24.7,Kidneybeans,Muskmelon
Uttar Pradesh,Amethi,Sandy Soil,Zaid,35.8,93,123.9,Banana,Muskmelon
Uttar Pradesh,Amethi,Red Soil,Rabi,28.5,59,106.8,Kidneybeans,Millets
Uttar Pradesh,Amethi,Black Soil,Whole Year,25.9,85,146.5,Kidneybeans,Soybean
Uttar Pradesh,Amethi,Alluvial Soil,Zaid,31.8,51,328.2,Orange,Rice
Uttar Pradesh,Amethi,Alluvial Soil,Whole Year,20.8,56,179.9,Chickpea,Rice
Uttar Pradesh,Amroha,Loamy Soil,Kharif,34.6,40,345.1,Mothbeans,Wheat
Uttar Pradesh,Amroha,Laterite Soil,Zaid,30.9,83,138.3,Mango,Cashew
Uttar Pradesh,Amroha,Loamy Soil,Kharif,37.5,68,100.4,Mango,Sugarcane
Uttar Pradesh,Amroha,Red Soil,Whole Year,29.2,71,343.7,Blackgram,Pulses
Uttar Pradesh,Amroha,Black Soil,Rabi,36.2,57,49.9,Watermelon,Jowar
Uttar Pradesh,Amroha,Alluvial Soil,Rabi,20.3,75,91.4,Blackgram,Wheat
Uttar Pradesh,Amroha,Laterite Soil,Whole Year,32.1,56,42.7,Chickpea,Cashew
Uttar Pradesh,Amroha,Laterite Soil,Zaid,30.3,71,273.2,Coconut,Coffee
Uttar Pradesh,Amroha,Loamy Soil,Rabi,25.6,57,279.7,Banana,Wheat
Uttar Pradesh,Amroha,Sandy Soil,Kharif,27.5,91,245.8,Banana,Watermelon
Uttar Pradesh,Amroha,Alluvial Soil,Zaid,25.7,95,120.8,Cotton,Rice
Uttar Pradesh,Amroha,Alluvial Soil,Kharif,37.9,75,281.5,Rice,Sugarcane
Uttar Pradesh,Amroha,Sandy Soil,Kharif,37.5,77,282.5,Blackgram,Watermelon
Uttar Pradesh,Amroha,Black Soil,Rabi,26.7,41,315.1,Coffee,Jowar
Uttar Pradesh,Amroha,Loamy Soil,Whole Year,32.6,85,31.8,Banana,Rice
Uttar Pradesh,Amroha,Red Soil,Kharif,23.5,84,209.9,Blackgram,Pulses
Uttar Pradesh,Amroha,Alluvial Soil,Whole Year,23.9,84,203.2,Rice,Sugarcane
Uttar Pradesh,Amroha,Red Soil,Zaid,39.9,58,191.0,Mungbean,Millets
Uttar Pradesh,Amroha,Loamy Soil,Kharif,24.1,43,236.2,Papaya,Maize
Uttar Pradesh,Amroha,Loamy Soil,Zaid,29.9,75,56.1,Coconut,Rice
Uttar Pradesh,Auraiya,Loamy Soil,Whole Year,20.8,85,99.1,Pigeonpeas,Rice
Uttar Pradesh,Auraiya,Red Soil,Kharif,36.4,84,189.7,Cotton,Groundnut
Uttar Pradesh,Auraiya,Alluvial Soil,Zaid,29.9,67,196.3,Muskmelon,Maize
Uttar Pradesh,Auraiya,Sandy Soil,Kharif,30.4,85,177.5,Pomegranate,Watermelon
Uttar Pradesh,Auraiya,Laterite Soil,Rabi,25.7,74,331.2,Kidneybeans,Tea
Uttar Pradesh,Auraiya,Black Soil,Kharif,28.1,40,234.7,Kidneybeans,Soybean
Uttar Pradesh,Auraiya,Alluvial Soil,Zaid,28.4,56,341.8,Orange,Wheat
Uttar Pradesh,Auraiya,Loamy Soil,Kharif,26.0,73,156.8,Apple,Maize
Uttar Pradesh,Auraiya,Red Soil,Zaid,34.2,60,94.0,Papaya,Pulses
Uttar Pradesh,Auraiya,Sandy Soil,Whole Year,31.0,70,270.7,Cotton,Groundnut
Uttar Pradesh,Auraiya,Black Soil,Kharif,18.3,85,95.6,Mothbeans,Cotton
Uttar Pradesh,Auraiya,Laterite Soil,Kharif,37.0,55,140.7,Mungbean,Tea
Uttar Pradesh,Auraiya,Red Soil,Zaid,30.7,46,55.0,Muskmelon,Millets
Uttar Pradesh,Auraiya,Loamy Soil,Rabi,21.2,44,174.9,Grapes,Maize
Uttar Pradesh,Auraiya,Loamy Soil,Whole Year,29.8,56,66.0,Cotton,Wheat
Uttar Pradesh,Auraiya,Laterite Soil,Kharif,33.3,55,292.9,Coconut,Tea
Uttar Pradesh,Auraiya,Black Soil,Whole Year,18.1,94,330.7,Muskmelon,Soybean
Uttar Pradesh,Auraiya,Alluvial Soil,Rabi,23.0,40,154.1,Papaya,Rice
Uttar Pradesh,Auraiya,Laterite Soil,Kharif,29.7,78,129.6,Lentil,Coffee
Uttar Pradesh,Auraiya,Loamy Soil,Zaid,27.4,53,58.5,Mothbeans,Maize
Uttar Pradesh,Ayodhya,Laterite Soil,Whole Year,22.5,81,87.2,Apple,Tea
Uttar Pradesh,Ayodhya,Sandy Soil,Kharif,33.8,68,224.9,Pomegranate,Muskmelon
Uttar Pradesh,Ayodhya,Loamy Soil,Zaid,26.8,84,252.0,Chickpea,Rice
Uttar Pradesh,Ayodhya,Sandy Soil,Rabi,30.6,54,31.9,Cotton,Watermelon
Uttar Pradesh,Ayodhya,Red Soil,Whole Year,20.3,89,182.5,Grapes,Millets
Uttar Pradesh,Ayodhya,Laterite Soil,Kharif,22.5,42,274.3,Mango,Coffee
Uttar Pradesh,Ayodhya,Laterite Soil,Zaid,34.9,46,244.4,Coconut,Tea
Uttar Pradesh,Ayodhya,Black Soil,Kharif,24.1,58,34.3,Jute,Jowar
Uttar Pradesh,Ayodhya,Laterite Soil,Zaid,22.7,44,33.8,Coffee,Coffee
Uttar Pradesh,Ayodhya,Alluvial Soil,Whole Year,37.4,43,205.9,Coffee,Wheat
Uttar Pradesh,Ayodhya,Red Soil,Zaid,22.4,79,77.4,Jute,Millets
Uttar Pradesh,Ayodhya,Sandy Soil,Whole Year,28.1,81,245.7,Papaya,Groundnut
Uttar Pradesh,Ayodhya,Loamy Soil,Rabi,19.1,76,299.2,Mungbean,Wheat
Uttar Pradesh,Ayodhya,Alluvial Soil,Zaid,30.9,64,73.8,Mango,Maize
Uttar Pradesh,Ayodhya,Black Soil,Rabi,24.4,48,162.5,Rice,Jowar
Uttar Pradesh,Ayodhya,Red Soil,Zaid,28.4,59,271.4,Mothbeans,Millets
Uttar Pradesh,Ayodhya,Black Soil,Kharif,21.7,55,169.4,Coconut,Jowar
Uttar Pradesh,Ayodhya,Alluvial Soil,Whole Year,30.9,75,232.2,Orange,Wheat
Uttar Pradesh,Ayodhya,Laterite Soil,Zaid,21.1,45,285.9,Mango,Coffee
Uttar Pradesh,Ayodhya,Laterite Soil,Kharif,36.2,73,188.0,Banana,Coffee
Uttar Pradesh,Azamgarh,Red Soil,Rabi,31.2,82,70.2,Muskmelon,Millets
Uttar Pradesh,Azamgarh,Sandy Soil,Zaid,33.2,87,210.2,Orange,Watermelon
Uttar Pradesh,Azamgarh,Laterite Soil,Rabi,36.2,57,99.4,Papaya,Cashew
Uttar Pradesh,Azamgarh,Sandy Soil,Kharif,22.6,72,46.8,Papaya,Muskmelon
Uttar Pradesh,Azamgarh,Alluvial Soil,Rabi,27.2,85,145.5,Apple,Rice
Uttar Pradesh,Azamgarh,Alluvial Soil,Zaid,32.0,66,319.0,Coconut,Maize
Uttar Pradesh,Azamgarh,Red Soil,Rabi,23.9,95,133.1,Maize,Pulses
Uttar Pradesh,Azamgarh,Laterite Soil,Zaid,32.8,71,131.4,Rice,Tea
Uttar Pradesh,Azamgarh,Alluvial Soil,Rabi,27.4,79,81.9,Papaya,Wheat
Uttar Pradesh,Azamgarh,Red Soil,Rabi,34.1,68,215.6,Chickpea,Millets
Uttar Pradesh,Azamgarh,Red Soil,Rabi,34.5,80,58.7,Lentil,Millets
Uttar Pradesh,Azamgarh,Loamy Soil,Zaid,24.2,81,309.1,Pigeonpeas,Sugarcane
Uttar Pradesh,Azamgarh,Alluvial Soil,Whole Year,21.7,69,203.1,Grapes,Rice
Uttar Pradesh,Azamgarh,Red Soil,Whole Year,28.7,51,52.2,Blackgram,Groundnut
Uttar Pradesh,Azamgarh,Alluvial Soil,Whole Year,33.0,51,149.3,Lentil,Rice
Uttar Pradesh,Azamgarh,Laterite Soil,Zaid,37.7,84,183.0,Kidneybeans,Tea
Uttar Pradesh,Azamgarh,Loamy Soil,Rabi,32.3,83,72.6,Maize,Rice
Uttar Pradesh,Azamgarh,Black Soil,Rabi,28.5,87,226.3,Kidneybeans,Jowar
Uttar Pradesh,Azamgarh,Red Soil,Kharif,22.9,76,41.4,Rice,Pulses
Uttar Pradesh,Azamgarh,Loamy Soil,Kharif,22.3,69,159.6,Pigeonpeas,Rice
Uttar Pradesh,Badaun,Red Soil,Rabi,39.6,63,184.3,Papaya,Pulses
Uttar Pradesh,Badaun,Laterite Soil,Kharif,36.6,49,309.2,Grapes,Coffee
Uttar Pradesh,Badaun,Sandy Soil,Kharif,22.6,70,86.5,Coffee,Groundnut
Uttar Pradesh,Badaun,Sandy Soil,Zaid,28.2,59,27.1,Mango,Watermelon
Uttar Pradesh,Badaun,Red Soil,Rabi,37.6,49,161.4,Coconut,Pulses
Uttar Pradesh,Badaun,Sandy Soil,Rabi,18.7,67,57.1,Banana,Muskmelon
Uttar Pradesh,Badaun,Sandy Soil,Rabi,27.9,67,156.2,Watermelon,Watermelon
Uttar Pradesh,Badaun,Loamy Soil,Rabi,38.1,91,154.6,Papaya,Wheat
Uttar Pradesh,Badaun,Laterite Soil,Kharif,38.3,66,321.9,Mungbean,Coffee
Uttar Pradesh,Badaun,Loamy Soil,Kharif,29.0,93,60.9,Rice,Wheat
Uttar Pradesh,Badaun,Laterite Soil,Rabi,24.8,79,140.0,Kidneybeans,Cashew
Uttar Pradesh,Badaun,Sandy Soil,Kharif,25.6,93,74.9,Kidneybeans,Watermelon
Uttar Pradesh,Badaun,Red Soil,Kharif,19.2,94,216.9,Cotton,Pulses
Uttar Pradesh,Badaun,Red Soil,Zaid,29.3,86,132.2,Chickpea,Pulses
Uttar Pradesh,Badaun,Loamy Soil,Kharif,38.5,58,311.3,Jute,Wheat
Uttar Pradesh,Badaun,Black Soil,Kharif,26.0,79,197.6,Rice,Cotton
Uttar Pradesh,Badaun,Loamy Soil,Zaid,20.3,45,343.9,Maize,Maize
Uttar Pradesh,Badaun,Laterite Soil,Kharif,39.5,54,263.5,Mothbeans,Coffee
Uttar Pradesh,Badaun,Laterite Soil,Rabi,22.7,80,318.7,Chickpea,Coffee
Uttar Pradesh,Badaun,Laterite Soil,Zaid,23.2,66,289.7,Mango,Coffee
Uttar Pradesh,Bagpat,Black Soil,Rabi,37.8,65,260.9,Banana,Jowar
Uttar Pradesh,Bagpat,Black Soil,Rabi,36.0,42,59.8,Chickpea,Jowar
Uttar Pradesh,Bagpat,Loamy Soil,Kharif,32.7,56,254.7,Apple,Sugarcane
Uttar Pradesh,Bagpat,Red Soil,Whole Year,36.6,42,300.2,Blackgram,Groundnut
Uttar Pradesh,Bagpat,Laterite Soil,Zaid,38.0,93,220.9,Orange,Coffee
Uttar Pradesh,Bagpat,Red Soil,Whole Year,21.3,79,151.0,Jute,Millets
Uttar Pradesh,Bagpat,Red Soil,Zaid,36.5,84,53.9,Chickpea,Pulses
Uttar Pradesh,Bagpat,Loamy Soil,Kharif,29.1,54,164.3,Pigeonpeas,Maize
Uttar Pradesh,Bagpat,Alluvial Soil,Kharif,27.9,92,247.9,Jute,Sugarcane
Uttar Pradesh,Bagpat,Red Soil,Zaid,27.4,87,276.3,Banana,Millets
Uttar Pradesh,Bagpat,Black Soil,Whole Year,22.3,43,279.6,Papaya,Cotton
Uttar Pradesh,Bagpat,Red Soil,Whole Year,22.8,57,86.0,Watermelon,Millets
Uttar Pradesh,Bagpat,Sandy Soil,Rabi,24.7,71,240.6,Mango,Groundnut
Uttar Pradesh,Bagpat,Alluvial Soil,Zaid,37.2,80,45.7,Pomegranate,Wheat
Uttar Pradesh,Bagpat,Red Soil,Whole Year,18.1,43,194.8,Muskmelon,Millets
Uttar Pradesh,Bagpat,Loamy Soil,Rabi,27.5,61,233.3,Pigeonpeas,Sugarcane
Uttar Pradesh,Bagpat,Alluvial Soil,Kharif,23.3,62,306.4,Muskmelon,Sugarcane
Uttar Pradesh,Bagpat,Red Soil,Rabi,38.7,47,348.8,Orange,Millets
Uttar Pradesh,Bagpat,Red Soil,Zaid,35.3,79,101.5,Watermelon,Millets
Uttar Pradesh,Bagpat,Sandy Soil,Zaid,20.1,63,120.1,Rice,Watermelon
Uttar Pradesh,Bahraich,Alluvial Soil,Zaid,24.4,74,218.3,Coffee,Wheat
Uttar Pradesh,Bahraich,Black Soil,Rabi,23.8,71,37.3,Kidneybeans,Soybean
Uttar Pradesh,Bahraich,Alluvial Soil,Kharif,22.0,84,144.6,Muskmelon,Wheat
Uttar Pradesh,Bahraich,Black Soil,Rabi,39.7,46,115.4,Mungbean,Jowar
Uttar Pradesh,Bahraich,Red Soil,Kharif,19.0,84,111.7,Chickpea,Groundnut
Uttar Pradesh,Bahraich,Black Soil,Rabi,23.8,47,51.9,Pigeonpeas,Soybean
Uttar Pradesh,Bahraich,Red Soil,Rabi,20.8,44,250.5,Kidneybeans,Millets
Uttar Pradesh,Bahraich,Alluvial Soil,Rabi,32.7,74,286.8,Lentil,Rice
Uttar Pradesh,Bahraich,Red Soil,Kharif,29.2,90,133.4,Rice,Millets
Uttar Pradesh,Bahraich,Sandy Soil,Kharif,28.3,40,214.4,Lentil,Muskmelon
Uttar Pradesh,Bahraich,Black Soil,Whole Year,39.3,66,143.4,Watermelon,Jowar
Uttar Pradesh,Bahraich,Alluvial Soil,Rabi,31.1,95,56.9,Rice,Rice
Uttar Pradesh,Bahraich,Laterite Soil,Whole Year,30.6,73,203.6,Muskmelon,Cashew
Uttar Pradesh,Bahraich,Red Soil,Rabi,33.5,56,341.0,Jute,Groundnut
Uttar Pradesh,Bahraich,Loamy Soil,Rabi,31.0,85,86.2,Mungbean,Maize
Uttar Pradesh,Bahraich,Loamy Soil,Rabi,23.0,64,327.6,Kidneybeans,Rice
Uttar Pradesh,Bahraich,Alluvial Soil,Kharif,29.4,70,157.6,Pomegranate,Rice
Uttar Pradesh,Bahraich,Black Soil,Kharif,22.3,79,56.9,Coconut,Soybean
Uttar Pradesh,Bahraich,Black Soil,Kharif,34.8,79,50.8,Mango,Soybean
Uttar Pradesh,Bahraich,Black Soil,Kharif,35.4,86,116.2,Orange,Cotton
Uttar Pradesh,Ballia,Loamy Soil,Kharif,35.6,45,280.4,Muskmelon,Wheat
Uttar Pradesh,Ballia,Sandy Soil,Whole Year,21.3,64,257.0,Coffee,Groundnut
Uttar Pradesh,Ballia,Alluvial Soil,Whole Year,24.7,74,103.6,Grapes,Wheat
Uttar Pradesh,Ballia,Black Soil,Whole Year,24.5,82,291.7,Watermelon,Soybean
Uttar Pradesh,Ballia,Sandy Soil,Whole Year,33.2,94,206.9,Orange,Muskmelon
Uttar Pradesh,Ballia,Red Soil,Whole Year,27.2,47,310.8,Chickpea,Groundnut
Uttar Pradesh,Ballia,Laterite Soil,Rabi,30.9,94,26.9,Watermelon,Tea
Uttar Pradesh,Ballia,Black Soil,Whole Year,39.4,95,153.7,Pomegranate,Jowar
Uttar Pradesh,Ballia,Sandy Soil,Kharif,23.2,81,134.4,Mungbean,Groundnut
Uttar Pradesh,Ballia,Black Soil,Zaid,28.3,82,267.7,Mango,Cotton
Uttar Pradesh,Ballia,Alluvial Soil,Whole Year,18.2,59,267.2,Banana,Rice
Uttar Pradesh,Ballia,Loamy Soil,Zaid,34.3,47,224.7,Papaya,Maize
Uttar Pradesh,Ballia,Black Soil,Whole Year,33.8,57,333.7,Rice,Jowar
Uttar Pradesh,Ballia,Alluvial Soil,Whole Year,31.3,43,322.0,Blackgram,Maize
Uttar Pradesh,Ballia,Sandy Soil,Kharif,32.9,40,179.5,Rice,Muskmelon
Uttar Pradesh,Ballia,Loamy Soil,Rabi,36.4,46,112.5,Coffee,Sugarcane
Uttar Pradesh,Ballia,Sandy Soil,Whole Year,25.5,74,26.4,Coconut,Muskmelon
Uttar Pradesh,Ballia,Red Soil,Whole Year,23.1,92,109.0,Watermelon,Pulses
Uttar Pradesh,Ballia,Laterite Soil,Rabi,21.5,51,210.2,Watermelon,Coffee
Uttar Pradesh,Ballia,Loamy Soil,Kharif,25.7,43,87.9,Jute,Maize
Uttar Pradesh,Balrampur,Red Soil,Whole Year,18.0,88,304.5,Pigeonpeas,Millets
Uttar Pradesh,Balrampur,Loamy Soil,Rabi,21.0,53,111.4,Cotton,Rice
Uttar Pradesh,Balrampur,Black Soil,Zaid,35.2,63,148.9,Muskmelon,Cotton
Uttar Pradesh,Balrampur,Alluvial Soil,Zaid,35.3,59,315.9,Coffee,Wheat
Uttar Pradesh,Balrampur,Red Soil,Zaid,38.6,81,147.8,Orange,Pulses
Uttar Pradesh,Balrampur,Loamy Soil,Whole Year,21.5,78,148.5,Coconut,Rice
Uttar Pradesh,Balrampur,Loamy Soil,Whole Year,35.6,65,146.9,Kidneybeans,Maize
Uttar Pradesh,Balrampur,Alluvial Soil,Rabi,34.2,43,154.1,Jute,Wheat
Uttar Pradesh,Balrampur,Alluvial Soil,Rabi,25.6,75,22.3,Banana,Maize
Uttar Pradesh,Balrampur,Alluvial Soil,Rabi,38.8,65,331.1,Pigeonpeas,Sugarcane
Uttar Pradesh,Balrampur,Sandy Soil,Zaid,25.9,51,100.6,Banana,Watermelon
Uttar Pradesh,Balrampur,Alluvial Soil,Rabi,28.5,85,299.5,Chickpea,Maize
Uttar Pradesh,Balrampur,Laterite Soil,Rabi,37.5,77,143.9,Coffee,Cashew
Uttar Pradesh,Balrampur,Loamy Soil,Kharif,33.1,93,70.6,Lentil,Rice
Uttar Pradesh,Balrampur,Black Soil,Kharif,34.3,91,193.1,Kidneybeans,Cotton
Uttar Pradesh,Balrampur,Loamy Soil,Zaid,31.6,51,349.7,Orange,Rice
Uttar Pradesh,Balrampur,Black Soil,Kharif,30.3,78,302.2,Lentil,Soybean
Uttar Pradesh,Balrampur,Sandy Soil,Rabi,39.4,78,286.7,Mothbeans,Groundnut
Uttar Pradesh,Balrampur,Black Soil,Rabi,28.3,52,198.3,Cotton,Soybean
Uttar Pradesh,Balrampur,Laterite Soil,Kharif,29.2,86,62.6,Kidneybeans,Tea
Uttar Pradesh,Banda,Black Soil,Rabi,28.8,52,209.4,Apple,Soybean
Uttar Pradesh,Banda,Sandy Soil,Rabi,20.4,79,329.1,Grapes,Watermelon
Uttar Pradesh,Banda,Black Soil,Kharif,40.0,92,203.0,Pomegranate,Soybean
Uttar Pradesh,Banda,Red Soil,Zaid,19.4,82,48.1,Muskmelon,Pulses
Uttar Pradesh,Banda,Alluvial Soil,Whole Year,37.7,49,89.9,Jute,Sugarcane
Uttar Pradesh,Banda,Laterite Soil,Kharif,36.9,45,287.8,Banana,Coffee
Uttar Pradesh,Banda,Black Soil,Whole Year,25.1,65,70.6,Maize,Jowar
Uttar Pradesh,Banda,Alluvial Soil,Rabi,18.1,66,168.0,Maize,Rice
Uttar Pradesh,Banda,Alluvial Soil,Zaid,18.4,41,21.0,Papaya,Maize
Uttar Pradesh,Banda,Alluvial Soil,Rabi,27.3,59,179.7,Blackgram,Wheat
Uttar Pradesh,Banda,Loamy Soil,Kharif,20.5,66,129.3,Orange,Wheat
Uttar Pradesh,Banda,Red Soil,Zaid,34.9,90,22.3,Papaya,Groundnut
Uttar Pradesh,Banda,Laterite Soil,Zaid,36.2,86,111.9,Pigeonpeas,Tea
Uttar Pradesh,Banda,Black Soil,Rabi,26.7,66,126.4,Orange,Cotton
Uttar Pradesh,Banda,Red Soil,Rabi,25.0,91,41.8,Grapes,Pulses
Uttar Pradesh,Banda,Loamy Soil,Whole Year,28.1,64,168.8,Pomegranate,Maize
Uttar Pradesh,Banda,Black Soil,Rabi,20.7,44,39.5,Maize,Jowar
Uttar Pradesh,Banda,Laterite Soil,Rabi,35.2,48,88.1,Banana,Tea
Uttar Pradesh,Banda,Alluvial Soil,Rabi,20.2,91,222.6,Kidneybeans,Wheat
Uttar Pradesh,Banda,Laterite Soil,Kharif,18.1,85,241.1,Kidneybeans,Cashew
Uttar Pradesh,Barabanki,Loamy Soil,Kharif,29.6,76,81.6,Pomegranate,Wheat
Uttar Pradesh,Barabanki,Black Soil,Rabi,34.6,48,253.9,Coffee,Jowar
Uttar Pradesh,Barabanki,Sandy Soil,Zaid,34.2,56,235.4,Banana,Groundnut
Uttar Pradesh,Barabanki,Laterite Soil,Kharif,40.0,81,313.8,Mothbeans,Tea
Uttar Pradesh,Barabanki,Laterite Soil,Kharif,23.1,48,86.0,Chickpea,Coffee
Uttar Pradesh,Barabanki,Laterite Soil,Rabi,37.0,70,301.7,Coffee,Cashew
Uttar Pradesh,Barabanki,Red Soil,Rabi,31.3,63,198.3,Mothbeans,Millets
Uttar Pradesh,Barabanki,Loamy Soil,Kharif,26.3,84,227.2,Kidneybeans,Sugarcane
Uttar Pradesh,Barabanki,Red Soil,Zaid,33.9,62,78.1,Jute,Groundnut
Uttar Pradesh,Barabanki,Red Soil,Whole Year,20.3,85,319.4,Watermelon,Pulses
Uttar Pradesh,Barabanki,Loamy Soil,Whole Year,18.0,68,228.6,Maize,Wheat
Uttar Pradesh,Barabanki,Black Soil,Rabi,18.0,66,139.8,Grapes,Cotton
Uttar Pradesh,Barabanki,Alluvial Soil,Kharif,38.5,78,168.0,Rice,Sugarcane
Uttar Pradesh,Barabanki,Sandy Soil,Zaid,39.3,71,94.8,Pigeonpeas,Muskmelon
Uttar Pradesh,Barabanki,Black Soil,Rabi,19.7,95,269.6,Pomegranate,Cotton
Uttar Pradesh,Barabanki,Sandy Soil,Rabi,24.9,94,173.5,Chickpea,Watermelon
Uttar Pradesh,Barabanki,Black Soil,Zaid,38.1,40,327.3,Pomegranate,Jowar
Uttar Pradesh,Barabanki,Alluvial Soil,Kharif,33.6,43,156.6,Apple,Maize
Uttar Pradesh,Barabanki,Sandy Soil,Whole Year,27.4,42,288.2,Chickpea,Muskmelon
Uttar Pradesh,Barabanki,Red Soil,Rabi,34.5,43,54.3,Jute,Groundnut
Uttar Pradesh,Bareilly,Laterite Soil,Kharif,20.4,93,129.1,Mothbeans,Tea
Uttar Pradesh,Bareilly,Alluvial Soil,Zaid,30.0,41,106.6,Pomegranate,Maize
Uttar Pradesh,Bareilly,Laterite Soil,Kharif,36.6,79,124.1,Jute,Tea
Uttar Pradesh,Bareilly,Laterite Soil,Kharif,38.0,83,219.9,Chickpea,Cashew
Uttar Pradesh,Bareilly,Black Soil,Kharif,23.8,60,201.8,Mango,Cotton
Uttar Pradesh,Bareilly,Alluvial Soil,Kharif,25.3,40,124.8,Pomegranate,Maize
Uttar Pradesh,Bareilly,Laterite Soil,Kharif,37.1,73,177.9,Chickpea,Cashew
Uttar Pradesh,Bareilly,Alluvial Soil,Whole Year,20.5,48,23.9,Chickpea,Wheat
Uttar Pradesh,Bareilly,Laterite Soil,Rabi,35.2,71,347.9,Pigeonpeas,Cashew
Uttar Pradesh,Bareilly,Alluvial Soil,Rabi,29.5,92,286.2,Watermelon,Wheat
Uttar Pradesh,Bareilly,Laterite Soil,Kharif,23.1,45,20.4,Blackgram,Tea
Uttar Pradesh,Bareilly,Loamy Soil,Whole Year,27.5,82,95.4,Apple,Wheat
Uttar Pradesh,Bareilly,Red Soil,Zaid,33.8,42,168.0,Rice,Millets
Uttar Pradesh,Bareilly,Red Soil,Whole Year,19.8,63,331.6,Banana,Millets
Uttar Pradesh,Bareilly,Alluvial Soil,Zaid,27.5,89,36.2,Mango,Maize
Uttar Pradesh,Bareilly,Sandy Soil,Kharif,35.0,50,218.8,Mango,Muskmelon
Uttar Pradesh,Bareilly,Red Soil,Whole Year,18.8,63,166.2,Lentil,Millets
Uttar Pradesh,Bareilly,Laterite Soil,Rabi,31.0,47,332.8,Rice,Tea
Uttar Pradesh,Bareilly,Sandy Soil,Whole Year,40.0,50,234.5,Maize,Muskmelon
Uttar Pradesh,Bareilly,Alluvial Soil,Zaid,37.3,59,347.4,Coffee,Sugarcane
Uttar Pradesh,Basti,Loamy Soil,Zaid,25.7,61,236.9,Lentil,Sugarcane
Uttar Pradesh,Basti,Black Soil,Rabi,21.7,40,118.5,Kidneybeans,Cotton
Uttar Pradesh,Basti,Laterite Soil,Rabi,22.5,79,109.1,Cotton,Tea
Uttar Pradesh,Basti,Laterite Soil,Kharif,32.1,46,202.1,Mungbean,Coffee
Uttar Pradesh,Basti,Black Soil,Zaid,32.8,60,244.3,Rice,Jowar
Uttar Pradesh,Basti,Red Soil,Rabi,22.0,41,278.6,Mothbeans,Pulses
Uttar Pradesh,Basti,Sandy Soil,Whole Year,19.3,84,197.5,Jute,Muskmelon
Uttar Pradesh,Basti,Alluvial Soil,Rabi,36.4,67,110.4,Blackgram,Sugarcane
Uttar Pradesh,Basti,Loamy Soil,Kharif,32.1,90,96.3,Pomegranate,Rice
Uttar Pradesh,Basti,Black Soil,Rabi,28.2,82,76.6,Chickpea,Cotton
Uttar Pradesh,Basti,Sandy Soil,Zaid,23.2,40,101.4,Mungbean,Watermelon
Uttar Pradesh,Basti,Laterite Soil,Kharif,40.0,65,52.0,Chickpea,Coffee
Uttar Pradesh,Basti,Red Soil,Zaid,19.4,61,110.0,Kidneybeans,Millets
Uttar Pradesh,Basti,Black Soil,Kharif,31.5,65,127.5,Mothbeans,Cotton
Uttar Pradesh,Basti,Loamy Soil,Whole Year,30.5,80,248.6,Coconut,Sugarcane
Uttar Pradesh,Basti,Laterite Soil,Kharif,32.5,42,194.3,Jute,Coffee
Uttar Pradesh,Basti,Red Soil,Zaid,37.0,81,306.2,Jute,Millets
Uttar Pradesh,Basti,Alluvial Soil,Rabi,19.7,94,193.3,Chickpea,Rice
Uttar Pradesh,Basti,Black Soil,Zaid,33.5,89,245.0,Muskmelon,Soybean
Uttar Pradesh,Basti,Laterite Soil,Rabi,32.4,85,299.1,Watermelon,Coffee
Uttar Pradesh,Bhadohi,Loamy Soil,Zaid,31.6,93,171.1,Kidneybeans,Wheat
Uttar Pradesh,Bhadohi,Laterite Soil,Kharif,27.0,55,146.1,Orange,Cashew
Uttar Pradesh,Bhadohi,Sandy Soil,Rabi,34.8,72,298.4,Orange,Watermelon
Uttar Pradesh,Bhadohi,Sandy Soil,Zaid,36.4,73,139.4,Lentil,Muskmelon
Uttar Pradesh,Bhadohi,Red Soil,Zaid,32.5,62,251.5,Cotton,Pulses
Uttar Pradesh,Bhadohi,Red Soil,Rabi,23.2,70,163.6,Muskmelon,Pulses
Uttar Pradesh,Bhadohi,Alluvial Soil,Rabi,20.6,40,302.1,Kidneybeans,Wheat
Uttar Pradesh,Bhadohi,Black Soil,Zaid,36.6,56,90.4,Mothbeans,Soybean
Uttar Pradesh,Bhadohi,Black Soil,Zaid,36.9,53,130.5,Mothbeans,Soybean
Uttar Pradesh,Bhadohi,Red Soil,Zaid,19.9,40,22.7,Orange,Pulses
Uttar Pradesh,Bhadohi,Sandy Soil,Rabi,34.7,78,170.2,Mango,Muskmelon
Uttar Pradesh,Bhadohi,Loamy Soil,Rabi,39.8,85,72.6,Grapes,Wheat
Uttar Pradesh,Bhadohi,Alluvial Soil,Kharif,30.0,94,131.3,Banana,Wheat
Uttar Pradesh,Bhadohi,Sandy Soil,Zaid,34.7,83,114.9,Mungbean,Groundnut
Uttar Pradesh,Bhadohi,Sandy Soil,Kharif,37.1,55,177.1,Mango,Groundnut
Uttar Pradesh,Bhadohi,Laterite Soil,Rabi,20.3,94,83.6,Maize,Cashew
Uttar Pradesh,Bhadohi,Red Soil,Whole Year,31.1,70,63.1,Mothbeans,Millets
Uttar Pradesh,Bhadohi,Loamy Soil,Whole Year,37.7,62,349.1,Pigeonpeas,Sugarcane
Uttar Pradesh,Bhadohi,Laterite Soil,Kharif,39.4,76,162.7,Watermelon,Coffee
Uttar Pradesh,Bhadohi,Black Soil,Whole Year,26.1,56,43.3,Maize,Jowar
Uttar Pradesh,Bijnor,Alluvial Soil,Kharif,26.9,41,29.1,Lentil,Wheat
Uttar Pradesh,Bijnor,Laterite Soil,Zaid,26.6,55,246.1,Papaya,Tea
Uttar Pradesh,Bijnor,Sandy Soil,Kharif,26.3,82,234.7,Cotton,Groundnut
Uttar Pradesh,Bijnor,Loamy Soil,Whole Year,28.2,58,122.1,Kidneybeans,Maize
Uttar Pradesh,Bijnor,Alluvial Soil,Zaid,18.2,50,205.8,Mango,Maize
Uttar Pradesh,Bijnor,Black Soil,Zaid,29.8,77,124.5,Rice,Jowar
Uttar Pradesh,Bijnor,Red Soil,Kharif,23.6,44,325.3,Pomegranate,Groundnut
Uttar Pradesh,Bijnor,Loamy Soil,Whole Year,25.7,86,279.2,Maize,Maize
Uttar Pradesh,Bijnor,Alluvial Soil,Rabi,24.8,64,33.2,Lentil,Wheat
Uttar Pradesh,Bijnor,Laterite Soil,Kharif,18.4,77,174.8,Mothbeans,Cashew
Uttar Pradesh,Bijnor,Loamy Soil,Zaid,25.9,75,265.4,Coconut,Rice
Uttar Pradesh,Bijnor,Laterite Soil,Kharif,38.2,42,279.6,Mungbean,Cashew
Uttar Pradesh,Bijnor,Red Soil,Rabi,34.5,53,333.9,Papaya,Groundnut
Uttar Pradesh,Bijnor,Loamy Soil,Zaid,25.2,75,67.2,Apple,Maize
Uttar Pradesh,Bijnor,Laterite Soil,Kharif,30.9,72,90.7,Grapes,Tea
Uttar Pradesh,Bijnor,Black Soil,Zaid,22.9,60,55.0,Papaya,Cotton
Uttar Pradesh,Bijnor,Laterite Soil,Rabi,22.8,71,103.5,Orange,Tea
Uttar Pradesh,Bijnor,Black Soil,Whole Year,34.7,50,307.9,Cotton,Cotton
Uttar Pradesh,Bijnor,Alluvial Soil,Whole Year,39.4,73,220.3,Papaya,Rice
Uttar Pradesh,Bijnor,Alluvial Soil,Kharif,26.2,50,183.6,Chickpea,Rice
Uttar Pradesh,Bulandshahr,Sandy Soil,Whole Year,35.7,42,208.1,Chickpea,Muskmelon
Uttar Pradesh,Bulandshahr,Red Soil,Zaid,18.1,80,72.5,Pomegranate,Groundnut
Uttar Pradesh,Bulandshahr,Sandy Soil,Zaid,33.2,87,272.6,Jute,Muskmelon
Uttar Pradesh,Bulandshahr,Sandy Soil,Zaid,36.5,54,182.3,Pigeonpeas,Watermelon
Uttar Pradesh,Bulandshahr,Red Soil,Kharif,36.3,88,192.4,Blackgram,Pulses
Uttar Pradesh,Bulandshahr,Black Soil,Kharif,36.4,58,303.9,Banana,Soybean
Uttar Pradesh,Bulandshahr,Loamy Soil,Whole Year,22.9,40,279.1,Watermelon,Wheat
Uttar Pradesh,Bulandshahr,Alluvial Soil,Kharif,33.8,69,34.6,Lentil,Wheat
Uttar Pradesh,Bulandshahr,Sandy Soil,Zaid,26.1,73,68.6,Pigeonpeas,Groundnut
Uttar Pradesh,Bulandshahr,Laterite Soil,Whole Year,29.3,52,51.9,Coffee,Tea
Uttar Pradesh,Bulandshahr,Laterite Soil,Rabi,19.7,69,45.6,Jute,Cashew
Uttar Pradesh,Bulandshahr,Red Soil,Kharif,31.9,49,316.4,Banana,Millets
Uttar Pradesh,Bulandshahr,Black Soil,Rabi,25.9,76,55.3,Muskmelon,Cotton
Uttar Pradesh,Bulandshahr,Black Soil,Whole Year,28.0,61,286.1,Watermelon,Soybean
Uttar Pradesh,Bulandshahr,Sandy Soil,Kharif,40.0,54,333.2,Banana,Watermelon
Uttar Pradesh,Bulandshahr,Red Soil,Rabi,19.7,62,234.5,Pigeonpeas,Groundnut
Uttar Pradesh,Bulandshahr,Laterite Soil,Kharif,37.1,83,289.9,Apple,Cashew
Uttar Pradesh,Bulandshahr,Alluvial Soil,Whole Year,22.1,60,233.4,Watermelon,Sugarcane
Uttar Pradesh,Bulandshahr,Loamy Soil,Whole Year,18.7,60,319.5,Mothbeans,Sugarcane
Uttar Pradesh,Bulandshahr,Red Soil,Rabi,25.6,67,151.4,Grapes,Pulses
Uttar Pradesh,Chandauli,Sandy Soil,Kharif,26.0,48,278.4,Mungbean,Groundnut
Uttar Pradesh,Chandauli,Red Soil,Whole Year,38.3,43,75.9,Rice,Groundnut
Uttar Pradesh,Chandauli,Red Soil,Zaid,24.5,85,59.5,Banana,Millets
Uttar Pradesh,Chandauli,Loamy Soil,Whole Year,28.9,61,248.8,Orange,Sugarcane
Uttar Pradesh,Chandauli,Alluvial Soil,Zaid,31.7,73,151.8,Kidneybeans,Sugarcane
Uttar Pradesh,Chandauli,Laterite Soil,Zaid,27.5,74,317.5,Coconut,Coffee
Uttar Pradesh,Chandauli,Red Soil,Kharif,18.9,95,241.0,Chickpea,Millets
Uttar Pradesh,Chandauli,Black Soil,Whole Year,39.7,57,241.8,Cotton,Jowar
Uttar Pradesh,Chandauli,Black Soil,Kharif,21.5,85,275.3,Rice,Jowar
Uttar Pradesh,Chandauli,Black Soil,Kharif,22.8,58,91.4,Lentil,Cotton
Uttar Pradesh,Chandauli,Sandy Soil,Whole Year,25.7,79,159.1,Chickpea,Watermelon
Uttar Pradesh,Chandauli,Loamy Soil,Kharif,22.2,51,125.6,Chickpea,Sugarcane
Uttar Pradesh,Chandauli,Alluvial Soil,Kharif,30.9,63,211.0,Orange,Sugarcane
Uttar Pradesh,Chandauli,Loamy Soil,Whole Year,39.6,57,109.0,Papaya,Rice
Uttar Pradesh,Chandauli,Black Soil,Kharif,25.3,69,260.8,Maize,Jowar
Uttar Pradesh,Chandauli,Alluvial Soil,Zaid,25.6,62,348.3,Apple,Maize
Uttar Pradesh,Chandauli,Laterite Soil,Rabi,22.0,54,212.8,Lentil,Tea
Uttar Pradesh,Chandauli,Black Soil,Zaid,28.4,86,348.9,Lentil,Cotton
Uttar Pradesh,Chandauli,Loamy Soil,Zaid,35.8,81,132.7,Apple,Rice
Uttar Pradesh,Chandauli,Sandy Soil,Kharif,37.5,56,259.1,Blackgram,Groundnut
Uttar Pradesh,Chitrakoot,Laterite Soil,Whole Year,29.8,73,151.9,Orange,Coffee
Uttar Pradesh,Chitrakoot,Loamy Soil,Zaid,28.6,72,100.3,Maize,Wheat
Uttar Pradesh,Chitrakoot,Sandy Soil,Kharif,19.5,95,275.0,Rice,Groundnut
Uttar Pradesh,Chitrakoot,Loamy Soil,Rabi,23.4,63,50.7,Chickpea,Wheat
Uttar Pradesh,Chitrakoot,Red Soil,Whole Year,32.3,71,82.3,Pomegranate,Pulses
Uttar Pradesh,Chitrakoot,Laterite Soil,Zaid,32.7,86,309.4,Cotton,Tea
Uttar Pradesh,Chitrakoot,Black Soil,Kharif,28.7,68,209.7,Pomegranate,Jowar
Uttar Pradesh,Chitrakoot,Laterite Soil,Zaid,18.2,46,302.8,Chickpea,Coffee
Uttar Pradesh,Chitrakoot,Loamy Soil,Rabi,35.2,92,291.2,Coffee,Sugarcane
Uttar Pradesh,Chitrakoot,Red Soil,Rabi,18.6,70,321.5,Maize,Millets
Uttar Pradesh,Chitrakoot,Loamy Soil,Rabi,29.9,75,44.0,Blackgram,Rice
Uttar Pradesh,Chitrakoot,Red Soil,Kharif,38.7,51,279.9,Mungbean,Groundnut
Uttar Pradesh,Chitrakoot,Loamy Soil,Rabi,40.0,61,212.4,Mungbean,Rice
Uttar Pradesh,Chitrakoot,Black Soil,Zaid,21.6,79,191.2,Maize,Soybean
Uttar Pradesh,Chitrakoot,Red Soil,Rabi,31.9,93,274.2,Coconut,Groundnut
Uttar Pradesh,Chitrakoot,Loamy Soil,Whole Year,22.0,93,198.5,Muskmelon,Sugarcane
Uttar Pradesh,Chitrakoot,Loamy Soil,Rabi,18.7,90,38.8,Grapes,Rice
Uttar Pradesh,Chitrakoot,Black Soil,Rabi,20.3,92,116.6,Orange,Cotton
Uttar Pradesh,Chitrakoot,Red Soil,Whole Year,21.5,54,129.6,Pigeonpeas,Millets
Uttar Pradesh,Chitrakoot,Loamy Soil,Rabi,25.6,94,150.9,Pigeonpeas,Sugarcane
Uttar Pradesh,Deoria,Sandy Soil,Kharif,27.7,57,308.6,Mungbean,Groundnut
Uttar Pradesh,Deoria,Laterite Soil,Rabi,38.8,47,234.0,Coffee,Tea
Uttar Pradesh,Deoria,Loamy Soil,Rabi,22.8,51,285.8,Banana,Maize
Uttar Pradesh,Deoria,Black Soil,Zaid,37.3,54,296.0,Apple,Soybean
Uttar Pradesh,Deoria,Sandy Soil,Zaid,38.2,43,238.9,Mango,Watermelon
Uttar Pradesh,Deoria,Alluvial Soil,Kharif,27.3,62,287.8,Orange,Wheat
Uttar Pradesh,Deoria,Loamy Soil,Kharif,29.1,55,282.5,Cotton,Rice
Uttar Pradesh,Deoria,Loamy Soil,Kharif,27.6,88,305.3,Jute,Rice
Uttar Pradesh,Deoria,Loamy Soil,Rabi,25.1,94,120.9,Mango,Rice
Uttar Pradesh,Deoria,Red Soil,Kharif,19.5,78,298.4,Watermelon,Pulses
Uttar Pradesh,Deoria,Black Soil,Rabi,27.6,42,206.0,Coconut,Cotton
Uttar Pradesh,Deoria,Loamy Soil,Kharif,30.5,42,232.5,Chickpea,Sugarcane
Uttar Pradesh,Deoria,Alluvial Soil,Kharif,23.3,49,289.7,Grapes,Rice
Uttar Pradesh,Deoria,Red Soil,Zaid,18.5,67,47.4,Banana,Groundnut
Uttar Pradesh,Deoria,Laterite Soil,Rabi,34.8,58,119.2,Coconut,Tea
Uttar Pradesh,Deoria,Sandy Soil,Rabi,28.7,40,92.9,Lentil,Groundnut
Uttar Pradesh,Deoria,Alluvial Soil,Whole Year,38.8,75,288.5,Watermelon,Sugarcane
Uttar Pradesh,Deoria,Red Soil,Zaid,30.7,49,195.4,Chickpea,Pulses
Uttar Pradesh,Deoria,Sandy Soil,Zaid,21.1,58,201.4,Maize,Watermelon
Uttar Pradesh,Deoria,Laterite Soil,Whole Year,38.0,91,152.7,Banana,Cashew
Uttar Pradesh,Etah,Loamy Soil,Whole Year,36.7,42,331.4,Apple,Rice
Uttar Pradesh,Etah,Red Soil,Kharif,22.7,79,275.0,Banana,Millets
Uttar Pradesh,Etah,Laterite Soil,Whole Year,34.7,79,135.6,Kidneybeans,Cashew
Uttar Pradesh,Etah,Laterite Soil,Zaid,20.0,80,59.4,Maize,Coffee
Uttar Pradesh,Etah,Alluvial Soil,Whole Year,24.5,88,127.8,Pomegranate,Wheat
Uttar Pradesh,Etah,Black Soil,Kharif,24.7,73,31.2,Jute,Soybean
Uttar Pradesh,Etah,Red Soil,Rabi,31.6,77,292.7,Blackgram,Pulses
Uttar Pradesh,Etah,Black Soil,Zaid,29.0,86,195.2,Kidneybeans,Soybean
Uttar Pradesh,Etah,Alluvial Soil,Whole Year,33.4,62,41.5,Grapes,Wheat
Uttar Pradesh,Etah,Black Soil,Whole Year,23.4,88,281.1,Jute,Soybean
Uttar Pradesh,Etah,Alluvial Soil,Zaid,24.8,54,50.5,Grapes,Sugarcane
Uttar Pradesh,Etah,Laterite Soil,Whole Year,29.1,56,56.0,Lentil,Tea
Uttar Pradesh,Etah,Laterite Soil,Rabi,21.9,79,191.9,Pomegranate,Coffee
Uttar Pradesh,Etah,Laterite Soil,Kharif,31.2,78,151.2,Mungbean,Coffee
Uttar Pradesh,Etah,Laterite Soil,Zaid,27.5,81,321.7,Grapes,Tea
Uttar Pradesh,Etah,Sandy Soil,Rabi,27.1,41,189.0,Papaya,Watermelon
Uttar Pradesh,Etah,Black Soil,Zaid,24.9,47,244.3,Watermelon,Soybean
Uttar Pradesh,Etah,Alluvial Soil,Zaid,22.8,78,268.2,Kidneybeans,Wheat
Uttar Pradesh,Etah,Black Soil,Whole Year,33.1,56,250.7,Coffee,Jowar
Uttar Pradesh,Etah,Red Soil,Rabi,19.5,58,51.2,Cotton,Groundnut
Uttar Pradesh,Etawah,Laterite Soil,Kharif,21.4,70,230.4,Papaya,Coffee
Uttar Pradesh,Etawah,Red Soil,Zaid,30.2,94,116.1,Cotton,Millets
Uttar Pradesh,Etawah,Red Soil,Kharif,22.7,86,127.1,Banana,Millets
Uttar Pradesh,Etawah,Loamy Soil,Kharif,23.2,45,201.3,Rice,Wheat
Uttar Pradesh,Etawah,Red Soil,Kharif,23.9,54,326.9,Mungbean,Groundnut
Uttar Pradesh,Etawah,Sandy Soil,Rabi,36.7,80,145.6,Pigeonpeas,Muskmelon
Uttar Pradesh,Etawah,Sandy Soil,Kharif,32.7,82,67.8,Mango,Muskmelon
Uttar Pradesh,Etawah,Red Soil,Kharif,39.2,58,104.5,Muskmelon,Groundnut
Uttar Pradesh,Etawah,Sandy Soil,Zaid,39.5,61,123.0,Mothbeans,Groundnut
Uttar Pradesh,Etawah,Sandy Soil,Kharif,25.9,78,312.2,Rice,Watermelon
Uttar Pradesh,Etawah,Sandy Soil,Rabi,20.9,73,164.3,Blackgram,Groundnut
Uttar Pradesh,Etawah,Sandy Soil,Rabi,39.4,47,269.3,Orange,Muskmelon
Uttar Pradesh,Etawah,Loamy Soil,Zaid,29.4,55,34.8,Banana,Wheat
Uttar Pradesh,Etawah,Black Soil,Kharif,26.9,73,311.5,Apple,Jowar
Uttar Pradesh,Etawah,Red Soil,Kharif,31.0,74,88.0,Papaya,Pulses
Uttar Pradesh,Etawah,Alluvial Soil,Zaid,24.4,55,104.2,Grapes,Maize
Uttar Pradesh,Etawah,Black Soil,Zaid,36.9,70,183.2,Coffee,Jowar
Uttar Pradesh,Etawah,Laterite Soil,Whole Year,32.1,78,255.7,Pomegranate,Coffee
Uttar Pradesh,Etawah,Loamy Soil,Zaid,22.0,76,182.2,Pomegranate,Rice
Uttar Pradesh,Etawah,Red Soil,Whole Year,25.7,79,92.3,Blackgram,Millets
Uttar Pradesh,Farrukhabad,Laterite Soil,Whole Year,34.3,40,157.5,Muskmelon,Cashew
Uttar Pradesh,Farrukhabad,Black Soil,Kharif,27.0,66,252.9,Lentil,Soybean
Uttar Pradesh,Farrukhabad,Black Soil,Rabi,21.1,84,230.0,Coffee,Soybean
Uttar Pradesh,Farrukhabad,Black Soil,Zaid,29.7,89,26.9,Mango,Jowar
Uttar Pradesh,Farrukhabad,Black Soil,Whole Year,25.6,45,265.5,Papaya,Soybean
Uttar Pradesh,Farrukhabad,Black Soil,Whole Year,29.6,64,180.1,Cotton,Cotton
Uttar Pradesh,Farrukhabad,Laterite Soil,Zaid,37.1,70,297.0,Watermelon,Tea
Uttar Pradesh,Farrukhabad,Loamy Soil,Kharif,18.2,84,153.3,Jute,Wheat
Uttar Pradesh,Farrukhabad,Black Soil,Whole Year,33.9,77,163.0,Cotton,Cotton
Uttar Pradesh,Farrukhabad,Alluvial Soil,Zaid,30.9,75,342.2,Kidneybeans,Wheat
Uttar Pradesh,Farrukhabad,Black Soil,Zaid,38.5,79,182.6,Watermelon,Soybean
Uttar Pradesh,Farrukhabad,Red Soil,Rabi,21.7,54,237.1,Mothbeans,Pulses
Uttar Pradesh,Farrukhabad,Black Soil,Zaid,24.1,92,213.6,Jute,Soybean
Uttar Pradesh,Farrukhabad,Sandy Soil,Zaid,37.8,84,86.5,Papaya,Groundnut
Uttar Pradesh,Farrukhabad,Sandy Soil,Kharif,24.5,57,314.3,Apple,Watermelon
Uttar Pradesh,Farrukhabad,Alluvial Soil,Rabi,32.6,50,205.7,Maize,Rice
Uttar Pradesh,Farrukhabad,Sandy Soil,Rabi,23.8,58,54.7,Grapes,Watermelon
Uttar Pradesh,Farrukhabad,Loamy Soil,Whole Year,39.9,60,313.5,Cotton,Wheat
Uttar Pradesh,Farrukhabad,Black Soil,Rabi,26.2,56,29.6,Jute,Soybean
Uttar Pradesh,Farrukhabad,Loamy Soil,Zaid,20.3,54,256.1,Maize,Sugarcane
Uttar Pradesh,Fatehpur,Black Soil,Whole Year,30.3,63,296.1,Mango,Soybean
Uttar Pradesh,Fatehpur,Sandy Soil,Kharif,22.0,62,330.1,Blackgram,Watermelon
Uttar Pradesh,Fatehpur,Black Soil,Rabi,38.9,79,102.9,Mothbeans,Jowar
Uttar Pradesh,Fatehpur,Alluvial Soil,Whole Year,39.2,59,180.2,Orange,Wheat
Uttar Pradesh,Fatehpur,Black Soil,Rabi,27.4,40,318.5,Cotton,Cotton
Uttar Pradesh,Fatehpur,Alluvial Soil,Whole Year,18.3,85,303.7,Lentil,Rice
Uttar Pradesh,Fatehpur,Loamy Soil,Rabi,21.9,89,241.5,Mungbean,Maize
Uttar Pradesh,Fatehpur,Black Soil,Rabi,37.7,86,315.6,Lentil,Soybean
Uttar Pradesh,Fatehpur,Black Soil,Rabi,22.4,50,122.5,Lentil,Cotton
Uttar Pradesh,Fatehpur,Alluvial Soil,Kharif,21.2,72,258.7,Pigeonpeas,Sugarcane
Uttar Pradesh,Fatehpur,Laterite Soil,Kharif,34.7,67,49.9,Banana,Coffee
Uttar Pradesh,Fatehpur,Sandy Soil,Zaid,28.9,58,236.9,Mungbean,Watermelon
Uttar Pradesh,Fatehpur,Alluvial Soil,Zaid,23.4,76,285.9,Coconut,Sugarcane
Uttar Pradesh,Fatehpur,Loamy Soil,Whole Year,33.7,86,169.4,Grapes,Rice
Uttar Pradesh,Fatehpur,Sandy Soil,Whole Year,30.0,59,74.7,Grapes,Muskmelon
Uttar Pradesh,Fatehpur,Red Soil,Rabi,20.6,74,267.5,Maize,Groundnut
Uttar Pradesh,Fatehpur,Laterite Soil,Rabi,38.1,69,44.2,Coconut,Tea
Uttar Pradesh,Fatehpur,Black Soil,Kharif,27.4,81,250.8,Blackgram,Soybean
Uttar Pradesh,Fatehpur,Loamy Soil,Whole Year,27.5,72,195.6,Mango,Rice
Uttar Pradesh,Fatehpur,Sandy Soil,Zaid,18.2,71,254.6,Maize,Groundnut
Uttar Pradesh,Firozabad,Loamy Soil,Whole Year,28.0,64,203.3,Coconut,Wheat
Uttar Pradesh,Firozabad,Sandy Soil,Kharif,30.0,54,35.4,Chickpea,Watermelon
Uttar Pradesh,Firozabad,Red Soil,Kharif,19.8,71,51.5,Mungbean,Millets
Uttar Pradesh,Firozabad,Red Soil,Kharif,37.8,69,232.8,Rice,Millets
Uttar Pradesh,Firozabad,Loamy Soil,Kharif,30.9,55,183.1,Orange,Rice
Uttar Pradesh,Firozabad,Red Soil,Whole Year,22.4,73,118.5,Pomegranate,Millets
Uttar Pradesh,Firozabad,Red Soil,Rabi,23.6,43,134.4,Mungbean,Pulses
Uttar Pradesh,Firozabad,Black Soil,Zaid,21.8,41,130.6,Orange,Soybean
Uttar Pradesh,Firozabad,Alluvial Soil,Zaid,29.1,56,237.2,Kidneybeans,Sugarcane
Uttar Pradesh,Firozabad,Loamy Soil,Whole Year,19.8,73,187.9,Mango,Maize
Uttar Pradesh,Firozabad,Red Soil,Kharif,35.1,65,345.6,Muskmelon,Groundnut
Uttar Pradesh,Firozabad,Loamy Soil,Zaid,33.1,88,288.5,Watermelon,Wheat
Uttar Pradesh,Firozabad,Laterite Soil,Whole Year,21.0,95,321.5,Pigeonpeas,Cashew
Uttar Pradesh,Firozabad,Laterite Soil,Kharif,18.8,47,162.0,Blackgram,Cashew
Uttar Pradesh,Firozabad,Alluvial Soil,Kharif,22.0,90,271.0,Lentil,Maize
Uttar Pradesh,Firozabad,Red Soil,Zaid,22.9,45,127.8,Rice,Pulses
Uttar Pradesh,Firozabad,Alluvial Soil,Whole Year,19.5,58,325.9,Grapes,Sugarcane
Uttar Pradesh,Firozabad,Alluvial Soil,Kharif,23.7,53,104.4,Orange,Sugarcane
Uttar Pradesh,Firozabad,Red Soil,Whole Year,39.6,74,330.0,Orange,Pulses
Uttar Pradesh,Firozabad,Black Soil,Zaid,20.4,83,86.7,Orange,Jowar
Uttar Pradesh,Gautam Buddha Nagar,Sandy Soil,Whole Year,34.3,88,79.0,Pigeonpeas,Muskmelon
Uttar Pradesh,Gautam Buddha Nagar,Sandy Soil,Whole Year,23.7,46,271.5,Orange,Watermelon
Uttar Pradesh,Gautam Buddha Nagar,Sandy Soil,Rabi,36.6,78,236.6,Kidneybeans,Watermelon
Uttar Pradesh,Gautam Buddha Nagar,Red Soil,Zaid,24.6,64,250.5,Lentil,Millets
Uttar Pradesh,Gautam Buddha Nagar,Red Soil,Zaid,29.5,71,23.9,Apple,Millets
Uttar Pradesh,Gautam Buddha Nagar,Sandy Soil,Kharif,32.1,85,241.6,Apple,Watermelon
Uttar Pradesh,Gautam Buddha Nagar,Sandy Soil,Zaid,26.4,79,80.6,Mango,Groundnut
Uttar Pradesh,Gautam Buddha Nagar,Black Soil,Rabi,34.2,67,196.0,Jute,Jowar
Uttar Pradesh,Gautam Buddha Nagar,Alluvial Soil,Zaid,23.2,47,149.5,Muskmelon,Rice
Uttar Pradesh,Gautam Buddha Nagar,Black Soil,Rabi,39.0,84,43.3,Grapes,Jowar
Uttar Pradesh,Gautam Buddha Nagar,Laterite Soil,Rabi,32.9,85,202.8,Coffee,Tea
Uttar Pradesh,Gautam Buddha Nagar,Loamy Soil,Whole Year,36.4,83,203.9,Orange,Sugarcane
Uttar Pradesh,Gautam Buddha Nagar,Sandy Soil,Kharif,21.6,84,44.2,Jute,Watermelon
Uttar Pradesh,Gautam Buddha Nagar,Sandy Soil,Kharif,28.2,49,163.9,Banana,Groundnut
Uttar Pradesh,Gautam Buddha Nagar,Laterite Soil,Kharif,31.0,65,181.2,Orange,Tea
Uttar Pradesh,Gautam Buddha Nagar,Laterite Soil,Kharif,19.4,71,120.8,Apple,Tea
Uttar Pradesh,Gautam Buddha Nagar,Laterite Soil,Whole Year,19.2,54,208.4,Pigeonpeas,Cashew
Uttar Pradesh,Gautam Buddha Nagar,Loamy Soil,Kharif,26.1,82,40.1,Mungbean,Maize
Uttar Pradesh,Gautam Buddha Nagar,Black Soil,Rabi,31.3,67,98.9,Mungbean,Soybean
Uttar Pradesh,Gautam Buddha Nagar,Black Soil,Whole Year,18.6,84,65.3,Jute,Soybean
Uttar Pradesh,Ghaziabad,Black Soil,Rabi,22.7,88,199.9,Blackgram,Cotton
Uttar Pradesh,Ghaziabad,Black Soil,Kharif,22.2,56,284.5,Mothbeans,Cotton
Uttar Pradesh,Ghaziabad,Alluvial Soil,Rabi,28.7,61,193.3,Cotton,Maize
Uttar Pradesh,Ghaziabad,Red Soil,Whole Year,26.4,83,240.2,Mango,Groundnut
Uttar Pradesh,Ghaziabad,Loamy Soil,Zaid,20.4,86,209.6,Pomegranate,Wheat
Uttar Pradesh,Ghaziabad,Loamy Soil,Zaid,28.0,88,227.8,Mothbeans,Rice
Uttar Pradesh,Ghaziabad,Red Soil,Rabi,33.0,65,164.3,Jute,Millets
Uttar Pradesh,Ghaziabad,Laterite Soil,Zaid,18.9,67,183.5,Papaya,Tea
Uttar Pradesh,Ghaziabad,Black Soil,Kharif,29.8,69,147.3,Coffee,Cotton
Uttar Pradesh,Ghaziabad,Black Soil,Zaid,19.9,71,305.2,Mungbean,Soybean
Uttar Pradesh,Ghaziabad,Red Soil,Zaid,33.3,47,166.0,Coffee,Groundnut
Uttar Pradesh,Ghaziabad,Laterite Soil,Zaid,36.6,84,342.9,Mango,Cashew
Uttar Pradesh,Ghaziabad,Red Soil,Rabi,39.5,89,76.2,Papaya,Pulses
Uttar Pradesh,Ghaziabad,Sandy Soil,Whole Year,18.6,46,142.4,Apple,Watermelon
Uttar Pradesh,Ghaziabad,Sandy Soil,Kharif,25.8,51,338.3,Coconut,Muskmelon
Uttar Pradesh,Ghaziabad,Loamy Soil,Zaid,38.1,51,70.4,Mothbeans,Sugarcane
Uttar Pradesh,Ghaziabad,Sandy Soil,Kharif,28.0,95,327.1,Papaya,Groundnut
Uttar Pradesh,Ghaziabad,Loamy Soil,Zaid,37.8,60,128.4,Banana,Maize
Uttar Pradesh,Ghaziabad,Laterite Soil,Kharif,32.1,76,234.3,Chickpea,Cashew
Uttar Pradesh,Ghaziabad,Laterite Soil,Kharif,27.5,42,140.7,Muskmelon,Coffee
Uttar Pradesh,Ghazipur,Loamy Soil,Whole Year,19.8,73,184.3,Grapes,Sugarcane
Uttar Pradesh,Ghazipur,Red Soil,Kharif,34.3,76,156.0,Mungbean,Groundnut
Uttar Pradesh,Ghazipur,Loamy Soil,Whole Year,35.6,73,297.9,Apple,Sugarcane
Uttar Pradesh,Ghazipur,Red Soil,Rabi,23.4,47,92.7,Jute,Groundnut
Uttar Pradesh,Ghazipur,Laterite Soil,Kharif,33.9,64,207.9,Grapes,Coffee
Uttar Pradesh,Ghazipur,Red Soil,Zaid,28.6,56,182.8,Mango,Groundnut
Uttar Pradesh,Ghazipur,Laterite Soil,Zaid,28.9,56,193.1,Mothbeans,Cashew
Uttar Pradesh,Ghazipur,Red Soil,Rabi,25.8,89,56.0,Maize,Groundnut
Uttar Pradesh,Ghazipur,Sandy Soil,Whole Year,32.5,40,326.8,Coffee,Muskmelon
Uttar Pradesh,Ghazipur,Sandy Soil,Kharif,30.8,62,290.7,Papaya,Muskmelon
Uttar Pradesh,Ghazipur,Laterite Soil,Whole Year,25.4,66,271.5,Cotton,Coffee
Uttar Pradesh,Ghazipur,Alluvial Soil,Rabi,22.7,95,71.1,Muskmelon,Wheat
Uttar Pradesh,Ghazipur,Laterite Soil,Kharif,22.5,51,37.5,Coconut,Tea
Uttar Pradesh,Ghazipur,Laterite Soil,Rabi,23.5,55,147.4,Cotton,Coffee
Uttar Pradesh,Ghazipur,Loamy Soil,Zaid,29.9,85,208.7,Mango,Rice
Uttar Pradesh,Ghazipur,Red Soil,Kharif,21.0,67,120.2,Jute,Millets
Uttar Pradesh,Ghazipur,Sandy Soil,Whole Year,23.6,82,283.5,Mungbean,Watermelon
Uttar Pradesh,Ghazipur,Red Soil,Rabi,24.3,51,265.9,Muskmelon,Groundnut
Uttar Pradesh,Ghazipur,Red Soil,Whole Year,32.1,79,235.0,Papaya,Pulses
Uttar Pradesh,Ghazipur,Black Soil,Kharif,21.1,87,327.2,Maize,Jowar
Uttar Pradesh,Gonda,Black Soil,Kharif,27.5,50,302.3,Grapes,Jowar
Uttar Pradesh,Gonda,Laterite Soil,Kharif,38.7,45,306.5,Kidneybeans,Tea
Uttar Pradesh,Gonda,Sandy Soil,Whole Year,29.1,74,221.2,Papaya,Watermelon
Uttar Pradesh,Gonda,Red Soil,Kharif,35.1,82,253.2,Grapes,Groundnut
Uttar Pradesh,Gonda,Alluvial Soil,Whole Year,35.0,77,207.8,Blackgram,Sugarcane
Uttar Pradesh,Gonda,Red Soil,Rabi,28.0,59,337.1,Orange,Pulses
Uttar Pradesh,Gonda,Loamy Soil,Whole Year,36.1,43,88.8,Coffee,Rice
Uttar Pradesh,Gonda,Sandy Soil,Zaid,31.6,45,68.2,Watermelon,Groundnut
Uttar Pradesh,Gonda,Laterite Soil,Kharif,31.8,93,204.2,Mungbean,Coffee
Uttar Pradesh,Gonda,Sandy Soil,Kharif,24.9,89,338.3,Coffee,Watermelon
Uttar Pradesh,Gonda,Loamy Soil,Whole Year,26.5,41,316.3,Mango,Sugarcane
Uttar Pradesh,Gonda,Laterite Soil,Rabi,32.7,48,306.9,Chickpea,Coffee
Uttar Pradesh,Gonda,Loamy Soil,Kharif,26.4,74,157.1,Banana,Maize
Uttar Pradesh,Gonda,Loamy Soil,Whole Year,21.3,58,262.0,Lentil,Maize
Uttar Pradesh,Gonda,Laterite Soil,Kharif,33.5,67,22.5,Mungbean,Coffee
Uttar Pradesh,Gonda,Black Soil,Kharif,24.4,46,236.3,Muskmelon,Jowar
Uttar Pradesh,Gonda,Loamy Soil,Kharif,21.0,58,152.6,Muskmelon,Wheat
Uttar Pradesh,Gonda,Sandy Soil,Kharif,35.0,75,341.7,Rice,Watermelon
Uttar Pradesh,Gonda,Loamy Soil,Zaid,20.9,44,254.3,Orange,Wheat
Uttar Pradesh,Gonda,Black Soil,Rabi,31.0,45,31.4,Pigeonpeas,Cotton
Uttar Pradesh,Gorakhpur,Black Soil,Whole Year,26.3,79,316.0,Cotton,Jowar
Uttar Pradesh,Gorakhpur,Loamy Soil,Rabi,32.1,69,166.9,Orange,Maize
Uttar Pradesh,Gorakhpur,Black Soil,Zaid,31.1,80,66.6,Pomegranate,Jowar
Uttar Pradesh,Gorakhpur,Alluvial Soil,Whole Year,37.8,89,55.0,Grapes,Sugarcane
Uttar Pradesh,Gorakhpur,Red Soil,Kharif,19.4,79,314.6,Jute,Millets
Uttar Pradesh,Gorakhpur,Laterite Soil,Zaid,24.1,90,261.1,Orange,Cashew
Uttar Pradesh,Gorakhpur,Black Soil,Whole Year,35.0,54,254.8,Coconut,Jowar
Uttar Pradesh,Gorakhpur,Sandy Soil,Zaid,22.3,71,155.7,Rice,Groundnut
Uttar Pradesh,Gorakhpur,Red Soil,Rabi,30.3,82,235.0,Chickpea,Pulses
Uttar Pradesh,Gorakhpur,Laterite Soil,Kharif,34.3,71,340.8,Papaya,Cashew
Uttar Pradesh,Gorakhpur,Loamy Soil,Rabi,29.2,61,343.2,Lentil,Rice
Uttar Pradesh,Gorakhpur,Black Soil,Rabi,18.3,68,176.6,Watermelon,Cotton
Uttar Pradesh,Gorakhpur,Black Soil,Rabi,22.6,66,71.5,Mungbean,Jowar
Uttar Pradesh,Gorakhpur,Sandy Soil,Zaid,30.5,94,112.5,Muskmelon,Groundnut
Uttar Pradesh,Gorakhpur,Laterite Soil,Rabi,38.4,41,140.3,Coconut,Cashew
Uttar Pradesh,Gorakhpur,Black Soil,Kharif,31.9,67,310.9,Rice,Soybean
Uttar Pradesh,Gorakhpur,Loamy Soil,Kharif,20.2,58,339.6,Kidneybeans,Sugarcane
Uttar Pradesh,Gorakhpur,Red Soil,Rabi,26.8,70,229.0,Chickpea,Millets
Uttar Pradesh,Gorakhpur,Laterite Soil,Zaid,20.2,95,198.3,Lentil,Coffee
Uttar Pradesh,Gorakhpur,Sandy Soil,Zaid,34.1,66,288.4,Pigeonpeas,Muskmelon
Uttar Pradesh,Hamirpur,Laterite Soil,Zaid,21.6,86,182.1,Kidneybeans,Tea
Uttar Pradesh,Hamirpur,Laterite Soil,Zaid,38.6,69,44.1,Coffee,Tea
Uttar Pradesh,Hamirpur,Sandy Soil,Rabi,24.2,49,132.3,Apple,Groundnut
Uttar Pradesh,Hamirpur,Sandy Soil,Rabi,21.2,63,99.7,Papaya,Watermelon
Uttar Pradesh,Hamirpur,Loamy Soil,Whole Year,29.4,81,167.8,Coconut,Wheat
Uttar Pradesh,Hamirpur,Loamy Soil,Kharif,33.7,80,57.0,Coconut,Maize
Uttar Pradesh,Hamirpur,Black Soil,Rabi,32.5,54,125.9,Apple,Cotton
Uttar Pradesh,Hamirpur,Alluvial Soil,Zaid,24.8,60,125.2,Coconut,Sugarcane
Uttar Pradesh,Hamirpur,Loamy Soil,Whole Year,20.7,77,122.6,Grapes,Rice
Uttar Pradesh,Hamirpur,Black Soil,Kharif,28.8,90,104.9,Blackgram,Cotton
Uttar Pradesh,Hamirpur,Laterite Soil,Whole Year,35.6,50,313.5,Orange,Cashew
Uttar Pradesh,Hamirpur,Black Soil,Kharif,21.0,90,135.7,Grapes,Jowar
Uttar Pradesh,Hamirpur,Sandy Soil,Kharif,25.1,73,223.9,Cotton,Watermelon
Uttar Pradesh,Hamirpur,Red Soil,Whole Year,21.8,66,28.0,Jute,Pulses
Uttar Pradesh,Hamirpur,Alluvial Soil,Zaid,21.0,72,154.8,Muskmelon,Sugarcane
Uttar Pradesh,Hamirpur,Black Soil,Kharif,29.3,43,169.4,Pomegranate,Cotton
Uttar Pradesh,Hamirpur,Alluvial Soil,Whole Year,38.3,69,131.8,Coconut,Wheat
Uttar Pradesh,Hamirpur,Loamy Soil,Kharif,26.8,74,199.3,Pigeonpeas,Sugarcane
Uttar Pradesh,Hamirpur,Laterite Soil,Whole Year,30.6,75,37.9,Watermelon,Tea
Uttar Pradesh,Hamirpur,Alluvial Soil,Kharif,37.9,74,179.7,Chickpea,Sugarcane
Uttar Pradesh,Hapur,Alluvial Soil,Whole Year,28.3,80,104.1,Papaya,Sugarcane
Uttar Pradesh,Hapur,Red Soil,Kharif,22.2,44,120.0,Kidneybeans,Millets
Uttar Pradesh,Hapur,Black Soil,Whole Year,24.8,82,293.9,Rice,Soybean
Uttar Pradesh,Hapur,Sandy Soil,Rabi,20.7,71,26.4,Apple,Muskmelon
Uttar Pradesh,Hapur,Loamy Soil,Rabi,26.6,66,212.8,Mothbeans,Maize
Uttar Pradesh,Hapur,Loamy Soil,Kharif,31.6,95,278.2,Rice,Sugarcane
Uttar Pradesh,Hapur,Laterite Soil,Zaid,27.4,57,129.8,Pigeonpeas,Cashew
Uttar Pradesh,Hapur,Red Soil,Rabi,35.3,58,326.7,Mothbeans,Millets
Uttar Pradesh,Hapur,Laterite Soil,Rabi,38.6,51,116.9,Watermelon,Cashew
Uttar Pradesh,Hapur,Laterite Soil,Zaid,18.5,45,64.4,Pomegranate,Coffee
Uttar Pradesh,Hapur,Black Soil,Whole Year,34.1,56,275.2,Chickpea,Soybean
Uttar Pradesh,Hapur,Red Soil,Whole Year,32.4,72,45.2,Kidneybeans,Pulses
Uttar Pradesh,Hapur,Loamy Soil,Whole Year,18.0,76,75.5,Blackgram,Sugarcane
Uttar Pradesh,Hapur,Loamy Soil,Rabi,36.1,69,232.3,Rice,Sugarcane
Uttar Pradesh,Hapur,Sandy Soil,Zaid,25.2,85,232.0,Blackgram,Groundnut
Uttar Pradesh,Hapur,Sandy Soil,Whole Year,26.1,68,203.8,Muskmelon,Muskmelon
Uttar Pradesh,Hapur,Laterite Soil,Rabi,20.0,41,228.0,Coffee,Cashew
Uttar Pradesh,Hapur,Sandy Soil,Zaid,24.6,92,342.5,Banana,Groundnut
Uttar Pradesh,Hapur,Red Soil,Whole Year,24.5,81,348.5,Orange,Pulses
Uttar Pradesh,Hapur,Red Soil,Whole Year,21.5,56,274.4,Papaya,Groundnut
Uttar Pradesh,Hardoi,Laterite Soil,Rabi,31.9,86,328.4,Rice,Tea
Uttar Pradesh,Hardoi,Alluvial Soil,Whole Year,34.8,67,31.8,Jute,Rice
Uttar Pradesh,Hardoi,Loamy Soil,Zaid,24.5,58,104.8,Chickpea,Wheat
Uttar Pradesh,Hardoi,Sandy Soil,Rabi,26.0,43,75.4,Pigeonpeas,Muskmelon
Uttar Pradesh,Hardoi,Sandy Soil,Kharif,18.4,44,199.6,Muskmelon,Muskmelon
Uttar Pradesh,Hardoi,Sandy Soil,Rabi,32.0,55,51.9,Apple,Groundnut
Uttar Pradesh,Hardoi,Sandy Soil,Kharif,34.1,41,266.9,Papaya,Groundnut
Uttar Pradesh,Hardoi,Red Soil,Whole Year,21.5,71,157.2,Papaya,Millets
Uttar Pradesh,Hardoi,Laterite Soil,Rabi,18.0,57,56.1,Chickpea,Tea
Uttar Pradesh,Hardoi,Laterite Soil,Zaid,28.4,50,154.9,Cotton,Tea
Uttar Pradesh,Hardoi,Alluvial Soil,Whole Year,30.2,75,143.0,Watermelon,Wheat
Uttar Pradesh,Hardoi,Black Soil,Rabi,34.0,92,274.9,Coffee,Jowar
Uttar Pradesh,Hardoi,Sandy Soil,Kharif,30.9,51,99.3,Papaya,Groundnut
Uttar Pradesh,Hardoi,Black Soil,Whole Year,36.2,93,92.3,Papaya,Jowar
Uttar Pradesh,Hardoi,Loamy Soil,Zaid,34.0,81,171.3,Apple,Maize
Uttar Pradesh,Hardoi,Alluvial Soil,Whole Year,30.3,66,176.9,Maize,Maize
Uttar Pradesh,Hardoi,Red Soil,Kharif,32.1,55,136.9,Coffee,Millets
Uttar Pradesh,Hardoi,Sandy Soil,Rabi,21.2,55,49.6,Pigeonpeas,Groundnut
Uttar Pradesh,Hardoi,Black Soil,Rabi,22.0,80,104.5,Maize,Soybean
Uttar Pradesh,Hardoi,Loamy Soil,Whole Year,27.2,77,97.4,Coffee,Sugarcane
Uttar Pradesh,Hathras,Sandy Soil,Rabi,32.9,82,122.7,Kidneybeans,Muskmelon
Uttar Pradesh,Hathras,Sandy Soil,Whole Year,23.3,69,79.1,Rice,Groundnut
Uttar Pradesh,Hathras,Sandy Soil,Zaid,35.8,75,109.3,Kidneybeans,Groundnut
Uttar Pradesh,Hathras,Alluvial Soil,Zaid,25.3,75,295.7,Jute,Sugarcane
Uttar Pradesh,Hathras,Laterite Soil,Whole Year,22.5,67,72.6,Cotton,Coffee
Uttar Pradesh,Hathras,Red Soil,Whole Year,18.1,63,110.3,Chickpea,Pulses
Uttar Pradesh,Hathras,Alluvial Soil,Whole Year,32.5,90,167.2,Mango,Rice
Uttar Pradesh,Hathras,Black Soil,Rabi,20.3,83,117.3,Rice,Cotton
Uttar Pradesh,Hathras,Loamy Soil,Whole Year,18.5,86,229.2,Muskmelon,Rice
Uttar Pradesh,Hathras,Alluvial Soil,Kharif,20.7,60,114.5,Orange,Rice
Uttar Pradesh,Hathras,Sandy Soil,Whole Year,24.0,64,165.7,Pomegranate,Watermelon
Uttar Pradesh,Hathras,Black Soil,Whole Year,28.1,76,35.1,Papaya,Cotton
Uttar Pradesh,Hathras,Sandy Soil,Zaid,26.8,44,66.8,Rice,Watermelon
Uttar Pradesh,Hathras,Laterite Soil,Whole Year,37.1,86,269.1,Pigeonpeas,Coffee
Uttar Pradesh,Hathras,Alluvial Soil,Whole Year,28.2,61,84.6,Rice,Sugarcane
Uttar Pradesh,Hathras,Sandy Soil,Kharif,31.4,75,217.6,Watermelon,Muskmelon
Uttar Pradesh,Hathras,Black Soil,Rabi,28.5,50,42.8,Grapes,Soybean
Uttar Pradesh,Hathras,Laterite Soil,Whole Year,21.4,76,177.5,Apple,Cashew
Uttar Pradesh,Hathras,Loamy Soil,Rabi,24.4,46,321.8,Watermelon,Wheat
Uttar Pradesh,Hathras,Loamy Soil,Kharif,35.1,73,162.0,Chickpea,Maize
Uttar Pradesh,Jalaun,Sandy Soil,Zaid,28.9,71,112.0,Chickpea,Watermelon
Uttar Pradesh,Jalaun,Loamy Soil,Kharif,21.3,92,92.3,Cotton,Sugarcane
Uttar Pradesh,Jalaun,Sandy Soil,Whole Year,21.5,53,50.2,Jute,Muskmelon
Uttar Pradesh,Jalaun,Laterite Soil,Whole Year,37.9,54,244.4,Rice,Cashew
Uttar Pradesh,Jalaun,Loamy Soil,Rabi,40.0,86,343.0,Cotton,Wheat
Uttar Pradesh,Jalaun,Laterite Soil,Whole Year,28.2,87,337.1,Pigeonpeas,Coffee
Uttar Pradesh,Jalaun,Black Soil,Whole Year,39.2,75,34.5,Papaya,Soybean
Uttar Pradesh,Jalaun,Loamy Soil,Whole Year,35.4,40,331.0,Cotton,Maize
Uttar Pradesh,Jalaun,Sandy Soil,Whole Year,28.3,45,47.7,Kidneybeans,Muskmelon
Uttar Pradesh,Jalaun,Laterite Soil,Rabi,22.1,51,219.5,Pomegranate,Tea
Uttar Pradesh,Jalaun,Alluvial Soil,Whole Year,39.7,45,259.0,Orange,Rice
Uttar Pradesh,Jalaun,Loamy Soil,Whole Year,19.0,65,28.1,Kidneybeans,Wheat
Uttar Pradesh,Jalaun,Loamy Soil,Rabi,20.6,65,164.3,Coconut,Rice
Uttar Pradesh,Jalaun,Sandy Soil,Rabi,29.5,88,178.3,Mothbeans,Watermelon
Uttar Pradesh,Jalaun,Laterite Soil,Zaid,39.5,42,26.7,Mungbean,Coffee
Uttar Pradesh,Jalaun,Alluvial Soil,Whole Year,37.1,73,328.8,Apple,Wheat
Uttar Pradesh,Jalaun,Alluvial Soil,Kharif,35.5,79,245.0,Watermelon,Sugarcane
Uttar Pradesh,Jalaun,Laterite Soil,Rabi,29.2,83,182.9,Muskmelon,Tea
Uttar Pradesh,Jalaun,Alluvial Soil,Whole Year,35.4,64,101.2,Rice,Maize
Uttar Pradesh,Jalaun,Loamy Soil,Zaid,30.2,51,176.1,Orange,Wheat
Uttar Pradesh,Jaunpur,Red Soil,Rabi,26.5,84,126.3,Mothbeans,Groundnut
Uttar Pradesh,Jaunpur,Laterite Soil,Zaid,38.6,72,118.0,Pigeonpeas,Cashew
Uttar Pradesh,Jaunpur,Loamy Soil,Whole Year,39.1,88,182.4,Coconut,Rice
Uttar Pradesh,Jaunpur,Alluvial Soil,Rabi,37.9,49,190.7,Orange,Wheat
Uttar Pradesh,Jaunpur,Sandy Soil,Zaid,30.7,93,323.7,Maize,Groundnut
Uttar Pradesh,Jaunpur,Alluvial Soil,Kharif,32.6,72,190.5,Pigeonpeas,Rice
Uttar Pradesh,Jaunpur,Black Soil,Whole Year,21.6,86,181.0,Banana,Cotton
Uttar Pradesh,Jaunpur,Loamy Soil,Kharif,26.1,72,300.2,Mothbeans,Rice
Uttar Pradesh,Jaunpur,Loamy Soil,Zaid,36.8,49,29.6,Lentil,Wheat
Uttar Pradesh,Jaunpur,Red Soil,Kharif,34.6,74,213.9,Blackgram,Pulses
Uttar Pradesh,Jaunpur,Sandy Soil,Zaid,37.1,71,97.0,Rice,Groundnut
Uttar Pradesh,Jaunpur,Alluvial Soil,Kharif,21.2,66,102.0,Pigeonpeas,Wheat
Uttar Pradesh,Jaunpur,Sandy Soil,Zaid,25.4,71,193.1,Watermelon,Watermelon
Uttar Pradesh,Jaunpur,Laterite Soil,Kharif,27.9,88,184.0,Maize,Tea
Uttar Pradesh,Jaunpur,Loamy Soil,Kharif,27.0,78,133.9,Apple,Wheat
Uttar Pradesh,Jaunpur,Sandy Soil,Zaid,36.7,69,24.3,Jute,Groundnut
Uttar Pradesh,Jaunpur,Red Soil,Rabi,18.8,47,109.6,Pigeonpeas,Pulses
Uttar Pradesh,Jaunpur,Sandy Soil,Rabi,27.5,74,90.1,Coconut,Watermelon
Uttar Pradesh,Jaunpur,Black Soil,Rabi,35.6,70,258.4,Muskmelon,Soybean
Uttar Pradesh,Jaunpur,Loamy Soil,Whole Year,22.4,51,259.6,Papaya,Sugarcane
Uttar Pradesh,Jhansi,Red Soil,Kharif,38.0,92,102.9,Coffee,Millets
Uttar Pradesh,Jhansi,Alluvial Soil,Kharif,28.3,76,115.4,Pomegranate,Maize
Uttar Pradesh,Jhansi,Black Soil,Zaid,32.0,74,207.9,Lentil,Soybean
Uttar Pradesh,Jhansi,Alluvial Soil,Rabi,24.4,68,82.7,Watermelon,Wheat
Uttar Pradesh,Jhansi,Sandy Soil,Kharif,28.4,42,60.1,Coffee,Watermelon
Uttar Pradesh,Jhansi,Loamy Soil,Rabi,33.4,68,284.4,Coconut,Maize
Uttar Pradesh,Jhansi,Laterite Soil,Zaid,30.2,53,267.3,Orange,Coffee
Uttar Pradesh,Jhansi,Loamy Soil,Whole Year,18.5,85,27.8,Coffee,Rice
Uttar Pradesh,Jhansi,Black Soil,Kharif,24.5,84,66.1,Cotton,Jowar
Uttar Pradesh,Jhansi,Loamy Soil,Kharif,38.1,54,138.6,Pomegranate,Rice
Uttar Pradesh,Jhansi,Red Soil,Whole Year,30.8,57,344.4,Mango,Pulses
Uttar Pradesh,Jhansi,Alluvial Soil,Zaid,25.9,90,207.2,Jute,Sugarcane
Uttar Pradesh,Jhansi,Sandy Soil,Whole Year,27.6,86,119.6,Blackgram,Watermelon
Uttar Pradesh,Jhansi,Sandy Soil,Whole Year,38.1,64,235.8,Apple,Groundnut
Uttar Pradesh,Jhansi,Laterite Soil,Kharif,20.2,77,74.5,Grapes,Cashew
Uttar Pradesh,Jhansi,Black Soil,Whole Year,23.6,42,243.2,Pigeonpeas,Soybean
Uttar Pradesh,Jhansi,Sandy Soil,Rabi,39.4,93,128.0,Mungbean,Muskmelon
Uttar Pradesh,Jhansi,Laterite Soil,Zaid,36.2,65,200.7,Banana,Coffee
Uttar Pradesh,Jhansi,Sandy Soil,Whole Year,32.0,52,325.0,Cotton,Watermelon
Uttar Pradesh,Jhansi,Loamy Soil,Zaid,39.1,76,285.9,Muskmelon,Sugarcane
Uttar Pradesh,Kannauj,Sandy Soil,Kharif,36.2,95,118.2,Lentil,Watermelon
Uttar Pradesh,Kannauj,Black Soil,Whole Year,31.1,94,26.1,Apple,Cotton
Uttar Pradesh,Kannauj,Black Soil,Zaid,21.2,84,42.1,Coffee,Jowar
Uttar Pradesh,Kannauj,Sandy Soil,Kharif,35.0,73,296.2,Maize,Muskmelon
Uttar Pradesh,Kannauj,Sandy Soil,Zaid,21.4,56,114.0,Coconut,Watermelon
Uttar Pradesh,Kannauj,Laterite Soil,Zaid,19.9,87,30.4,Mungbean,Tea
Uttar Pradesh,Kannauj,Alluvial Soil,Rabi,32.0,81,222.5,Maize,Maize
Uttar Pradesh,Kannauj,Loamy Soil,Zaid,39.7,52,327.9,Banana,Rice
Uttar Pradesh,Kannauj,Loamy Soil,Rabi,22.1,66,230.1,Apple,Maize
Uttar Pradesh,Kannauj,Alluvial Soil,Whole Year,25.3,63,48.9,Mothbeans,Wheat
Uttar Pradesh,Kannauj,Loamy Soil,Rabi,38.1,63,142.5,Mothbeans,Rice
Uttar Pradesh,Kannauj,Black Soil,Rabi,32.7,68,276.4,Coffee,Jowar
Uttar Pradesh,Kannauj,Red Soil,Rabi,26.3,63,280.4,Lentil,Pulses
Uttar Pradesh,Kannauj,Laterite Soil,Kharif,23.3,95,179.6,Banana,Tea
Uttar Pradesh,Kannauj,Red Soil,Zaid,21.4,50,181.9,Mungbean,Pulses
Uttar Pradesh,Kannauj,Sandy Soil,Rabi,20.1,66,139.3,Maize,Groundnut
Uttar Pradesh,Kannauj,Laterite Soil,Whole Year,26.8,63,216.8,Papaya,Tea
Uttar Pradesh,Kannauj,Red Soil,Zaid,33.1,41,293.6,Mango,Pulses
Uttar Pradesh,Kannauj,Sandy Soil,Kharif,20.2,93,31.7,Pigeonpeas,Watermelon
Uttar Pradesh,Kannauj,Loamy Soil,Zaid,23.7,76,211.2,Orange,Sugarcane
Uttar Pradesh,Kanpur Dehat,Red Soil,Kharif,36.5,74,135.1,Mothbeans,Groundnut
Uttar Pradesh,Kanpur Dehat,Alluvial Soil,Rabi,37.4,91,85.0,Apple,Wheat
Uttar Pradesh,Kanpur Dehat,Loamy Soil,Kharif,36.2,86,23.6,Grapes,Maize
Uttar Pradesh,Kanpur Dehat,Alluvial Soil,Rabi,34.5,67,28.5,Muskmelon,Sugarcane
Uttar Pradesh,Kanpur Dehat,Loamy Soil,Zaid,33.8,95,219.7,Banana,Maize
Uttar Pradesh,Kanpur Dehat,Black Soil,Zaid,21.6,47,241.5,Kidneybeans,Jowar
Uttar Pradesh,Kanpur Dehat,Laterite Soil,Zaid,38.8,86,240.8,Maize,Cashew
Uttar Pradesh,Kanpur Dehat,Laterite Soil,Whole Year,37.1,85,336.5,Papaya,Tea
Uttar Pradesh,Kanpur Dehat,Alluvial Soil,Kharif,23.4,74,144.4,Jute,Maize
Uttar Pradesh,Kanpur Dehat,Sandy Soil,Rabi,26.8,72,348.1,Mothbeans,Watermelon
Uttar Pradesh,Kanpur Dehat,Laterite Soil,Zaid,18.0,88,318.1,Papaya,Coffee
Uttar Pradesh,Kanpur Dehat,Loamy Soil,Rabi,31.0,54,40.1,Orange,Wheat
Uttar Pradesh,Kanpur Dehat,Sandy Soil,Whole Year,32.3,55,291.2,Maize,Muskmelon
Uttar Pradesh,Kanpur Dehat,Black Soil,Zaid,33.9,89,67.2,Rice,Jowar
Uttar Pradesh,Kanpur Dehat,Sandy Soil,Kharif,38.7,67,231.7,Blackgram,Muskmelon
Uttar Pradesh,Kanpur Dehat,Alluvial Soil,Whole Year,25.8,60,349.9,Kidneybeans,Sugarcane
Uttar Pradesh,Kanpur Dehat,Loamy Soil,Whole Year,33.3,74,158.8,Pigeonpeas,Rice
Uttar Pradesh,Kanpur Dehat,Alluvial Soil,Whole Year,30.3,40,341.7,Mango,Maize
Uttar Pradesh,Kanpur Dehat,Red Soil,Zaid,37.6,78,296.0,Mango,Groundnut
Uttar Pradesh,Kanpur Dehat,Red Soil,Zaid,18.3,74,98.7,Coffee,Pulses
Uttar Pradesh,Kanpur Nagar,Sandy Soil,Whole Year,28.3,90,249.6,Muskmelon,Watermelon
Uttar Pradesh,Kanpur Nagar,Black Soil,Zaid,21.2,83,119.2,Mango,Cotton
Uttar Pradesh,Kanpur Nagar,Red Soil,Whole Year,33.2,68,204.1,Mango,Millets
Uttar Pradesh,Kanpur Nagar,Laterite Soil,Whole Year,32.0,85,295.4,Chickpea,Tea
Uttar Pradesh,Kanpur Nagar,Black Soil,Rabi,18.7,67,192.5,Mango,Cotton
Uttar Pradesh,Kanpur Nagar,Laterite Soil,Rabi,31.0,60,133.9,Grapes,Tea
Uttar Pradesh,Kanpur Nagar,Sandy Soil,Kharif,37.9,43,118.3,Apple,Muskmelon
Uttar Pradesh,Kanpur Nagar,Sandy Soil,Zaid,32.2,78,171.6,Coconut,Muskmelon
Uttar Pradesh,Kanpur Nagar,Loamy Soil,Whole Year,18.8,95,243.3,Apple,Rice
Uttar Pradesh,Kanpur Nagar,Laterite Soil,Rabi,37.6,54,176.8,Pomegranate,Tea
Uttar Pradesh,Kanpur Nagar,Sandy Soil,Kharif,27.6,71,126.3,Chickpea,Watermelon
Uttar Pradesh,Kanpur Nagar,Black Soil,Kharif,20.6,76,103.6,Rice,Jowar
Uttar Pradesh,Kanpur Nagar,Black Soil,Kharif,25.3,43,279.2,Grapes,Cotton
Uttar Pradesh,Kanpur Nagar,Laterite Soil,Zaid,26.6,83,35.1,Coffee,Coffee
Uttar Pradesh,Kanpur Nagar,Alluvial Soil,Whole Year,35.7,60,267.4,Banana,Maize
Uttar Pradesh,Kanpur Nagar,Sandy Soil,Rabi,19.3,59,261.6,Chickpea,Muskmelon
Uttar Pradesh,Kanpur Nagar,Black Soil,Whole Year,37.3,81,110.6,Orange,Jowar
Uttar Pradesh,Kanpur Nagar,Laterite Soil,Zaid,23.9,81,98.0,Papaya,Coffee
Uttar Pradesh,Kanpur Nagar,Sandy Soil,Whole Year,27.8,63,130.6,Papaya,Groundnut
Uttar Pradesh,Kanpur Nagar,Laterite Soil,Zaid,23.5,69,65.4,Chickpea,Cashew
Uttar Pradesh,Kasganj,Sandy Soil,Rabi,25.6,71,62.1,Apple,Muskmelon
Uttar Pradesh,Kasganj,Alluvial Soil,Kharif,30.4,69,130.1,Banana,Maize
Uttar Pradesh,Kasganj,Red Soil,Whole Year,37.1,62,45.5,Rice,Pulses
Uttar Pradesh,Kasganj,Sandy Soil,Kharif,35.2,62,175.3,Papaya,Watermelon
Uttar Pradesh,Kasganj,Red Soil,Kharif,23.3,58,209.9,Orange,Groundnut
Uttar Pradesh,Kasganj,Loamy Soil,Rabi,37.2,67,294.7,Banana,Wheat
Uttar Pradesh,Kasganj,Sandy Soil,Whole Year,30.3,72,41.8,Coffee,Muskmelon
Uttar Pradesh,Kasganj,Laterite Soil,Zaid,33.3,49,45.2,Jute,Cashew
Uttar Pradesh,Kasganj,Red Soil,Kharif,38.1,94,166.4,Pomegranate,Groundnut
Uttar Pradesh,Kasganj,Red Soil,Kharif,29.3,90,146.4,Blackgram,Millets
Uttar Pradesh,Kasganj,Loamy Soil,Kharif,37.5,45,163.6,Pigeonpeas,Rice
Uttar Pradesh,Kasganj,Sandy Soil,Rabi,24.9,71,107.3,Mothbeans,Muskmelon
Uttar Pradesh,Kasganj,Red Soil,Kharif,35.5,41,113.2,Pomegranate,Pulses
Uttar Pradesh,Kasganj,Loamy Soil,Whole Year,25.2,92,272.9,Muskmelon,Sugarcane
Uttar Pradesh,Kasganj,Laterite Soil,Kharif,39.4,48,276.0,Chickpea,Tea
Uttar Pradesh,Kasganj,Red Soil,Whole Year,21.4,90,279.3,Pigeonpeas,Groundnut
Uttar Pradesh,Kasganj,Alluvial Soil,Zaid,36.4,51,188.9,Mungbean,Wheat
Uttar Pradesh,Kasganj,Black Soil,Kharif,37.2,64,301.5,Watermelon,Cotton
Uttar Pradesh,Kasganj,Alluvial Soil,Kharif,34.9,94,110.2,Rice,Maize
Uttar Pradesh,Kasganj,Alluvial Soil,Zaid,29.4,46,130.8,Jute,Maize
Uttar Pradesh,Kaushambi,Black Soil,Rabi,36.2,64,148.2,Kidneybeans,Jowar
Uttar Pradesh,Kaushambi,Sandy Soil,Kharif,34.5,71,337.0,Grapes,Muskmelon
Uttar Pradesh,Kaushambi,Sandy Soil,Zaid,22.3,88,230.4,Mango,Groundnut
Uttar Pradesh,Kaushambi,Sandy Soil,Rabi,22.3,74,224.5,Watermelon,Watermelon
Uttar Pradesh,Kaushambi,Sandy Soil,Rabi,38.7,94,134.0,Watermelon,Muskmelon
Uttar Pradesh,Kaushambi,Laterite Soil,Zaid,35.8,66,179.0,Pomegranate,Cashew
Uttar Pradesh,Kaushambi,Red Soil,Kharif,20.8,66,60.6,Blackgram,Millets
Uttar Pradesh,Kaushambi,Red Soil,Kharif,33.9,63,214.5,Coconut,Pulses
Uttar Pradesh,Kaushambi,Loamy Soil,Whole Year,24.8,41,332.0,Orange,Maize
Uttar Pradesh,Kaushambi,Loamy Soil,Rabi,20.4,52,282.7,Watermelon,Sugarcane
Uttar Pradesh,Kaushambi,Black Soil,Rabi,33.9,67,251.2,Banana,Soybean
Uttar Pradesh,Kaushambi,Laterite Soil,Kharif,21.0,71,128.9,Banana,Tea
Uttar Pradesh,Kaushambi,Sandy Soil,Whole Year,31.6,84,309.8,Muskmelon,Muskmelon
Uttar Pradesh,Kaushambi,Laterite Soil,Zaid,23.2,61,184.5,Muskmelon,Tea
Uttar Pradesh,Kaushambi,Laterite Soil,Kharif,34.4,75,210.7,Rice,Cashew
Uttar Pradesh,Kaushambi,Sandy Soil,Kharif,23.8,74,247.6,Coffee,Groundnut
Uttar Pradesh,Kaushambi,Black Soil,Zaid,32.1,48,137.1,Mango,Soybean
Uttar Pradesh,Kaushambi,Loamy Soil,Zaid,18.6,50,47.6,Jute,Sugarcane
Uttar Pradesh,Kaushambi,Sandy Soil,Rabi,22.0,73,131.6,Chickpea,Groundnut
Uttar Pradesh,Kaushambi,Laterite Soil,Zaid,26.7,62,204.7,Papaya,Tea
Uttar Pradesh,Kushinagar,Red Soil,Zaid,21.5,76,259.1,Banana,Millets
Uttar Pradesh,Kushinagar,Red Soil,Zaid,38.9,51,181.3,Cotton,Groundnut
Uttar Pradesh,Kushinagar,Loamy Soil,Kharif,31.1,51,198.9,Cotton,Sugarcane
Uttar Pradesh,Kushinagar,Black Soil,Rabi,29.4,81,334.4,Coffee,Jowar
Uttar Pradesh,Kushinagar,Alluvial Soil,Rabi,28.8,61,40.9,Mungbean,Rice
Uttar Pradesh,Kushinagar,Laterite Soil,Zaid,26.8,68,312.4,Banana,Tea
Uttar Pradesh,Kushinagar,Laterite Soil,Zaid,33.7,83,78.2,Coconut,Cashew
Uttar Pradesh,Kushinagar,Sandy Soil,Zaid,23.9,67,161.7,Coconut,Groundnut
Uttar Pradesh,Kushinagar,Laterite Soil,Whole Year,23.8,54,322.2,Apple,Cashew
Uttar Pradesh,Kushinagar,Alluvial Soil,Zaid,23.0,89,217.3,Pomegranate,Wheat
Uttar Pradesh,Kushinagar,Laterite Soil,Zaid,33.7,42,349.9,Pigeonpeas,Tea
Uttar Pradesh,Kushinagar,Laterite Soil,Zaid,31.0,48,294.1,Pigeonpeas,Cashew
Uttar Pradesh,Kushinagar,Black Soil,Zaid,19.2,47,148.5,Rice,Cotton
Uttar Pradesh,Kushinagar,Loamy Soil,Zaid,32.6,82,269.7,Lentil,Sugarcane
Uttar Pradesh,Kushinagar,Red Soil,Zaid,33.0,42,236.9,Watermelon,Groundnut
Uttar Pradesh,Kushinagar,Black Soil,Zaid,20.0,87,286.9,Maize,Jowar
Uttar Pradesh,Kushinagar,Laterite Soil,Zaid,32.9,87,88.4,Maize,Cashew
Uttar Pradesh,Kushinagar,Laterite Soil,Whole Year,25.9,60,298.3,Lentil,Coffee
Uttar Pradesh,Kushinagar,Loamy Soil,Rabi,36.1,63,149.9,Lentil,Rice
Uttar Pradesh,Kushinagar,Laterite Soil,Rabi,21.7,45,291.4,Watermelon,Tea
Uttar Pradesh,Lakhimpur Kheri,Black Soil,Whole Year,33.9,77,69.2,Blackgram,Cotton
Uttar Pradesh,Lakhimpur Kheri,Red Soil,Zaid,33.1,70,181.9,Mango,Groundnut
Uttar Pradesh,Lakhimpur Kheri,Sandy Soil,Whole Year,34.0,76,164.7,Watermelon,Watermelon
Uttar Pradesh,Lakhimpur Kheri,Black Soil,Whole Year,30.6,84,138.9,Pigeonpeas,Soybean
Uttar Pradesh,Lakhimpur Kheri,Alluvial Soil,Whole Year,38.5,43,202.5,Papaya,Maize
Uttar Pradesh,Lakhimpur Kheri,Loamy Soil,Zaid,25.3,82,227.9,Banana,Sugarcane
Uttar Pradesh,Lakhimpur Kheri,Sandy Soil,Zaid,32.3,81,180.8,Maize,Muskmelon
Uttar Pradesh,Lakhimpur Kheri,Black Soil,Kharif,20.8,48,263.4,Mothbeans,Soybean
Uttar Pradesh,Lakhimpur Kheri,Alluvial Soil,Kharif,18.4,56,274.8,Coffee,Rice
Uttar Pradesh,Lakhimpur Kheri,Red Soil,Whole Year,20.4,87,25.3,Cotton,Millets
Uttar Pradesh,Lakhimpur Kheri,Red Soil,Zaid,33.9,43,290.1,Watermelon,Millets
Uttar Pradesh,Lakhimpur Kheri,Black Soil,Rabi,34.1,67,261.2,Maize,Jowar
Uttar Pradesh,Lakhimpur Kheri,Loamy Soil,Kharif,24.9,85,301.7,Coffee,Wheat
Uttar Pradesh,Lakhimpur Kheri,Red Soil,Rabi,34.4,88,125.3,Blackgram,Groundnut
Uttar Pradesh,Lakhimpur Kheri,Red Soil,Whole Year,22.5,78,309.0,Apple,Groundnut
Uttar Pradesh,Lakhimpur Kheri,Sandy Soil,Kharif,23.1,76,54.1,Coffee,Muskmelon
Uttar Pradesh,Lakhimpur Kheri,Sandy Soil,Rabi,18.2,75,259.4,Rice,Groundnut
Uttar Pradesh,Lakhimpur Kheri,Red Soil,Whole Year,37.4,93,98.0,Banana,Groundnut
Uttar Pradesh,Lakhimpur Kheri,Sandy Soil,Rabi,39.7,63,101.0,Jute,Muskmelon
Uttar Pradesh,Lakhimpur Kheri,Red Soil,Kharif,37.6,79,118.1,Apple,Pulses
Uttar Pradesh,Lalitpur,Red Soil,Kharif,30.1,69,134.8,Mango,Groundnut
Uttar Pradesh,Lalitpur,Loamy Soil,Zaid,32.8,71,137.3,Watermelon,Rice
Uttar Pradesh,Lalitpur,Black Soil,Whole Year,33.3,95,267.3,Chickpea,Soybean
Uttar Pradesh,Lalitpur,Laterite Soil,Kharif,27.1,51,297.4,Blackgram,Tea
Uttar Pradesh,Lalitpur,Black Soil,Kharif,30.0,53,254.1,Apple,Cotton
Uttar Pradesh,Lalitpur,Loamy Soil,Whole Year,19.1,62,185.0,Kidneybeans,Sugarcane
Uttar Pradesh,Lalitpur,Sandy Soil,Whole Year,30.6,46,241.3,Jute,Muskmelon
Uttar Pradesh,Lalitpur,Alluvial Soil,Rabi,35.5,46,213.2,Grapes,Wheat
Uttar Pradesh,Lalitpur,Laterite Soil,Kharif,30.8,42,118.4,Blackgram,Cashew
Uttar Pradesh,Lalitpur,Loamy Soil,Zaid,29.4,55,92.3,Mothbeans,Rice
Uttar Pradesh,Lalitpur,Sandy Soil,Whole Year,28.0,69,60.3,Pigeonpeas,Groundnut
Uttar Pradesh,Lalitpur,Sandy Soil,Zaid,18.9,91,133.9,Mothbeans,Groundnut
Uttar Pradesh,Lalitpur,Laterite Soil,Kharif,23.7,83,120.0,Grapes,Coffee
Uttar Pradesh,Lalitpur,Alluvial Soil,Kharif,25.7,79,270.8,Blackgram,Sugarcane
Uttar Pradesh,Lalitpur,Laterite Soil,Kharif,38.5,85,250.7,Orange,Tea
Uttar Pradesh,Lalitpur,Laterite Soil,Kharif,39.4,82,255.4,Pigeonpeas,Coffee
Uttar Pradesh,Lalitpur,Black Soil,Kharif,21.6,77,122.8,Kidneybeans,Cotton
Uttar Pradesh,Lalitpur,Sandy Soil,Kharif,21.2,49,256.1,Rice,Groundnut
Uttar Pradesh,Lalitpur,Black Soil,Whole Year,25.4,56,278.7,Rice,Jowar
Uttar Pradesh,Lalitpur,Alluvial Soil,Rabi,28.7,64,229.5,Blackgram,Sugarcane
Uttar Pradesh,Lucknow,Loamy Soil,Kharif,32.7,85,25.7,Maize,Sugarcane
Uttar Pradesh,Lucknow,Laterite Soil,Kharif,31.1,42,160.0,Kidneybeans,Coffee
Uttar Pradesh,Lucknow,Red Soil,Kharif,36.5,62,250.4,Lentil,Pulses
Uttar Pradesh,Lucknow,Loamy Soil,Zaid,31.7,66,68.9,Pomegranate,Sugarcane
Uttar Pradesh,Lucknow,Loamy Soil,Rabi,18.2,56,167.9,Mothbeans,Wheat
Uttar Pradesh,Lucknow,Laterite Soil,Whole Year,36.3,82,133.9,Pigeonpeas,Tea
Uttar Pradesh,Lucknow,Red Soil,Whole Year,38.2,61,279.3,Coffee,Millets
Uttar Pradesh,Lucknow,Alluvial Soil,Rabi,26.2,52,74.8,Orange,Sugarcane
Uttar Pradesh,Lucknow,Sandy Soil,Rabi,23.4,85,85.2,Grapes,Groundnut
Uttar Pradesh,Lucknow,Sandy Soil,Whole Year,18.2,46,302.5,Banana,Groundnut
Uttar Pradesh,Lucknow,Red Soil,Whole Year,38.4,54,280.9,Grapes,Millets
Uttar Pradesh,Lucknow,Loamy Soil,Rabi,18.3,49,260.1,Mungbean,Rice
Uttar Pradesh,Lucknow,Loamy Soil,Rabi,39.5,50,179.0,Apple,Maize
Uttar Pradesh,Lucknow,Sandy Soil,Kharif,33.4,83,287.5,Jute,Groundnut
Uttar Pradesh,Lucknow,Black Soil,Zaid,30.3,83,100.1,Pigeonpeas,Jowar
Uttar Pradesh,Lucknow,Sandy Soil,Whole Year,31.5,63,58.2,Apple,Watermelon
Uttar Pradesh,Lucknow,Sandy Soil,Whole Year,20.4,88,68.0,Chickpea,Groundnut
Uttar Pradesh,Lucknow,Laterite Soil,Kharif,32.1,58,341.5,Banana,Coffee
Uttar Pradesh,Lucknow,Sandy Soil,Kharif,34.8,86,241.1,Jute,Muskmelon
Uttar Pradesh,Lucknow,Alluvial Soil,Kharif,18.4,74,160.4,Blackgram,Maize
Uttar Pradesh,Maharajganj,Black Soil,Whole Year,33.2,79,258.1,Mango,Soybean
Uttar Pradesh,Maharajganj,Loamy Soil,Rabi,25.0,52,25.0,Apple,Wheat
Uttar Pradesh,Maharajganj,Loamy Soil,Rabi,23.2,91,125.6,Mango,Wheat
Uttar Pradesh,Maharajganj,Alluvial Soil,Whole Year,28.9,43,80.2,Jute,Wheat
Uttar Pradesh,Maharajganj,Black Soil,Whole Year,27.3,56,27.2,Rice,Jowar
Uttar Pradesh,Maharajganj,Sandy Soil,Rabi,31.5,87,116.0,Mothbeans,Groundnut
Uttar Pradesh,Maharajganj,Red Soil,Kharif,22.0,89,163.1,Blackgram,Groundnut
Uttar Pradesh,Maharajganj,Loamy Soil,Zaid,24.7,90,288.9,Apple,Rice
Uttar Pradesh,Maharajganj,Alluvial Soil,Whole Year,39.8,47,95.3,Chickpea,Rice
Uttar Pradesh,Maharajganj,Sandy Soil,Whole Year,32.8,93,81.4,Maize,Muskmelon
Uttar Pradesh,Maharajganj,Black Soil,Kharif,20.9,52,344.7,Coconut,Cotton
Uttar Pradesh,Maharajganj,Laterite Soil,Zaid,26.4,89,241.9,Maize,Coffee
Uttar Pradesh,Maharajganj,Black Soil,Kharif,28.8,79,76.3,Lentil,Jowar
Uttar Pradesh,Maharajganj,Sandy Soil,Zaid,27.1,51,219.9,Coconut,Muskmelon
Uttar Pradesh,Maharajganj,Black Soil,Whole Year,28.2,56,78.9,Papaya,Jowar
Uttar Pradesh,Maharajganj,Loamy Soil,Rabi,36.4,86,246.6,Orange,Rice
Uttar Pradesh,Maharajganj,Alluvial Soil,Whole Year,20.2,63,268.7,Papaya,Wheat
Uttar Pradesh,Maharajganj,Alluvial Soil,Rabi,33.8,41,77.0,Lentil,Sugarcane
Uttar Pradesh,Maharajganj,Sandy Soil,Whole Year,20.6,67,40.9,Mothbeans,Muskmelon
Uttar Pradesh,Maharajganj,Black Soil,Kharif,27.4,58,325.4,Jute,Soybean
Uttar Pradesh,Mahoba,Sandy Soil,Whole Year,35.8,83,192.3,Lentil,Groundnut
Uttar Pradesh,Mahoba,Laterite Soil,Zaid,20.7,66,208.0,Coconut,Coffee
Uttar Pradesh,Mahoba,Loamy Soil,Rabi,36.8,93,234.9,Blackgram,Maize
Uttar Pradesh,Mahoba,Sandy Soil,Whole Year,20.1,80,87.3,Coffee,Watermelon
Uttar Pradesh,Mahoba,Alluvial Soil,Whole Year,20.7,53,134.3,Mothbeans,Wheat
Uttar Pradesh,Mahoba,Loamy Soil,Kharif,34.7,47,305.4,Orange,Sugarcane
Uttar Pradesh,Mahoba,Loamy Soil,Zaid,30.4,50,231.2,Coconut,Sugarcane
Uttar Pradesh,Mahoba,Sandy Soil,Whole Year,38.3,57,118.3,Kidneybeans,Muskmelon
Uttar Pradesh,Mahoba,Loamy Soil,Kharif,33.8,73,119.3,Pigeonpeas,Sugarcane
Uttar Pradesh,Mahoba,Black Soil,Whole Year,27.6,84,266.9,Pigeonpeas,Soybean
Uttar Pradesh,Mahoba,Alluvial Soil,Rabi,27.9,48,144.6,Maize,Rice
Uttar Pradesh,Mahoba,Alluvial Soil,Kharif,27.9,66,310.7,Kidneybeans,Rice
Uttar Pradesh,Mahoba,Laterite Soil,Kharif,33.7,52,274.7,Chickpea,Coffee
Uttar Pradesh,Mahoba,Black Soil,Zaid,32.9,48,288.9,Apple,Soybean
Uttar Pradesh,Mahoba,Laterite Soil,Kharif,23.5,62,87.0,Maize,Coffee
Uttar Pradesh,Mahoba,Red Soil,Zaid,22.0,43,103.2,Chickpea,Pulses
Uttar Pradesh,Mahoba,Laterite Soil,Zaid,24.9,77,131.0,Pomegranate,Tea
Uttar Pradesh,Mahoba,Loamy Soil,Whole Year,22.5,73,237.8,Rice,Maize
Uttar Pradesh,Mahoba,Black Soil,Rabi,24.2,59,40.6,Papaya,Soybean
Uttar Pradesh,Mahoba,Sandy Soil,Kharif,28.3,74,253.2,Grapes,Groundnut
Uttar Pradesh,Mainpuri,Black Soil,Kharif,30.6,57,67.1,Kidneybeans,Jowar
Uttar Pradesh,Mainpuri,Black Soil,Whole Year,20.6,82,336.2,Apple,Cotton
Uttar Pradesh,Mainpuri,Loamy Soil,Rabi,21.9,48,340.3,Muskmelon,Wheat
Uttar Pradesh,Mainpuri,Sandy Soil,Kharif,36.4,94,24.0,Mothbeans,Watermelon
Uttar Pradesh,Mainpuri,Sandy Soil,Kharif,32.7,92,158.2,Papaya,Watermelon
Uttar Pradesh,Mainpuri,Sandy Soil,Kharif,38.7,59,232.3,Blackgram,Groundnut
Uttar Pradesh,Mainpuri,Loamy Soil,Whole Year,21.2,44,37.2,Watermelon,Maize
Uttar Pradesh,Mainpuri,Sandy Soil,Kharif,27.2,82,126.0,Mothbeans,Watermelon
Uttar Pradesh,Mainpuri,Alluvial Soil,Whole Year,19.5,71,329.1,Coffee,Sugarcane
Uttar Pradesh,Mainpuri,Laterite Soil,Whole Year,37.3,75,162.2,Orange,Tea
Uttar Pradesh,Mainpuri,Red Soil,Rabi,27.3,68,45.1,Coconut,Pulses
Uttar Pradesh,Mainpuri,Sandy Soil,Kharif,19.0,55,49.4,Pigeonpeas,Muskmelon
Uttar Pradesh,Mainpuri,Sandy Soil,Zaid,26.9,90,100.6,Mothbeans,Groundnut
Uttar Pradesh,Mainpuri,Sandy Soil,Zaid,37.6,70,219.3,Papaya,Watermelon
Uttar Pradesh,Mainpuri,Alluvial Soil,Zaid,27.4,41,164.3,Banana,Maize
Uttar Pradesh,Mainpuri,Sandy Soil,Kharif,39.9,73,159.6,Mango,Groundnut
Uttar Pradesh,Mainpuri,Sandy Soil,Kharif,25.5,58,133.3,Jute,Watermelon
Uttar Pradesh,Mainpuri,Laterite Soil,Rabi,32.0,46,252.0,Coconut,Tea
Uttar Pradesh,Mainpuri,Alluvial Soil,Zaid,29.2,58,150.6,Rice,Rice
Uttar Pradesh,Mainpuri,Loamy Soil,Kharif,39.4,68,104.5,Mungbean,Rice
Uttar Pradesh,Mathura,Alluvial Soil,Zaid,35.3,46,197.8,Grapes,Sugarcane
Uttar Pradesh,Mathura,Loamy Soil,Whole Year,38.1,54,173.8,Banana,Maize
Uttar Pradesh,Mathura,Alluvial Soil,Rabi,24.5,44,242.1,Pomegranate,Sugarcane
Uttar Pradesh,Mathura,Alluvial Soil,Kharif,31.1,73,240.6,Mango,Wheat
Uttar Pradesh,Mathura,Black Soil,Zaid,39.7,84,183.2,Kidneybeans,Jowar
Uttar Pradesh,Mathura,Laterite Soil,Kharif,19.7,63,23.5,Mungbean,Tea
Uttar Pradesh,Mathura,Sandy Soil,Whole Year,32.5,59,146.3,Papaya,Muskmelon
Uttar Pradesh,Mathura,Alluvial Soil,Rabi,30.2,43,214.0,Papaya,Wheat
Uttar Pradesh,Mathura,Black Soil,Whole Year,20.0,43,146.7,Blackgram,Soybean
Uttar Pradesh,Mathura,Sandy Soil,Whole Year,31.9,45,348.5,Watermelon,Groundnut
Uttar Pradesh,Mathura,Sandy Soil,Kharif,32.5,74,335.7,Papaya,Muskmelon
Uttar Pradesh,Mathura,Sandy Soil,Whole Year,24.6,80,255.1,Kidneybeans,Watermelon
Uttar Pradesh,Mathura,Laterite Soil,Zaid,29.5,49,51.6,Lentil,Coffee
Uttar Pradesh,Mathura,Sandy Soil,Zaid,21.0,63,152.0,Chickpea,Groundnut
Uttar Pradesh,Mathura,Red Soil,Kharif,18.0,59,319.0,Papaya,Millets
Uttar Pradesh,Mathura,Alluvial Soil,Whole Year,21.8,64,81.6,Pigeonpeas,Maize
Uttar Pradesh,Mathura,Red Soil,Rabi,36.9,58,196.9,Papaya,Pulses
Uttar Pradesh,Mathura,Loamy Soil,Rabi,26.0,74,318.0,Chickpea,Maize
Uttar Pradesh,Mathura,Red Soil,Whole Year,24.2,51,212.5,Blackgram,Groundnut
Uttar Pradesh,Mathura,Black Soil,Whole Year,35.9,53,265.7,Mungbean,Jowar
Uttar Pradesh,Mau,Black Soil,Zaid,36.2,40,136.2,Coffee,Soybean
Uttar Pradesh,Mau,Alluvial Soil,Rabi,34.8,76,265.5,Jute,Wheat
Uttar Pradesh,Mau,Black Soil,Zaid,24.2,77,197.3,Mungbean,Jowar
Uttar Pradesh,Mau,Sandy Soil,Zaid,32.9,93,138.2,Rice,Watermelon
Uttar Pradesh,Mau,Alluvial Soil,Whole Year,33.3,62,274.1,Maize,Wheat
Uttar Pradesh,Mau,Black Soil,Rabi,36.4,66,51.2,Orange,Jowar
Uttar Pradesh,Mau,Alluvial Soil,Kharif,36.2,77,102.0,Muskmelon,Sugarcane
Uttar Pradesh,Mau,Alluvial Soil,Kharif,28.3,46,297.5,Orange,Sugarcane
Uttar Pradesh,Mau,Sandy Soil,Kharif,21.7,69,66.7,Papaya,Muskmelon
Uttar Pradesh,Mau,Sandy Soil,Rabi,34.8,93,320.4,Banana,Muskmelon
Uttar Pradesh,Mau,Sandy Soil,Rabi,35.6,77,169.1,Lentil,Watermelon
Uttar Pradesh,Mau,Alluvial Soil,Rabi,29.8,69,298.8,Coffee,Rice
Uttar Pradesh,Mau,Loamy Soil,Rabi,37.0,53,204.4,Jute,Maize
Uttar Pradesh,Mau,Black Soil,Whole Year,31.4,71,194.1,Cotton,Soybean
Uttar Pradesh,Mau,Black Soil,Kharif,23.7,73,23.7,Mothbeans,Cotton
Uttar Pradesh,Mau,Laterite Soil,Rabi,28.7,61,340.0,Watermelon,Tea
Uttar Pradesh,Mau,Laterite Soil,Zaid,22.7,64,347.2,Muskmelon,Tea
Uttar Pradesh,Mau,Sandy Soil,Kharif,23.5,56,58.7,Maize,Groundnut
Uttar Pradesh,Mau,Loamy Soil,Whole Year,36.3,75,134.4,Kidneybeans,Rice
Uttar Pradesh,Mau,Black Soil,Rabi,32.3,82,121.3,Orange,Soybean
Uttar Pradesh,Meerut,Alluvial Soil,Whole Year,37.7,78,63.4,Orange,Maize
Uttar Pradesh,Meerut,Sandy Soil,Zaid,20.3,64,220.2,Cotton,Muskmelon
Uttar Pradesh,Meerut,Laterite Soil,Zaid,37.1,60,155.5,Watermelon,Tea
Uttar Pradesh,Meerut,Red Soil,Whole Year,18.8,46,109.6,Watermelon,Pulses
Uttar Pradesh,Meerut,Loamy Soil,Zaid,31.1,80,173.3,Lentil,Rice
Uttar Pradesh,Meerut,Loamy Soil,Whole Year,18.0,80,233.7,Coffee,Wheat
Uttar Pradesh,Meerut,Laterite Soil,Rabi,20.5,77,43.1,Grapes,Tea
Uttar Pradesh,Meerut,Black Soil,Kharif,29.1,59,176.2,Papaya,Soybean
Uttar Pradesh,Meerut,Laterite Soil,Kharif,39.0,95,178.0,Muskmelon,Coffee
Uttar Pradesh,Meerut,Black Soil,Zaid,21.4,72,113.0,Coffee,Jowar
Uttar Pradesh,Meerut,Alluvial Soil,Rabi,32.6,50,58.1,Watermelon,Maize
Uttar Pradesh,Meerut,Sandy Soil,Whole Year,18.9,83,23.5,Apple,Muskmelon
Uttar Pradesh,Meerut,Laterite Soil,Zaid,18.7,77,48.5,Jute,Coffee
Uttar Pradesh,Meerut,Black Soil,Rabi,20.9,82,210.5,Jute,Jowar
Uttar Pradesh,Meerut,Black Soil,Zaid,28.0,95,334.6,Chickpea,Cotton
Uttar Pradesh,Meerut,Loamy Soil,Kharif,28.1,64,105.3,Mango,Rice
Uttar Pradesh,Meerut,Red Soil,Rabi,30.7,62,81.7,Kidneybeans,Pulses
Uttar Pradesh,Meerut,Red Soil,Kharif,28.6,47,248.9,Mothbeans,Pulses
Uttar Pradesh,Meerut,Black Soil,Kharif,20.6,56,175.3,Pomegranate,Jowar
Uttar Pradesh,Meerut,Sandy Soil,Kharif,22.0,61,55.3,Kidneybeans,Watermelon
Uttar Pradesh,Mirzapur,Black Soil,Rabi,36.3,95,197.4,Grapes,Cotton
Uttar Pradesh,Mirzapur,Sandy Soil,Whole Year,26.1,40,296.1,Apple,Groundnut
Uttar Pradesh,Mirzapur,Sandy Soil,Zaid,27.0,94,153.7,Pomegranate,Groundnut
Uttar Pradesh,Mirzapur,Black Soil,Zaid,39.9,72,186.6,Pomegranate,Soybean
Uttar Pradesh,Mirzapur,Alluvial Soil,Zaid,39.9,89,170.6,Chickpea,Rice
Uttar Pradesh,Mirzapur,Black Soil,Whole Year,34.8,77,235.3,Banana,Soybean
Uttar Pradesh,Mirzapur,Laterite Soil,Kharif,20.1,41,290.2,Papaya,Cashew
Uttar Pradesh,Mirzapur,Loamy Soil,Zaid,30.6,51,40.3,Coffee,Wheat
Uttar Pradesh,Mirzapur,Sandy Soil,Kharif,25.9,60,296.3,Watermelon,Watermelon
Uttar Pradesh,Mirzapur,Red Soil,Whole Year,28.7,76,190.0,Mothbeans,Groundnut
Uttar Pradesh,Mirzapur,Loamy Soil,Kharif,19.8,86,102.2,Watermelon,Rice
Uttar Pradesh,Mirzapur,Laterite Soil,Whole Year,19.8,75,42.3,Banana,Cashew
Uttar Pradesh,Mirzapur,Sandy Soil,Kharif,28.0,71,24.3,Jute,Watermelon
Uttar Pradesh,Mirzapur,Sandy Soil,Whole Year,35.3,42,252.8,Banana,Muskmelon
Uttar Pradesh,Mirzapur,Laterite Soil,Rabi,21.6,55,53.7,Maize,Coffee
Uttar Pradesh,Mirzapur,Sandy Soil,Rabi,39.0,85,208.6,Mungbean,Groundnut
Uttar Pradesh,Mirzapur,Alluvial Soil,Rabi,29.0,84,168.3,Pomegranate,Sugarcane
Uttar Pradesh,Mirzapur,Laterite Soil,Zaid,22.8,40,38.0,Mungbean,Tea
Uttar Pradesh,Mirzapur,Laterite Soil,Kharif,29.9,72,222.3,Rice,Tea
Uttar Pradesh,Mirzapur,Loamy Soil,Kharif,28.7,70,318.1,Muskmelon,Wheat
Uttar Pradesh,Moradabad,Alluvial Soil,Whole Year,31.4,42,307.7,Lentil,Maize
Uttar Pradesh,Moradabad,Black Soil,Rabi,22.0,40,178.7,Watermelon,Jowar
Uttar Pradesh,Moradabad,Sandy Soil,Whole Year,37.9,54,75.4,Lentil,Watermelon
Uttar Pradesh,Moradabad,Alluvial Soil,Zaid,32.5,69,200.6,Kidneybeans,Maize
Uttar Pradesh,Moradabad,Loamy Soil,Whole Year,37.5,86,112.7,Mothbeans,Sugarcane
Uttar Pradesh,Moradabad,Sandy Soil,Rabi,27.1,86,39.7,Muskmelon,Muskmelon
Uttar Pradesh,Moradabad,Black Soil,Kharif,32.4,92,36.2,Mango,Jowar
Uttar Pradesh,Moradabad,Loamy Soil,Rabi,21.7,41,271.4,Maize,Sugarcane
Uttar Pradesh,Moradabad,Laterite Soil,Kharif,29.4,87,64.5,Maize,Cashew
Uttar Pradesh,Moradabad,Black Soil,Whole Year,23.8,89,257.4,Blackgram,Jowar
Uttar Pradesh,Moradabad,Sandy Soil,Zaid,25.7,48,70.7,Coconut,Groundnut
Uttar Pradesh,Moradabad,Loamy Soil,Zaid,33.6,50,188.1,Pigeonpeas,Wheat
Uttar Pradesh,Moradabad,Alluvial Soil,Whole Year,27.6,59,263.3,Coffee,Wheat
Uttar Pradesh,Moradabad,Alluvial Soil,Kharif,19.1,76,164.4,Mango,Wheat
Uttar Pradesh,Moradabad,Alluvial Soil,Kharif,31.7,76,54.0,Chickpea,Rice
Uttar Pradesh,Moradabad,Sandy Soil,Rabi,31.0,74,245.8,Maize,Muskmelon
Uttar Pradesh,Moradabad,Loamy Soil,Zaid,26.9,42,272.2,Rice,Maize
Uttar Pradesh,Moradabad,Loamy Soil,Kharif,36.0,44,272.4,Orange,Maize
Uttar Pradesh,Moradabad,Alluvial Soil,Zaid,27.1,81,107.5,Mungbean,Maize
Uttar Pradesh,Moradabad,Laterite Soil,Kharif,33.4,41,33.0,Papaya,Tea
Uttar Pradesh,Muzaffarnagar,Laterite Soil,Whole Year,22.8,52,251.5,Pomegranate,Coffee
Uttar Pradesh,Muzaffarnagar,Red Soil,Kharif,26.2,85,188.7,Grapes,Millets
Uttar Pradesh,Muzaffarnagar,Sandy Soil,Rabi,21.3,79,330.8,Banana,Watermelon
Uttar Pradesh,Muzaffarnagar,Loamy Soil,Zaid,20.5,71,329.2,Mothbeans,Maize
Uttar Pradesh,Muzaffarnagar,Alluvial Soil,Rabi,19.1,61,148.2,Orange,Sugarcane
Uttar Pradesh,Muzaffarnagar,Alluvial Soil,Whole Year,21.7,95,282.4,Orange,Maize
Uttar Pradesh,Muzaffarnagar,Laterite Soil,Kharif,33.9,42,218.7,Mungbean,Cashew
Uttar Pradesh,Muzaffarnagar,Sandy Soil,Zaid,38.3,43,298.3,Pigeonpeas,Muskmelon
Uttar Pradesh,Muzaffarnagar,Sandy Soil,Rabi,32.8,46,136.5,Orange,Groundnut
Uttar Pradesh,Muzaffarnagar,Laterite Soil,Rabi,38.6,50,84.6,Grapes,Coffee
Uttar Pradesh,Muzaffarnagar,Sandy Soil,Whole Year,34.7,64,127.0,Apple,Groundnut
Uttar Pradesh,Muzaffarnagar,Loamy Soil,Whole Year,28.7,71,107.7,Orange,Sugarcane
Uttar Pradesh,Muzaffarnagar,Sandy Soil,Rabi,35.4,92,83.5,Coffee,Groundnut
Uttar Pradesh,Muzaffarnagar,Black Soil,Zaid,33.2,53,257.1,Muskmelon,Jowar
Uttar Pradesh,Muzaffarnagar,Sandy Soil,Rabi,24.0,81,82.2,Muskmelon,Muskmelon
Uttar Pradesh,Muzaffarnagar,Alluvial Soil,Whole Year,18.5,82,109.3,Banana,Sugarcane
Uttar Pradesh,Muzaffarnagar,Black Soil,Whole Year,26.6,60,343.3,Watermelon,Jowar
Uttar Pradesh,Muzaffarnagar,Loamy Soil,Whole Year,29.2,46,278.0,Chickpea,Rice
Uttar Pradesh,Muzaffarnagar,Black Soil,Whole Year,22.9,57,60.9,Apple,Soybean
Uttar Pradesh,Muzaffarnagar,Laterite Soil,Zaid,38.8,47,159.8,Banana,Cashew
Uttar Pradesh,Pilibhit,Loamy Soil,Kharif,33.6,79,175.4,Watermelon,Maize
Uttar Pradesh,Pilibhit,Alluvial Soil,Kharif,26.5,89,290.1,Lentil,Sugarcane
Uttar Pradesh,Pilibhit,Black Soil,Zaid,27.1,66,163.0,Mango,Soybean
Uttar Pradesh,Pilibhit,Alluvial Soil,Kharif,37.2,86,68.6,Watermelon,Sugarcane
Uttar Pradesh,Pilibhit,Black Soil,Kharif,38.4,42,195.8,Watermelon,Jowar
Uttar Pradesh,Pilibhit,Black Soil,Rabi,37.9,81,290.1,Grapes,Jowar
Uttar Pradesh,Pilibhit,Sandy Soil,Kharif,28.8,66,49.8,Mothbeans,Groundnut
Uttar Pradesh,Pilibhit,Alluvial Soil,Rabi,23.3,70,86.8,Rice,Maize
Uttar Pradesh,Pilibhit,Red Soil,Rabi,32.5,66,119.0,Lentil,Pulses
Uttar Pradesh,Pilibhit,Sandy Soil,Zaid,38.7,76,311.3,Apple,Groundnut
Uttar Pradesh,Pilibhit,Sandy Soil,Whole Year,39.8,88,265.8,Chickpea,Groundnut
Uttar Pradesh,Pilibhit,Alluvial Soil,Whole Year,39.2,79,96.5,Pomegranate,Maize
Uttar Pradesh,Pilibhit,Loamy Soil,Rabi,26.4,94,56.1,Pigeonpeas,Maize
Uttar Pradesh,Pilibhit,Alluvial Soil,Rabi,22.4,65,252.0,Kidneybeans,Sugarcane
Uttar Pradesh,Pilibhit,Alluvial Soil,Rabi,25.7,95,328.2,Watermelon,Rice
Uttar Pradesh,Pilibhit,Black Soil,Rabi,23.9,45,318.9,Coconut,Jowar
Uttar Pradesh,Pilibhit,Black Soil,Zaid,19.7,45,319.0,Rice,Jowar
Uttar Pradesh,Pilibhit,Laterite Soil,Zaid,20.1,78,121.8,Watermelon,Cashew
Uttar Pradesh,Pilibhit,Red Soil,Kharif,19.6,67,48.5,Coconut,Pulses
Uttar Pradesh,Pilibhit,Laterite Soil,Zaid,27.1,74,63.8,Mungbean,Coffee
Uttar Pradesh,Pratapgarh,Black Soil,Kharif,34.2,95,259.1,Lentil,Soybean
Uttar Pradesh,Pratapgarh,Alluvial Soil,Whole Year,27.0,56,201.6,Blackgram,Maize
Uttar Pradesh,Pratapgarh,Red Soil,Zaid,29.0,44,99.6,Blackgram,Millets
Uttar Pradesh,Pratapgarh,Loamy Soil,Rabi,33.7,69,330.9,Lentil,Sugarcane
Uttar Pradesh,Pratapgarh,Red Soil,Zaid,24.4,62,46.1,Blackgram,Pulses
Uttar Pradesh,Pratapgarh,Red Soil,Whole Year,31.0,79,184.6,Rice,Pulses
Uttar Pradesh,Pratapgarh,Red Soil,Rabi,39.3,54,157.1,Papaya,Millets
Uttar Pradesh,Pratapgarh,Black Soil,Kharif,23.6,82,200.4,Chickpea,Soybean
Uttar Pradesh,Pratapgarh,Sandy Soil,Rabi,24.5,40,140.4,Blackgram,Watermelon
Uttar Pradesh,Pratapgarh,Red Soil,Kharif,26.1,90,39.3,Pigeonpeas,Groundnut
Uttar Pradesh,Pratapgarh,Red Soil,Whole Year,32.5,52,102.0,Watermelon,Millets
Uttar Pradesh,Pratapgarh,Red Soil,Whole Year,32.0,68,100.6,Watermelon,Groundnut
Uttar Pradesh,Pratapgarh,Red Soil,Zaid,36.4,88,313.7,Chickpea,Millets
Uttar Pradesh,Pratapgarh,Sandy Soil,Whole Year,19.8,55,67.8,Pomegranate,Groundnut
Uttar Pradesh,Pratapgarh,Laterite Soil,Kharif,26.3,80,84.2,Mothbeans,Tea
Uttar Pradesh,Pratapgarh,Red Soil,Rabi,20.9,75,33.6,Watermelon,Millets
Uttar Pradesh,Pratapgarh,Black Soil,Rabi,36.9,74,222.7,Rice,Cotton
Uttar Pradesh,Pratapgarh,Laterite Soil,Rabi,37.1,71,255.7,Mungbean,Tea
Uttar Pradesh,Pratapgarh,Alluvial Soil,Kharif,28.5,47,74.1,Mothbeans,Wheat
Uttar Pradesh,Pratapgarh,Alluvial Soil,Kharif,38.9,55,283.7,Grapes,Rice
Uttar Pradesh,Prayagraj,Alluvial Soil,Whole Year,24.0,55,345.7,Jute,Rice
Uttar Pradesh,Prayagraj,Laterite Soil,Rabi,39.7,86,55.9,Apple,Coffee
Uttar Pradesh,Prayagraj,Loamy Soil,Rabi,38.1,93,20.1,Orange,Sugarcane
Uttar Pradesh,Prayagraj,Black Soil,Zaid,36.7,83,147.1,Banana,Soybean
Uttar Pradesh,Prayagraj,Red Soil,Rabi,27.7,74,350.0,Mungbean,Groundnut
Uttar Pradesh,Prayagraj,Laterite Soil,Kharif,23.5,88,118.9,Maize,Cashew
Uttar Pradesh,Prayagraj,Sandy Soil,Kharif,20.5,74,44.9,Pigeonpeas,Muskmelon
Uttar Pradesh,Prayagraj,Alluvial Soil,Kharif,31.3,63,196.9,Pigeonpeas,Wheat
Uttar Pradesh,Prayagraj,Laterite Soil,Zaid,24.3,42,150.8,Maize,Tea
Uttar Pradesh,Prayagraj,Laterite Soil,Whole Year,33.4,55,160.4,Rice,Cashew
Uttar Pradesh,Prayagraj,Laterite Soil,Whole Year,18.6,65,270.2,Mungbean,Coffee
Uttar Pradesh,Prayagraj,Alluvial Soil,Zaid,39.2,41,202.4,Jute,Sugarcane
Uttar Pradesh,Prayagraj,Black Soil,Rabi,39.6,42,255.0,Coconut,Soybean
Uttar Pradesh,Prayagraj,Loamy Soil,Zaid,21.9,74,237.2,Pigeonpeas,Rice
Uttar Pradesh,Prayagraj,Black Soil,Whole Year,38.3,60,289.6,Papaya,Cotton
Uttar Pradesh,Prayagraj,Laterite Soil,Zaid,37.4,71,217.4,Papaya,Coffee
Uttar Pradesh,Prayagraj,Black Soil,Zaid,30.5,79,329.7,Maize,Cotton
Uttar Pradesh,Prayagraj,Black Soil,Whole Year,23.0,46,149.2,Pigeonpeas,Jowar
Uttar Pradesh,Prayagraj,Loamy Soil,Zaid,29.0,76,304.9,Watermelon,Sugarcane
Uttar Pradesh,Prayagraj,Loamy Soil,Kharif,30.5,89,50.0,Coconut,Wheat
Uttar Pradesh,Raebareli,Loamy Soil,Whole Year,27.0,56,92.4,Coffee,Maize
Uttar Pradesh,Raebareli,Alluvial Soil,Rabi,30.4,75,158.4,Maize,Wheat
Uttar Pradesh,Raebareli,Sandy Soil,Zaid,30.3,92,257.6,Cotton,Muskmelon
Uttar Pradesh,Raebareli,Laterite Soil,Whole Year,29.2,46,315.2,Pigeonpeas,Coffee
Uttar Pradesh,Raebareli,Laterite Soil,Rabi,34.2,69,79.9,Chickpea,Coffee
Uttar Pradesh,Raebareli,Laterite Soil,Zaid,39.8,51,251.8,Blackgram,Tea
Uttar Pradesh,Raebareli,Sandy Soil,Kharif,18.5,44,175.5,Pigeonpeas,Watermelon
Uttar Pradesh,Raebareli,Laterite Soil,Kharif,29.5,87,217.1,Cotton,Coffee
Uttar Pradesh,Raebareli,Laterite Soil,Kharif,39.5,74,322.8,Coffee,Coffee
Uttar Pradesh,Raebareli,Alluvial Soil,Zaid,32.9,40,96.6,Jute,Maize
Uttar Pradesh,Raebareli,Laterite Soil,Rabi,18.4,52,324.1,Banana,Cashew
Uttar Pradesh,Raebareli,Loamy Soil,Zaid,21.3,90,279.6,Kidneybeans,Sugarcane
Uttar Pradesh,Raebareli,Laterite Soil,Rabi,38.3,41,246.8,Mungbean,Coffee
Uttar Pradesh,Raebareli,Loamy Soil,Whole Year,25.4,41,349.6,Mungbean,Wheat
Uttar Pradesh,Raebareli,Black Soil,Zaid,31.8,84,94.9,Pigeonpeas,Soybean
Uttar Pradesh,Raebareli,Laterite Soil,Kharif,30.0,65,313.4,Maize,Coffee
Uttar Pradesh,Raebareli,Alluvial Soil,Kharif,20.9,65,53.2,Chickpea,Sugarcane
Uttar Pradesh,Raebareli,Loamy Soil,Rabi,26.2,58,145.2,Pomegranate,Maize
Uttar Pradesh,Raebareli,Red Soil,Rabi,38.4,50,245.5,Lentil,Groundnut
Uttar Pradesh,Raebareli,Alluvial Soil,Kharif,27.1,49,189.2,Banana,Rice
Uttar Pradesh,Rampur,Alluvial Soil,Rabi,19.0,81,92.7,Kidneybeans,Maize
Uttar Pradesh,Rampur,Alluvial Soil,Whole Year,28.9,78,46.2,Banana,Rice
Uttar Pradesh,Rampur,Loamy Soil,Whole Year,24.1,95,244.0,Pomegranate,Maize
Uttar Pradesh,Rampur,Red Soil,Rabi,37.7,76,150.4,Rice,Groundnut
Uttar Pradesh,Rampur,Sandy Soil,Kharif,26.8,49,344.2,Mango,Muskmelon
Uttar Pradesh,Rampur,Sandy Soil,Whole Year,37.8,60,213.4,Lentil,Groundnut
Uttar Pradesh,Rampur,Loamy Soil,Kharif,22.0,74,64.1,Papaya,Wheat
Uttar Pradesh,Rampur,Black Soil,Kharif,25.2,63,279.0,Cotton,Jowar
Uttar Pradesh,Rampur,Black Soil,Rabi,25.6,74,337.8,Pomegranate,Cotton
Uttar Pradesh,Rampur,Alluvial Soil,Rabi,25.4,52,117.4,Grapes,Sugarcane
Uttar Pradesh,Rampur,Sandy Soil,Rabi,36.5,75,90.1,Maize,Watermelon
Uttar Pradesh,Rampur,Sandy Soil,Whole Year,38.1,80,175.8,Coconut,Watermelon
Uttar Pradesh,Rampur,Red Soil,Zaid,23.4,95,171.5,Pomegranate,Millets
Uttar Pradesh,Rampur,Sandy Soil,Zaid,20.3,82,168.4,Coffee,Muskmelon
Uttar Pradesh,Rampur,Laterite Soil,Whole Year,22.9,56,301.2,Mango,Tea
Uttar Pradesh,Rampur,Black Soil,Kharif,19.7,72,337.3,Maize,Cotton
Uttar Pradesh,Rampur,Red Soil,Whole Year,31.8,80,52.7,Blackgram,Pulses
Uttar Pradesh,Rampur,Black Soil,Whole Year,37.3,64,240.3,Apple,Soybean
Uttar Pradesh,Rampur,Red Soil,Kharif,33.2,87,25.0,Coffee,Pulses
Uttar Pradesh,Rampur,Laterite Soil,Zaid,27.8,43,178.6,Rice,Cashew
Uttar Pradesh,Saharanpur,Sandy Soil,Whole Year,29.1,91,128.0,Lentil,Muskmelon
Uttar Pradesh,Saharanpur,Laterite Soil,Rabi,36.7,44,23.1,Muskmelon,Tea
Uttar Pradesh,Saharanpur,Red Soil,Kharif,24.8,48,339.2,Watermelon,Millets
Uttar Pradesh,Saharanpur,Sandy Soil,Kharif,33.3,51,308.7,Orange,Groundnut
Uttar Pradesh,Saharanpur,Loamy Soil,Whole Year,32.6,64,188.1,Lentil,Wheat
Uttar Pradesh,Saharanpur,Loamy Soil,Rabi,35.6,48,179.8,Coconut,Wheat
Uttar Pradesh,Saharanpur,Loamy Soil,Whole Year,34.4,95,147.6,Lentil,Maize
Uttar Pradesh,Saharanpur,Laterite Soil,Whole Year,33.4,74,297.4,Rice,Cashew
Uttar Pradesh,Saharanpur,Loamy Soil,Rabi,22.7,47,279.3,Jute,Rice
Uttar Pradesh,Saharanpur,Red Soil,Rabi,31.8,60,339.4,Maize,Pulses
Uttar Pradesh,Saharanpur,Alluvial Soil,Zaid,26.3,84,167.4,Apple,Wheat
Uttar Pradesh,Saharanpur,Laterite Soil,Zaid,19.3,77,24.4,Cotton,Coffee
Uttar Pradesh,Saharanpur,Black Soil,Rabi,31.3,85,306.6,Banana,Jowar
Uttar Pradesh,Saharanpur,Sandy Soil,Zaid,30.4,79,259.3,Jute,Muskmelon
Uttar Pradesh,Saharanpur,Sandy Soil,Rabi,39.7,42,325.9,Banana,Groundnut
Uttar Pradesh,Saharanpur,Red Soil,Zaid,36.1,47,103.1,Muskmelon,Pulses
Uttar Pradesh,Saharanpur,Black Soil,Zaid,33.5,78,169.8,Lentil,Jowar
Uttar Pradesh,Saharanpur,Alluvial Soil,Rabi,19.4,62,131.8,Grapes,Rice
Uttar Pradesh,Saharanpur,Sandy Soil,Rabi,27.0,91,126.0,Chickpea,Muskmelon
Uttar Pradesh,Saharanpur,Red Soil,Kharif,29.7,68,44.7,Pigeonpeas,Groundnut
Uttar Pradesh,Sambhal,Sandy Soil,Rabi,37.9,78,28.0,Maize,Muskmelon
Uttar Pradesh,Sambhal,Alluvial Soil,Rabi,36.1,45,280.7,Watermelon,Sugarcane
Uttar Pradesh,Sambhal,Laterite Soil,Rabi,27.4,68,187.0,Mungbean,Tea
Uttar Pradesh,Sambhal,Black Soil,Rabi,22.2,65,167.3,Chickpea,Cotton
Uttar Pradesh,Sambhal,Alluvial Soil,Whole Year,38.3,79,251.3,Banana,Maize
Uttar Pradesh,Sambhal,Red Soil,Rabi,20.4,94,290.1,Muskmelon,Groundnut
Uttar Pradesh,Sambhal,Red Soil,Zaid,21.7,70,278.8,Orange,Millets
Uttar Pradesh,Sambhal,Sandy Soil,Rabi,33.9,92,158.1,Watermelon,Watermelon
Uttar Pradesh,Sambhal,Alluvial Soil,Rabi,38.2,56,180.2,Muskmelon,Maize
Uttar Pradesh,Sambhal,Sandy Soil,Zaid,35.5,64,328.1,Mungbean,Muskmelon
Uttar Pradesh,Sambhal,Alluvial Soil,Rabi,32.0,70,225.5,Pigeonpeas,Wheat
Uttar Pradesh,Sambhal,Alluvial Soil,Rabi,29.5,56,217.4,Chickpea,Maize
Uttar Pradesh,Sambhal,Alluvial Soil,Whole Year,22.9,64,75.9,Pomegranate,Maize
Uttar Pradesh,Sambhal,Sandy Soil,Kharif,20.2,87,296.1,Blackgram,Watermelon
Uttar Pradesh,Sambhal,Sandy Soil,Rabi,36.0,69,86.6,Jute,Muskmelon
Uttar Pradesh,Sambhal,Alluvial Soil,Kharif,32.0,59,67.3,Jute,Rice
Uttar Pradesh,Sambhal,Loamy Soil,Whole Year,31.1,60,42.9,Watermelon,Maize
Uttar Pradesh,Sambhal,Laterite Soil,Rabi,29.1,72,212.1,Apple,Cashew
Uttar Pradesh,Sambhal,Laterite Soil,Whole Year,39.9,40,253.8,Coconut,Coffee
Uttar Pradesh,Sambhal,Sandy Soil,Rabi,38.6,77,204.2,Mothbeans,Groundnut
Uttar Pradesh,Sant Kabir Nagar,Loamy Soil,Zaid,25.1,73,191.9,Jute,Maize
Uttar Pradesh,Sant Kabir Nagar,Laterite Soil,Kharif,25.0,75,269.2,Pomegranate,Tea
Uttar Pradesh,Sant Kabir Nagar,Alluvial Soil,Zaid,26.6,94,288.8,Mango,Sugarcane
Uttar Pradesh,Sant Kabir Nagar,Loamy Soil,Rabi,32.4,94,20.7,Coffee,Wheat
Uttar Pradesh,Sant Kabir Nagar,Black Soil,Whole Year,25.9,48,329.1,Papaya,Cotton
Uttar Pradesh,Sant Kabir Nagar,Sandy Soil,Zaid,34.1,54,163.0,Muskmelon,Watermelon
Uttar Pradesh,Sant Kabir Nagar,Alluvial Soil,Kharif,24.9,88,60.8,Kidneybeans,Rice
Uttar Pradesh,Sant Kabir Nagar,Alluvial Soil,Kharif,31.4,90,157.1,Jute,Sugarcane
Uttar Pradesh,Sant Kabir Nagar,Sandy Soil,Rabi,35.7,83,260.5,Orange,Muskmelon
Uttar Pradesh,Sant Kabir Nagar,Loamy Soil,Zaid,38.7,90,154.3,Kidneybeans,Wheat
Uttar Pradesh,Sant Kabir Nagar,Black Soil,Zaid,30.2,67,116.7,Chickpea,Cotton
Uttar Pradesh,Sant Kabir Nagar,Sandy Soil,Whole Year,18.6,83,348.0,Grapes,Watermelon
Uttar Pradesh,Sant Kabir Nagar,Red Soil,Rabi,32.9,80,349.5,Banana,Pulses
Uttar Pradesh,Sant Kabir Nagar,Red Soil,Zaid,29.9,72,55.9,Maize,Pulses
Uttar Pradesh,Sant Kabir Nagar,Alluvial Soil,Rabi,35.2,61,268.9,Apple,Sugarcane
Uttar Pradesh,Sant Kabir Nagar,Alluvial Soil,Kharif,39.8,49,53.4,Lentil,Maize
Uttar Pradesh,Sant Kabir Nagar,Alluvial Soil,Kharif,35.9,93,152.1,Muskmelon,Rice
Uttar Pradesh,Sant Kabir Nagar,Black Soil,Whole Year,25.2,85,135.3,Grapes,Cotton
Uttar Pradesh,Sant Kabir Nagar,Laterite Soil,Zaid,27.6,52,283.9,Pomegranate,Tea
Uttar Pradesh,Sant Kabir Nagar,Sandy Soil,Whole Year,37.2,67,126.8,Maize,Muskmelon
Uttar Pradesh,Shahjahanpur,Alluvial Soil,Zaid,27.8,45,208.4,Pomegranate,Wheat
Uttar Pradesh,Shahjahanpur,Black Soil,Kharif,27.7,76,37.7,Apple,Soybean
Uttar Pradesh,Shahjahanpur,Loamy Soil,Kharif,24.0,45,135.0,Apple,Rice
Uttar Pradesh,Shahjahanpur,Sandy Soil,Whole Year,21.6,51,119.2,Grapes,Watermelon
Uttar Pradesh,Shahjahanpur,Laterite Soil,Kharif,31.9,87,141.5,Apple,Tea
Uttar Pradesh,Shahjahanpur,Alluvial Soil,Whole Year,19.9,90,46.7,Mungbean,Maize
Uttar Pradesh,Shahjahanpur,Alluvial Soil,Rabi,37.1,87,271.5,Chickpea,Sugarcane
Uttar Pradesh,Shahjahanpur,Laterite Soil,Zaid,39.4,80,173.3,Cotton,Tea
Uttar Pradesh,Shahjahanpur,Laterite Soil,Kharif,28.6,49,183.4,Banana,Cashew
Uttar Pradesh,Shahjahanpur,Sandy Soil,Whole Year,34.0,85,284.7,Pigeonpeas,Groundnut
Uttar Pradesh,Shahjahanpur,Loamy Soil,Zaid,21.6,86,269.5,Pomegranate,Sugarcane
Uttar Pradesh,Shahjahanpur,Sandy Soil,Kharif,21.5,89,211.9,Mango,Watermelon
Uttar Pradesh,Shahjahanpur,Alluvial Soil,Kharif,30.6,48,243.3,Mango,Maize
Uttar Pradesh,Shahjahanpur,Red Soil,Whole Year,25.8,76,204.1,Coconut,Pulses
Uttar Pradesh,Shahjahanpur,Loamy Soil,Whole Year,35.7,62,75.1,Coffee,Rice
Uttar Pradesh,Shahjahanpur,Loamy Soil,Whole Year,28.6,87,309.2,Coconut,Wheat
Uttar Pradesh,Shahjahanpur,Laterite Soil,Rabi,21.5,61,138.8,Kidneybeans,Cashew
Uttar Pradesh,Shahjahanpur,Alluvial Soil,Whole Year,31.9,77,278.8,Banana,Maize
Uttar Pradesh,Shahjahanpur,Laterite Soil,Zaid,25.6,79,162.4,Banana,Cashew
Uttar Pradesh,Shahjahanpur,Loamy Soil,Rabi,23.4,73,208.0,Banana,Maize
Uttar Pradesh,Shamli,Laterite Soil,Rabi,24.0,87,175.4,Coconut,Cashew
Uttar Pradesh,Shamli,Alluvial Soil,Rabi,18.7,89,89.7,Kidneybeans,Maize
Uttar Pradesh,Shamli,Laterite Soil,Rabi,23.5,64,106.5,Orange,Cashew
Uttar Pradesh,Shamli,Black Soil,Zaid,20.6,61,244.0,Pomegranate,Jowar
Uttar Pradesh,Shamli,Black Soil,Zaid,26.6,70,330.8,Mungbean,Soybean
Uttar Pradesh,Shamli,Alluvial Soil,Zaid,23.6,69,317.9,Jute,Rice
Uttar Pradesh,Shamli,Black Soil,Whole Year,21.7,64,75.2,Grapes,Soybean
Uttar Pradesh,Shamli,Sandy Soil,Whole Year,36.8,61,328.7,Rice,Groundnut
Uttar Pradesh,Shamli,Laterite Soil,Whole Year,24.2,55,139.6,Lentil,Coffee
Uttar Pradesh,Shamli,Black Soil,Kharif,29.4,50,155.7,Mothbeans,Jowar
Uttar Pradesh,Shamli,Alluvial Soil,Kharif,19.5,59,124.2,Apple,Maize
Uttar Pradesh,Shamli,Laterite Soil,Kharif,28.8,72,59.1,Muskmelon,Tea
Uttar Pradesh,Shamli,Loamy Soil,Zaid,21.6,57,274.5,Orange,Rice
Uttar Pradesh,Shamli,Black Soil,Kharif,38.0,45,155.9,Rice,Soybean
Uttar Pradesh,Shamli,Loamy Soil,Whole Year,18.2,69,332.3,Muskmelon,Maize
Uttar Pradesh,Shamli,Sandy Soil,Rabi,30.2,84,217.6,Muskmelon,Groundnut
Uttar Pradesh,Shamli,Red Soil,Kharif,24.2,56,58.2,Chickpea,Millets
Uttar Pradesh,Shamli,Alluvial Soil,Rabi,26.0,95,348.6,Pigeonpeas,Sugarcane
Uttar Pradesh,Shamli,Laterite Soil,Rabi,28.0,86,245.1,Jute,Tea
Uttar Pradesh,Shamli,Alluvial Soil,Zaid,36.4,47,107.4,Coffee,Maize
Uttar Pradesh,Shravasti,Laterite Soil,Zaid,30.0,90,176.6,Mothbeans,Tea
Uttar Pradesh,Shravasti,Laterite Soil,Zaid,25.4,42,267.2,Rice,Coffee
Uttar Pradesh,Shravasti,Loamy Soil,Kharif,27.6,80,343.4,Maize,Rice
Uttar Pradesh,Shravasti,Laterite Soil,Whole Year,27.3,58,226.7,Jute,Tea
Uttar Pradesh,Shravasti,Red Soil,Kharif,24.7,45,349.7,Maize,Millets
Uttar Pradesh,Shravasti,Red Soil,Rabi,21.6,72,118.7,Pomegranate,Millets
Uttar Pradesh,Shravasti,Sandy Soil,Zaid,38.1,51,278.3,Watermelon,Watermelon
Uttar Pradesh,Shravasti,Laterite Soil,Rabi,38.4,89,239.4,Mungbean,Tea
Uttar Pradesh,Shravasti,Sandy Soil,Whole Year,21.2,41,308.8,Orange,Muskmelon
Uttar Pradesh,Shravasti,Red Soil,Whole Year,34.4,89,315.2,Chickpea,Millets
Uttar Pradesh,Shravasti,Loamy Soil,Rabi,38.9,70,340.0,Mungbean,Rice
Uttar Pradesh,Shravasti,Red Soil,Rabi,28.9,72,184.9,Coconut,Pulses
Uttar Pradesh,Shravasti,Alluvial Soil,Rabi,27.0,76,318.8,Cotton,Rice
Uttar Pradesh,Shravasti,Alluvial Soil,Rabi,19.3,41,154.1,Papaya,Maize
Uttar Pradesh,Shravasti,Sandy Soil,Zaid,35.8,67,156.8,Apple,Watermelon
Uttar Pradesh,Shravasti,Loamy Soil,Zaid,20.6,74,91.8,Grapes,Rice
Uttar Pradesh,Shravasti,Black Soil,Whole Year,32.3,46,219.7,Mothbeans,Jowar
Uttar Pradesh,Shravasti,Sandy Soil,Zaid,39.1,83,232.2,Grapes,Watermelon
Uttar Pradesh,Shravasti,Sandy Soil,Kharif,35.9,66,282.6,Mungbean,Groundnut
Uttar Pradesh,Shravasti,Black Soil,Rabi,22.2,84,200.5,Banana,Cotton
Uttar Pradesh,Siddharthnagar,Red Soil,Whole Year,24.2,85,88.0,Mungbean,Millets
Uttar Pradesh,Siddharthnagar,Red Soil,Zaid,27.6,55,27.2,Lentil,Groundnut
Uttar Pradesh,Siddharthnagar,Loamy Soil,Kharif,33.1,66,109.4,Cotton,Rice
Uttar Pradesh,Siddharthnagar,Alluvial Soil,Zaid,30.7,73,175.9,Lentil,Rice
Uttar Pradesh,Siddharthnagar,Black Soil,Zaid,20.1,83,338.5,Watermelon,Jowar
Uttar Pradesh,Siddharthnagar,Laterite Soil,Rabi,30.5,78,123.1,Papaya,Coffee
Uttar Pradesh,Siddharthnagar,Laterite Soil,Zaid,26.1,92,175.3,Grapes,Cashew
Uttar Pradesh,Siddharthnagar,Red Soil,Whole Year,23.2,57,127.7,Pomegranate,Millets
Uttar Pradesh,Siddharthnagar,Sandy Soil,Kharif,24.3,62,190.9,Papaya,Groundnut
Uttar Pradesh,Siddharthnagar,Alluvial Soil,Zaid,23.5,76,226.5,Muskmelon,Sugarcane
Uttar Pradesh,Siddharthnagar,Black Soil,Whole Year,33.2,90,150.7,Cotton,Cotton
Uttar Pradesh,Siddharthnagar,Black Soil,Zaid,21.2,87,260.8,Mango,Soybean
Uttar Pradesh,Siddharthnagar,Loamy Soil,Rabi,39.2,88,239.8,Orange,Sugarcane
Uttar Pradesh,Siddharthnagar,Alluvial Soil,Kharif,36.9,53,136.5,Cotton,Sugarcane
Uttar Pradesh,Siddharthnagar,Loamy Soil,Rabi,37.3,76,271.4,Orange,Wheat
Uttar Pradesh,Siddharthnagar,Alluvial Soil,Kharif,19.1,46,229.8,Cotton,Rice
Uttar Pradesh,Siddharthnagar,Alluvial Soil,Rabi,25.4,77,53.0,Watermelon,Maize
Uttar Pradesh,Siddharthnagar,Sandy Soil,Rabi,19.1,79,279.7,Orange,Muskmelon
Uttar Pradesh,Siddharthnagar,Laterite Soil,Whole Year,28.1,66,46.9,Pomegranate,Tea
Uttar Pradesh,Siddharthnagar,Laterite Soil,Zaid,25.6,52,199.9,Mungbean,Cashew
Uttar Pradesh,Sitapur,Loamy Soil,Rabi,20.1,56,171.8,Lentil,Wheat
Uttar Pradesh,Sitapur,Red Soil,Rabi,34.8,86,56.8,Apple,Pulses
Uttar Pradesh,Sitapur,Alluvial Soil,Whole Year,20.6,55,335.7,Pigeonpeas,Wheat
Uttar Pradesh,Sitapur,Black Soil,Zaid,37.5,87,205.2,Grapes,Soybean
Uttar Pradesh,Sitapur,Sandy Soil,Rabi,26.5,69,309.8,Apple,Muskmelon
Uttar Pradesh,Sitapur,Laterite Soil,Kharif,25.0,77,67.4,Papaya,Cashew
Uttar Pradesh,Sitapur,Black Soil,Zaid,37.3,65,344.3,Orange,Jowar
Uttar Pradesh,Sitapur,Sandy Soil,Rabi,37.1,60,43.1,Lentil,Muskmelon
Uttar Pradesh,Sitapur,Sandy Soil,Rabi,37.6,54,35.7,Coconut,Watermelon
Uttar Pradesh,Sitapur,Sandy Soil,Whole Year,32.3,40,81.3,Jute,Muskmelon
Uttar Pradesh,Sitapur,Red Soil,Zaid,33.2,46,86.0,Lentil,Millets
Uttar Pradesh,Sitapur,Red Soil,Rabi,24.3,64,232.4,Grapes,Groundnut
Uttar Pradesh,Sitapur,Alluvial Soil,Kharif,25.6,49,218.3,Muskmelon,Wheat
Uttar Pradesh,Sitapur,Alluvial Soil,Rabi,21.6,41,89.3,Chickpea,Sugarcane
Uttar Pradesh,Sitapur,Black Soil,Rabi,34.9,93,194.5,Banana,Cotton
Uttar Pradesh,Sitapur,Black Soil,Zaid,37.7,76,159.8,Coconut,Jowar
Uttar Pradesh,Sitapur,Laterite Soil,Whole Year,21.2,63,64.1,Blackgram,Cashew
Uttar Pradesh,Sitapur,Black Soil,Kharif,20.9,87,213.3,Coffee,Soybean
Uttar Pradesh,Sitapur,Loamy Soil,Zaid,20.0,54,310.6,Maize,Maize
Uttar Pradesh,Sitapur,Loamy Soil,Rabi,34.2,74,152.9,Mungbean,Rice
Uttar Pradesh,Sonbhadra,Black Soil,Kharif,18.2,46,41.9,Pigeonpeas,Cotton
Uttar Pradesh,Sonbhadra,Laterite Soil,Whole Year,29.3,66,264.1,Coffee,Tea
Uttar Pradesh,Sonbhadra,Laterite Soil,Zaid,32.2,61,38.8,Mothbeans,Cashew
Uttar Pradesh,Sonbhadra,Loamy Soil,Rabi,35.2,75,321.9,Mungbean,Rice
Uttar Pradesh,Sonbhadra,Laterite Soil,Kharif,32.9,71,128.0,Orange,Tea
Uttar Pradesh,Sonbhadra,Black Soil,Zaid,38.9,64,206.6,Kidneybeans,Cotton
Uttar Pradesh,Sonbhadra,Sandy Soil,Kharif,37.1,55,238.8,Muskmelon,Muskmelon
Uttar Pradesh,Sonbhadra,Black Soil,Zaid,23.9,50,284.4,Papaya,Soybean
Uttar Pradesh,Sonbhadra,Sandy Soil,Zaid,22.3,84,213.4,Banana,Watermelon
Uttar Pradesh,Sonbhadra,Black Soil,Rabi,24.0,55,212.0,Muskmelon,Cotton
Uttar Pradesh,Sonbhadra,Black Soil,Whole Year,35.1,68,129.0,Banana,Soybean
Uttar Pradesh,Sonbhadra,Loamy Soil,Kharif,18.4,77,162.8,Kidneybeans,Wheat
Uttar Pradesh,Sonbhadra,Alluvial Soil,Whole Year,30.3,42,81.6,Watermelon,Wheat
Uttar Pradesh,Sonbhadra,Red Soil,Rabi,39.8,66,105.9,Rice,Groundnut
Uttar Pradesh,Sonbhadra,Alluvial Soil,Whole Year,26.5,60,108.3,Coconut,Wheat
Uttar Pradesh,Sonbhadra,Black Soil,Kharif,20.8,69,270.7,Chickpea,Jowar
Uttar Pradesh,Sonbhadra,Sandy Soil,Kharif,29.3,91,43.4,Pomegranate,Muskmelon
Uttar Pradesh,Sonbhadra,Loamy Soil,Whole Year,26.5,44,116.0,Chickpea,Rice
Uttar Pradesh,Sonbhadra,Loamy Soil,Rabi,33.4,73,105.3,Muskmelon,Wheat
Uttar Pradesh,Sonbhadra,Laterite Soil,Rabi,34.1,56,130.6,Apple,Coffee
Uttar Pradesh,Sultanpur,Loamy Soil,Whole Year,30.8,63,64.1,Mango,Sugarcane
Uttar Pradesh,Sultanpur,Laterite Soil,Whole Year,26.8,79,256.6,Grapes,Tea
Uttar Pradesh,Sultanpur,Alluvial Soil,Whole Year,26.6,70,325.5,Pigeonpeas,Sugarcane
Uttar Pradesh,Sultanpur,Red Soil,Kharif,24.4,84,264.2,Coffee,Groundnut
Uttar Pradesh,Sultanpur,Black Soil,Zaid,24.6,52,317.0,Mango,Jowar
Uttar Pradesh,Sultanpur,Sandy Soil,Zaid,18.8,76,277.3,Banana,Muskmelon
Uttar Pradesh,Sultanpur,Sandy Soil,Kharif,25.2,86,54.2,Muskmelon,Groundnut
Uttar Pradesh,Sultanpur,Loamy Soil,Whole Year,21.5,74,309.7,Pigeonpeas,Rice
Uttar Pradesh,Sultanpur,Red Soil,Rabi,33.2,58,160.4,Rice,Millets
Uttar Pradesh,Sultanpur,Alluvial Soil,Rabi,21.3,78,155.8,Lentil,Sugarcane
Uttar Pradesh,Sultanpur,Black Soil,Whole Year,30.5,95,249.7,Coffee,Jowar
Uttar Pradesh,Sultanpur,Black Soil,Zaid,20.1,93,195.8,Pomegranate,Cotton
Uttar Pradesh,Sultanpur,Red Soil,Zaid,25.3,91,262.0,Mungbean,Groundnut
Uttar Pradesh,Sultanpur,Sandy Soil,Kharif,28.7,56,275.4,Mungbean,Groundnut
Uttar Pradesh,Sultanpur,Sandy Soil,Zaid,26.2,55,348.8,Muskmelon,Watermelon
Uttar Pradesh,Sultanpur,Alluvial Soil,Zaid,32.7,41,243.7,Grapes,Sugarcane
Uttar Pradesh,Sultanpur,Sandy Soil,Whole Year,28.3,94,69.5,Mango,Groundnut
Uttar Pradesh,Sultanpur,Alluvial Soil,Zaid,27.2,76,258.8,Orange,Wheat
Uttar Pradesh,Sultanpur,Alluvial Soil,Rabi,34.8,95,247.1,Coffee,Sugarcane
Uttar Pradesh,Sultanpur,Sandy Soil,Zaid,32.4,79,43.6,Blackgram,Groundnut
Uttar Pradesh,Unnao,Alluvial Soil,Zaid,23.5,90,219.6,Cotton,Sugarcane
Uttar Pradesh,Unnao,Red Soil,Zaid,31.5,78,244.0,Mungbean,Pulses
Uttar Pradesh,Unnao,Red Soil,Rabi,35.1,77,308.4,Chickpea,Millets
Uttar Pradesh,Unnao,Black Soil,Zaid,34.8,90,59.0,Coffee,Soybean
Uttar Pradesh,Unnao,Alluvial Soil,Whole Year,28.7,70,318.6,Mungbean,Sugarcane
Uttar Pradesh,Unnao,Black Soil,Rabi,19.5,54,276.0,Lentil,Jowar
Uttar Pradesh,Unnao,Black Soil,Kharif,36.5,92,76.1,Rice,Jowar
Uttar Pradesh,Unnao,Loamy Soil,Rabi,29.8,50,343.3,Grapes,Sugarcane
Uttar Pradesh,Unnao,Laterite Soil,Zaid,35.4,66,321.6,Lentil,Cashew
Uttar Pradesh,Unnao,Red Soil,Whole Year,31.6,68,278.2,Cotton,Pulses
Uttar Pradesh,Unnao,Red Soil,Zaid,35.2,89,94.8,Watermelon,Millets
Uttar Pradesh,Unnao,Black Soil,Zaid,26.4,44,220.2,Orange,Jowar
Uttar Pradesh,Unnao,Loamy Soil,Whole Year,19.5,84,58.5,Grapes,Sugarcane
Uttar Pradesh,Unnao,Laterite Soil,Rabi,19.1,51,256.6,Pomegranate,Cashew
Uttar Pradesh,Unnao,Red Soil,Kharif,32.7,75,191.3,Rice,Pulses
Uttar Pradesh,Unnao,Red Soil,Zaid,31.5,41,93.0,Muskmelon,Groundnut
Uttar Pradesh,Unnao,Sandy Soil,Rabi,18.5,87,183.2,Orange,Watermelon
Uttar Pradesh,Unnao,Alluvial Soil,Kharif,23.8,80,311.2,Chickpea,Sugarcane
Uttar Pradesh,Unnao,Red Soil,Zaid,23.2,60,31.3,Maize,Millets
Uttar Pradesh,Unnao,Black Soil,Rabi,36.0,40,103.6,Orange,Jowar
Uttar Pradesh,Varanasi,Loamy Soil,Zaid,38.0,87,216.1,Blackgram,Wheat
Uttar Pradesh,Varanasi,Red Soil,Zaid,38.2,76,69.9,Papaya,Millets
Uttar Pradesh,Varanasi,Red Soil,Rabi,38.1,61,73.5,Muskmelon,Millets
Uttar Pradesh,Varanasi,Alluvial Soil,Rabi,37.9,67,255.5,Lentil,Wheat
Uttar Pradesh,Varanasi,Laterite Soil,Kharif,31.7,61,212.8,Pomegranate,Coffee
Uttar Pradesh,Varanasi,Alluvial Soil,Kharif,38.5,53,22.5,Papaya,Maize
Uttar Pradesh,Varanasi,Laterite Soil,Whole Year,22.8,74,170.4,Coffee,Coffee
Uttar Pradesh,Varanasi,Laterite Soil,Rabi,23.6,79,72.7,Apple,Cashew
Uttar Pradesh,Varanasi,Sandy Soil,Rabi,37.9,53,129.3,Mothbeans,Watermelon
Uttar Pradesh,Varanasi,Laterite Soil,Zaid,28.8,85,44.5,Coffee,Cashew
Uttar Pradesh,Varanasi,Alluvial Soil,Zaid,20.8,84,84.2,Rice,Maize
Uttar Pradesh,Varanasi,Loamy Soil,Kharif,39.2,65,296.4,Orange,Wheat
Uttar Pradesh,Varanasi,Laterite Soil,Kharif,38.1,93,37.6,Mothbeans,Tea
Uttar Pradesh,Varanasi,Black Soil,Zaid,28.7,74,261.5,Apple,Soybean
Uttar Pradesh,Varanasi,Sandy Soil,Rabi,38.5,93,104.8,Mothbeans,Muskmelon
Uttar Pradesh,Varanasi,Laterite Soil,Rabi,38.8,89,129.7,Pigeonpeas,Cashew
Uttar Pradesh,Varanasi,Laterite Soil,Zaid,37.7,48,242.7,Blackgram,Cashew
Uttar Pradesh,Varanasi,Loamy Soil,Rabi,23.9,75,206.7,Apple,Maize
Uttar Pradesh,Varanasi,Black Soil,Whole Year,37.9,94,60.3,Pomegranate,Jowar
Uttar Pradesh,Varanasi,Loamy Soil,Zaid,23.7,74,68.0,Pigeonpeas,Maize
Madhya Pradesh,Agar Malwa,Black Soil,Rabi,21.6,87,257.1,Mango,Jowar
Madhya Pradesh,Agar Malwa,Loamy Soil,Rabi,39.9,90,202.7,Watermelon,Maize
Madhya Pradesh,Agar Malwa,Alluvial Soil,Zaid,31.7,68,86.8,Apple,Sugarcane
Madhya Pradesh,Agar Malwa,Sandy Soil,Kharif,39.6,78,177.6,Apple,Muskmelon
Madhya Pradesh,Agar Malwa,Laterite Soil,Zaid,34.6,60,38.7,Orange,Coffee
Madhya Pradesh,Agar Malwa,Laterite Soil,Rabi,21.4,42,90.5,Pomegranate,Cashew
Madhya Pradesh,Agar Malwa,Red Soil,Kharif,26.7,66,303.6,Apple,Millets
Madhya Pradesh,Agar Malwa,Red Soil,Zaid,20.0,60,348.7,Maize,Groundnut
Madhya Pradesh,Agar Malwa,Sandy Soil,Kharif,24.0,41,285.7,Blackgram,Groundnut
Madhya Pradesh,Agar Malwa,Black Soil,Whole Year,32.1,54,79.4,Blackgram,Jowar
Madhya Pradesh,Agar Malwa,Sandy Soil,Rabi,31.0,41,143.6,Muskmelon,Watermelon
Madhya Pradesh,Agar Malwa,Black Soil,Whole Year,34.3,41,274.3,Pomegranate,Soybean
Madhya Pradesh,Agar Malwa,Alluvial Soil,Rabi,36.0,51,20.6,Mungbean,Maize
Madhya Pradesh,Agar Malwa,Sandy Soil,Whole Year,36.8,93,62.4,Mango,Muskmelon
Madhya Pradesh,Agar Malwa,Loamy Soil,Zaid,25.8,83,32.6,Mothbeans,Sugarcane
Madhya Pradesh,Agar Malwa,Alluvial Soil,Whole Year,37.6,63,22.3,Maize,Wheat
Madhya Pradesh,Agar Malwa,Black Soil,Kharif,18.6,61,101.3,Coconut,Cotton
Madhya Pradesh,Agar Malwa,Alluvial Soil,Zaid,19.1,84,140.0,Pigeonpeas,Maize
Madhya Pradesh,Agar Malwa,Red Soil,Whole Year,22.1,66,133.7,Apple,Groundnut
Madhya Pradesh,Agar Malwa,Loamy Soil,Rabi,21.1,48,59.4,Muskmelon,Wheat
Madhya Pradesh,Alirajpur,Alluvial Soil,Zaid,18.2,70,166.1,Pigeonpeas,Wheat
Madhya Pradesh,Alirajpur,Alluvial Soil,Whole Year,35.7,63,243.3,Blackgram,Maize
Madhya Pradesh,Alirajpur,Loamy Soil,Whole Year,20.1,93,87.1,Mango,Rice
Madhya Pradesh,Alirajpur,Black Soil,Zaid,20.6,69,265.5,Maize,Cotton
Madhya Pradesh,Alirajpur,Loamy Soil,Zaid,39.2,84,140.1,Banana,Wheat
Madhya Pradesh,Alirajpur,Laterite Soil,Zaid,31.9,50,344.5,Kidneybeans,Tea
Madhya Pradesh,Alirajpur,Sandy Soil,Rabi,32.2,74,68.5,Banana,Muskmelon
Madhya Pradesh,Alirajpur,Red Soil,Kharif,36.6,45,59.8,Apple,Pulses
Madhya Pradesh,Alirajpur,Laterite Soil,Rabi,21.9,82,200.5,Grapes,Coffee
Madhya Pradesh,Alirajpur,Alluvial Soil,Rabi,32.1,91,167.3,Kidneybeans,Wheat
Madhya Pradesh,Alirajpur,Black Soil,Rabi,19.5,43,150.7,Muskmelon,Cotton
Madhya Pradesh,Alirajpur,Red Soil,Rabi,30.2,90,264.5,Rice,Millets
Madhya Pradesh,Alirajpur,Laterite Soil,Zaid,18.6,67,333.6,Blackgram,Cashew
Madhya Pradesh,Alirajpur,Sandy Soil,Kharif,36.0,63,91.8,Chickpea,Muskmelon
Madhya Pradesh,Alirajpur,Black Soil,Zaid,30.4,87,301.2,Apple,Jowar
Madhya Pradesh,Alirajpur,Black Soil,Whole Year,18.3,45,216.2,Kidneybeans,Cotton
Madhya Pradesh,Alirajpur,Sandy Soil,Rabi,34.7,79,196.7,Papaya,Groundnut
Madhya Pradesh,Alirajpur,Loamy Soil,Kharif,39.1,55,293.1,Orange,Wheat
Madhya Pradesh,Alirajpur,Black Soil,Kharif,37.2,50,211.0,Jute,Jowar
Madhya Pradesh,Alirajpur,Alluvial Soil,Rabi,39.9,62,174.8,Orange,Wheat
Madhya Pradesh,Anuppur,Red Soil,Rabi,39.0,85,275.6,Jute,Groundnut
Madhya Pradesh,Anuppur,Loamy Soil,Whole Year,26.1,80,49.5,Mango,Rice
Madhya Pradesh,Anuppur,Black Soil,Zaid,24.0,72,176.9,Orange,Soybean
Madhya Pradesh,Anuppur,Loamy Soil,Zaid,29.0,54,68.4,Watermelon,Rice
Madhya Pradesh,Anuppur,Black Soil,Kharif,22.7,44,72.7,Watermelon,Soybean
Madhya Pradesh,Anuppur,Laterite Soil,Whole Year,18.4,44,246.5,Coconut,Cashew
Madhya Pradesh,Anuppur,Black Soil,Whole Year,37.6,94,258.6,Muskmelon,Cotton
Madhya Pradesh,Anuppur,Alluvial Soil,Rabi,30.7,53,151.2,Mango,Sugarcane
Madhya Pradesh,Anuppur,Red Soil,Zaid,39.9,79,240.5,Banana,Groundnut
Madhya Pradesh,Anuppur,Red Soil,Whole Year,39.6,82,99.7,Blackgram,Pulses
Madhya Pradesh,Anuppur,Laterite Soil,Zaid,23.7,59,159.2,Coconut,Tea
Madhya Pradesh,Anuppur,Black Soil,Zaid,19.0,90,165.9,Banana,Soybean
Madhya Pradesh,Anuppur,Loamy Soil,Rabi,29.3,66,305.7,Muskmelon,Sugarcane
Madhya Pradesh,Anuppur,Black Soil,Kharif,31.6,43,335.9,Coffee,Cotton
Madhya Pradesh,Anuppur,Alluvial Soil,Whole Year,30.4,59,297.2,Banana,Wheat
Madhya Pradesh,Anuppur,Alluvial Soil,Kharif,26.2,47,303.8,Kidneybeans,Wheat
Madhya Pradesh,Anuppur,Black Soil,Whole Year,36.8,91,285.3,Blackgram,Soybean
Madhya Pradesh,Anuppur,Sandy Soil,Rabi,31.9,86,51.3,Papaya,Muskmelon
Madhya Pradesh,Anuppur,Laterite Soil,Whole Year,23.3,42,145.5,Kidneybeans,Coffee
Madhya Pradesh,Anuppur,Red Soil,Whole Year,34.1,51,206.8,Orange,Millets
Madhya Pradesh,Ashoknagar,Sandy Soil,Zaid,35.2,44,228.4,Apple,Groundnut
Madhya Pradesh,Ashoknagar,Alluvial Soil,Zaid,35.0,59,280.2,Orange,Maize
Madhya Pradesh,Ashoknagar,Laterite Soil,Kharif,33.1,72,39.0,Blackgram,Cashew
Madhya Pradesh,Ashoknagar,Black Soil,Rabi,27.9,83,313.5,Muskmelon,Cotton
Madhya Pradesh,Ashoknagar,Laterite Soil,Zaid,30.5,60,89.4,Jute,Coffee
Madhya Pradesh,Ashoknagar,Black Soil,Whole Year,26.2,65,144.0,Jute,Cotton
Madhya Pradesh,Ashoknagar,Sandy Soil,Whole Year,37.8,68,155.0,Muskmelon,Muskmelon
Madhya Pradesh,Ashoknagar,Sandy Soil,Whole Year,34.1,67,142.5,Papaya,Groundnut
Madhya Pradesh,Ashoknagar,Loamy Soil,Kharif,18.6,51,52.9,Coconut,Maize
Madhya Pradesh,Ashoknagar,Alluvial Soil,Whole Year,21.7,45,310.8,Blackgram,Wheat
Madhya Pradesh,Ashoknagar,Loamy Soil,Kharif,29.0,69,228.8,Jute,Maize
Madhya Pradesh,Ashoknagar,Loamy Soil,Rabi,23.7,82,343.7,Pigeonpeas,Maize
Madhya Pradesh,Ashoknagar,Red Soil,Rabi,39.4,87,151.3,Apple,Millets
Madhya Pradesh,Ashoknagar,Laterite Soil,Rabi,28.4,92,108.4,Pomegranate,Cashew
Madhya Pradesh,Ashoknagar,Alluvial Soil,Whole Year,32.1,83,93.7,Orange,Wheat
Madhya Pradesh,Ashoknagar,Black Soil,Whole Year,25.6,44,75.3,Watermelon,Jowar
Madhya Pradesh,Ashoknagar,Red Soil,Rabi,39.7,48,32.4,Muskmelon,Pulses
Madhya Pradesh,Ashoknagar,Laterite Soil,Whole Year,22.8,82,261.3,Muskmelon,Tea
Madhya Pradesh,Ashoknagar,Loamy Soil,Kharif,35.1,80,200.3,Cotton,Rice
Madhya Pradesh,Ashoknagar,Sandy Soil,Zaid,19.4,76,214.0,Rice,Muskmelon
Madhya Pradesh,Balaghat,Black Soil,Rabi,29.2,85,72.7,Chickpea,Jowar
Madhya Pradesh,Balaghat,Laterite Soil,Rabi,18.4,55,121.1,Maize,Tea
Madhya Pradesh,Balaghat,Sandy Soil,Kharif,24.9,73,323.8,Coconut,Watermelon
Madhya Pradesh,Balaghat,Loamy Soil,Zaid,30.4,55,63.8,Pomegranate,Maize
Madhya Pradesh,Balaghat,Red Soil,Rabi,23.1,73,71.7,Orange,Millets
Madhya Pradesh,Balaghat,Sandy Soil,Kharif,33.3,71,138.7,Coffee,Watermelon
Madhya Pradesh,Balaghat,Sandy Soil,Zaid,21.3,76,23.1,Papaya,Muskmelon
Madhya Pradesh,Balaghat,Loamy Soil,Rabi,35.2,95,172.9,Grapes,Wheat
Madhya Pradesh,Balaghat,Loamy Soil,Whole Year,25.3,63,214.1,Apple,Maize
Madhya Pradesh,Balaghat,Loamy Soil,Whole Year,26.0,53,215.0,Kidneybeans,Maize
Madhya Pradesh,Balaghat,Black Soil,Zaid,24.6,81,347.3,Jute,Jowar
Madhya Pradesh,Balaghat,Laterite Soil,Zaid,29.9,84,215.9,Mothbeans,Coffee
Madhya Pradesh,Balaghat,Laterite Soil,Zaid,24.3,65,224.5,Kidneybeans,Tea
Madhya Pradesh,Balaghat,Alluvial Soil,Whole Year,37.2,89,278.5,Apple,Sugarcane
Madhya Pradesh,Balaghat,Sandy Soil,Whole Year,20.2,58,254.7,Coconut,Watermelon
Madhya Pradesh,Balaghat,Black Soil,Zaid,25.2,41,335.3,Kidneybeans,Jowar
Madhya Pradesh,Balaghat,Alluvial Soil,Rabi,21.3,95,339.8,Maize,Wheat
Madhya Pradesh,Balaghat,Sandy Soil,Zaid,21.4,53,295.9,Cotton,Muskmelon
Madhya Pradesh,Balaghat,Laterite Soil,Kharif,26.9,93,335.1,Pomegranate,Tea
Madhya Pradesh,Balaghat,Red Soil,Zaid,29.3,50,138.9,Cotton,Groundnut
Madhya Pradesh,Barwani,Sandy Soil,Rabi,20.1,48,65.3,Pigeonpeas,Muskmelon
Madhya Pradesh,Barwani,Laterite Soil,Rabi,21.7,45,183.1,Papaya,Tea
Madhya Pradesh,Barwani,Alluvial Soil,Rabi,30.2,61,107.1,Orange,Wheat
Madhya Pradesh,Barwani,Alluvial Soil,Kharif,22.9,68,122.7,Cotton,Sugarcane
Madhya Pradesh,Barwani,Loamy Soil,Rabi,26.7,59,150.7,Maize,Maize
Madhya Pradesh,Barwani,Alluvial Soil,Kharif,37.3,85,294.4,Chickpea,Maize
Madhya Pradesh,Barwani,Alluvial Soil,Kharif,18.9,89,227.8,Muskmelon,Wheat
Madhya Pradesh,Barwani,Black Soil,Whole Year,28.6,81,30.9,Pomegranate,Soybean
Madhya Pradesh,Barwani,Sandy Soil,Zaid,39.4,40,153.7,Maize,Groundnut
Madhya Pradesh,Barwani,Loamy Soil,Rabi,27.8,47,315.6,Mungbean,Rice
Madhya Pradesh,Barwani,Black Soil,Rabi,32.3,70,339.3,Rice,Jowar
Madhya Pradesh,Barwani,Sandy Soil,Whole Year,38.4,83,240.6,Muskmelon,Watermelon
Madhya Pradesh,Barwani,Loamy Soil,Zaid,30.5,48,87.0,Jute,Maize
Madhya Pradesh,Barwani,Loamy Soil,Rabi,24.0,53,165.8,Rice,Sugarcane
Madhya Pradesh,Barwani,Red Soil,Kharif,39.0,76,251.2,Maize,Millets
Madhya Pradesh,Barwani,Loamy Soil,Zaid,25.0,67,176.6,Lentil,Maize
Madhya Pradesh,Barwani,Black Soil,Whole Year,36.3,54,175.8,Papaya,Soybean
Madhya Pradesh,Barwani,Laterite Soil,Whole Year,33.5,77,231.9,Lentil,Cashew
Madhya Pradesh,Barwani,Loamy Soil,Kharif,26.0,50,262.1,Rice,Wheat
Madhya Pradesh,Barwani,Sandy Soil,Rabi,23.6,66,244.6,Papaya,Watermelon
Madhya Pradesh,Betul,Black Soil,Whole Year,24.7,91,264.9,Jute,Soybean
Madhya Pradesh,Betul,Laterite Soil,Zaid,38.7,46,23.7,Banana,Tea
Madhya Pradesh,Betul,Black Soil,Zaid,26.2,41,198.7,Lentil,Cotton
Madhya Pradesh,Betul,Black Soil,Zaid,23.6,72,277.3,Kidneybeans,Cotton
Madhya Pradesh,Betul,Red Soil,Kharif,34.7,90,214.5,Grapes,Groundnut
Madhya Pradesh,Betul,Red Soil,Rabi,24.1,68,98.4,Pigeonpeas,Pulses
Madhya Pradesh,Betul,Black Soil,Whole Year,22.7,69,125.3,Watermelon,Cotton
Madhya Pradesh,Betul,Laterite Soil,Whole Year,21.5,68,170.2,Cotton,Coffee
Madhya Pradesh,Betul,Black Soil,Whole Year,36.7,71,321.8,Mothbeans,Jowar
Madhya Pradesh,Betul,Laterite Soil,Rabi,21.6,81,329.9,Pigeonpeas,Cashew
Madhya Pradesh,Betul,Red Soil,Kharif,37.2,71,242.3,Muskmelon,Pulses
Madhya Pradesh,Betul,Sandy Soil,Zaid,21.4,77,34.9,Maize,Muskmelon
Madhya Pradesh,Betul,Laterite Soil,Whole Year,25.3,71,94.7,Cotton,Tea
Madhya Pradesh,Betul,Red Soil,Rabi,30.0,83,78.0,Papaya,Millets
Madhya Pradesh,Betul,Alluvial Soil,Whole Year,23.9,42,229.0,Muskmelon,Wheat
Madhya Pradesh,Betul,Loamy Soil,Rabi,34.1,70,51.7,Coffee,Sugarcane
Madhya Pradesh,Betul,Laterite Soil,Kharif,31.0,78,269.4,Coconut,Coffee
Madhya Pradesh,Betul,Laterite Soil,Kharif,25.1,91,198.5,Mothbeans,Cashew
Madhya Pradesh,Betul,Laterite Soil,Whole Year,29.7,93,134.8,Muskmelon,Coffee
Madhya Pradesh,Betul,Black Soil,Rabi,36.8,86,56.2,Mango,Cotton
Madhya Pradesh,Bhind,Black Soil,Kharif,21.6,74,140.3,Orange,Soybean
Madhya Pradesh,Bhind,Laterite Soil,Rabi,30.9,52,308.9,Grapes,Cashew
Madhya Pradesh,Bhind,Red Soil,Rabi,29.8,94,38.3,Coconut,Millets
Madhya Pradesh,Bhind,Sandy Soil,Zaid,33.1,94,258.5,Rice,Groundnut
Madhya Pradesh,Bhind,Laterite Soil,Rabi,39.3,45,116.1,Papaya,Coffee
Madhya Pradesh,Bhind,Red Soil,Zaid,30.2,76,307.5,Lentil,Groundnut
Madhya Pradesh,Bhind,Red Soil,Whole Year,30.0,88,346.0,Lentil,Pulses
Madhya Pradesh,Bhind,Loamy Soil,Zaid,36.9,71,92.1,Mothbeans,Rice
Madhya Pradesh,Bhind,Loamy Soil,Kharif,19.0,44,128.3,Papaya,Rice
Madhya Pradesh,Bhind,Black Soil,Kharif,37.6,69,314.3,Banana,Jowar
Madhya Pradesh,Bhind,Alluvial Soil,Kharif,31.7,53,175.4,Pomegranate,Sugarcane
Madhya Pradesh,Bhind,Alluvial Soil,Rabi,20.5,50,252.4,Pigeonpeas,Maize
Madhya Pradesh,Bhind,Loamy Soil,Kharif,29.8,52,334.2,Banana,Rice
Madhya Pradesh,Bhind,Black Soil,Zaid,39.0,54,92.5,Jute,Jowar
Madhya Pradesh,Bhind,Red Soil,Rabi,25.9,88,21.8,Orange,Millets
Madhya Pradesh,Bhind,Sandy Soil,Zaid,26.8,62,202.0,Pomegranate,Muskmelon
Madhya Pradesh,Bhind,Alluvial Soil,Rabi,35.9,88,161.2,Apple,Rice
Madhya Pradesh,Bhind,Red Soil,Zaid,33.6,91,185.3,Lentil,Groundnut
Madhya Pradesh,Bhind,Alluvial Soil,Zaid,30.5,89,181.7,Mungbean,Maize
Madhya Pradesh,Bhind,Laterite Soil,Rabi,36.5,70,224.3,Orange,Coffee
Madhya Pradesh,Bhopal,Laterite Soil,Kharif,38.2,72,110.1,Rice,Coffee
Madhya Pradesh,Bhopal,Red Soil,Zaid,29.6,46,24.2,Jute,Millets
Madhya Pradesh,Bhopal,Sandy Soil,Whole Year,33.1,77,66.9,Coconut,Muskmelon
Madhya Pradesh,Bhopal,Red Soil,Rabi,38.4,73,229.7,Rice,Millets
Madhya Pradesh,Bhopal,Laterite Soil,Zaid,22.6,63,306.0,Papaya,Cashew
Madhya Pradesh,Bhopal,Alluvial Soil,Zaid,35.7,48,109.9,Jute,Sugarcane
Madhya Pradesh,Bhopal,Loamy Soil,Whole Year,18.2,59,202.6,Maize,Wheat
Madhya Pradesh,Bhopal,Alluvial Soil,Kharif,32.3,53,44.5,Rice,Sugarcane
Madhya Pradesh,Bhopal,Laterite Soil,Kharif,31.7,66,79.9,Papaya,Coffee
Madhya Pradesh,Bhopal,Alluvial Soil,Whole Year,31.9,87,77.6,Maize,Sugarcane
Madhya Pradesh,Bhopal,Black Soil,Rabi,22.7,50,213.8,Orange,Cotton
Madhya Pradesh,Bhopal,Laterite Soil,Zaid,23.8,45,79.9,Jute,Coffee
Madhya Pradesh,Bhopal,Laterite Soil,Kharif,28.0,93,224.3,Watermelon,Cashew
Madhya Pradesh,Bhopal,Sandy Soil,Kharif,24.9,65,146.8,Pigeonpeas,Watermelon
Madhya Pradesh,Bhopal,Black Soil,Kharif,34.6,79,125.3,Muskmelon,Soybean
Madhya Pradesh,Bhopal,Laterite Soil,Whole Year,26.6,79,268.2,Apple,Tea
Madhya Pradesh,Bhopal,Laterite Soil,Whole Year,20.8,49,23.1,Maize,Tea
Madhya Pradesh,Bhopal,Alluvial Soil,Zaid,37.5,62,62.8,Coconut,Rice
Madhya Pradesh,Bhopal,Alluvial Soil,Kharif,29.0,61,40.5,Mungbean,Sugarcane
Madhya Pradesh,Bhopal,Red Soil,Rabi,27.1,84,200.9,Coconut,Pulses
Madhya Pradesh,Burhanpur,Red Soil,Rabi,35.1,55,284.3,Watermelon,Pulses
Madhya Pradesh,Burhanpur,Alluvial Soil,Kharif,23.9,68,338.0,Watermelon,Wheat
Madhya Pradesh,Burhanpur,Alluvial Soil,Kharif,32.4,59,213.7,Orange,Sugarcane
Madhya Pradesh,Burhanpur,Sandy Soil,Rabi,30.7,40,230.3,Muskmelon,Muskmelon
Madhya Pradesh,Burhanpur,Black Soil,Zaid,30.5,49,184.5,Rice,Jowar
Madhya Pradesh,Burhanpur,Sandy Soil,Zaid,24.2,44,121.7,Jute,Watermelon
Madhya Pradesh,Burhanpur,Black Soil,Kharif,25.1,58,315.3,Chickpea,Jowar
Madhya Pradesh,Burhanpur,Black Soil,Kharif,21.9,92,253.5,Coffee,Cotton
Madhya Pradesh,Burhanpur,Red Soil,Zaid,30.9,75,21.0,Pigeonpeas,Millets
Madhya Pradesh,Burhanpur,Laterite Soil,Rabi,25.2,53,64.6,Rice,Tea
Madhya Pradesh,Burhanpur,Sandy Soil,Rabi,30.2,51,299.1,Coconut,Watermelon
Madhya Pradesh,Burhanpur,Black Soil,Zaid,28.0,49,64.0,Kidneybeans,Jowar
Madhya Pradesh,Burhanpur,Sandy Soil,Rabi,27.7,87,114.1,Pigeonpeas,Muskmelon
Madhya Pradesh,Burhanpur,Red Soil,Rabi,20.6,87,134.3,Grapes,Millets
Madhya Pradesh,Burhanpur,Sandy Soil,Whole Year,26.7,86,35.1,Cotton,Groundnut
Madhya Pradesh,Burhanpur,Laterite Soil,Rabi,36.5,93,191.7,Lentil,Tea
Madhya Pradesh,Burhanpur,Sandy Soil,Kharif,39.0,75,257.0,Pomegranate,Watermelon
Madhya Pradesh,Burhanpur,Sandy Soil,Rabi,33.0,91,322.7,Mango,Watermelon
Madhya Pradesh,Burhanpur,Sandy Soil,Whole Year,29.4,63,258.5,Chickpea,Groundnut
Madhya Pradesh,Burhanpur,Red Soil,Zaid,26.4,70,45.1,Pigeonpeas,Pulses
Madhya Pradesh,Chhatarpur,Sandy Soil,Zaid,32.5,73,182.1,Kidneybeans,Watermelon
Madhya Pradesh,Chhatarpur,Loamy Soil,Zaid,26.4,46,197.6,Muskmelon,Rice
Madhya Pradesh,Chhatarpur,Laterite Soil,Whole Year,32.4,54,171.0,Kidneybeans,Tea
Madhya Pradesh,Chhatarpur,Laterite Soil,Kharif,30.1,76,51.6,Coconut,Tea
Madhya Pradesh,Chhatarpur,Loamy Soil,Whole Year,27.1,42,26.4,Pomegranate,Sugarcane
Madhya Pradesh,Chhatarpur,Sandy Soil,Whole Year,25.7,85,203.6,Coffee,Groundnut
Madhya Pradesh,Chhatarpur,Alluvial Soil,Kharif,22.9,44,289.0,Jute,Rice
Madhya Pradesh,Chhatarpur,Laterite Soil,Whole Year,36.5,82,205.5,Blackgram,Cashew
Madhya Pradesh,Chhatarpur,Red Soil,Kharif,24.4,84,333.5,Watermelon,Millets
Madhya Pradesh,Chhatarpur,Red Soil,Rabi,33.4,45,297.2,Cotton,Pulses
Madhya Pradesh,Chhatarpur,Black Soil,Zaid,28.7,68,321.9,Jute,Jowar
Madhya Pradesh,Chhatarpur,Loamy Soil,Zaid,20.4,95,327.9,Papaya,Sugarcane
Madhya Pradesh,Chhatarpur,Red Soil,Whole Year,37.0,68,310.0,Maize,Pulses
Madhya Pradesh,Chhatarpur,Black Soil,Whole Year,21.0,69,338.0,Muskmelon,Cotton
Madhya Pradesh,Chhatarpur,Sandy Soil,Whole Year,30.9,80,206.8,Blackgram,Groundnut
Madhya Pradesh,Chhatarpur,Loamy Soil,Whole Year,21.2,60,125.2,Orange,Maize
Madhya Pradesh,Chhatarpur,Sandy Soil,Whole Year,38.4,87,53.5,Grapes,Watermelon
Madhya Pradesh,Chhatarpur,Alluvial Soil,Rabi,39.6,47,336.1,Coconut,Maize
Madhya Pradesh,Chhatarpur,Laterite Soil,Kharif,26.4,83,336.1,Mothbeans,Coffee
Madhya Pradesh,Chhatarpur,Sandy Soil,Kharif,21.7,75,141.0,Watermelon,Muskmelon
Madhya Pradesh,Chhindwara,Alluvial Soil,Zaid,23.4,51,51.9,Chickpea,Rice
Madhya Pradesh,Chhindwara,Black Soil,Kharif,35.0,71,72.1,Muskmelon,Cotton
Madhya Pradesh,Chhindwara,Loamy Soil,Zaid,35.2,60,186.1,Maize,Sugarcane
Madhya Pradesh,Chhindwara,Sandy Soil,Zaid,38.0,82,70.2,Apple,Groundnut
Madhya Pradesh,Chhindwara,Sandy Soil,Zaid,38.5,51,62.2,Pigeonpeas,Groundnut
Madhya Pradesh,Chhindwara,Laterite Soil,Rabi,25.0,51,143.9,Apple,Tea
Madhya Pradesh,Chhindwara,Loamy Soil,Kharif,27.4,76,90.9,Jute,Rice
Madhya Pradesh,Chhindwara,Red Soil,Kharif,36.3,53,77.2,Mango,Groundnut
Madhya Pradesh,Chhindwara,Loamy Soil,Rabi,33.1,85,77.5,Papaya,Maize
Madhya Pradesh,Chhindwara,Sandy Soil,Kharif,30.7,42,226.1,Papaya,Muskmelon
Madhya Pradesh,Chhindwara,Black Soil,Whole Year,30.2,52,116.9,Lentil,Soybean
Madhya Pradesh,Chhindwara,Loamy Soil,Kharif,20.4,62,130.9,Jute,Wheat
Madhya Pradesh,Chhindwara,Loamy Soil,Zaid,35.3,65,227.4,Rice,Rice
Madhya Pradesh,Chhindwara,Laterite Soil,Kharif,35.5,65,57.9,Papaya,Tea
Madhya Pradesh,Chhindwara,Loamy Soil,Whole Year,35.0,54,190.1,Papaya,Sugarcane
Madhya Pradesh,Chhindwara,Alluvial Soil,Kharif,24.2,82,160.3,Kidneybeans,Rice
Madhya Pradesh,Chhindwara,Sandy Soil,Rabi,30.7,48,275.5,Mango,Watermelon
Madhya Pradesh,Chhindwara,Laterite Soil,Rabi,31.3,94,22.9,Grapes,Coffee
Madhya Pradesh,Chhindwara,Black Soil,Kharif,29.0,92,95.1,Coffee,Cotton
Madhya Pradesh,Chhindwara,Alluvial Soil,Rabi,24.5,92,65.0,Pomegranate,Rice
Madhya Pradesh,Damoh,Red Soil,Rabi,35.8,83,285.1,Chickpea,Pulses
Madhya Pradesh,Damoh,Red Soil,Whole Year,37.8,52,306.1,Jute,Millets
Madhya Pradesh,Damoh,Sandy Soil,Kharif,38.3,73,285.6,Coffee,Groundnut
Madhya Pradesh,Damoh,Black Soil,Zaid,34.7,88,156.6,Apple,Soybean
Madhya Pradesh,Damoh,Red Soil,Kharif,18.9,78,250.8,Jute,Pulses
Madhya Pradesh,Damoh,Loamy Soil,Zaid,31.8,71,85.9,Watermelon,Rice
Madhya Pradesh,Damoh,Sandy Soil,Rabi,19.8,44,30.0,Kidneybeans,Groundnut
Madhya Pradesh,Damoh,Red Soil,Zaid,22.9,48,341.1,Apple,Groundnut
Madhya Pradesh,Damoh,Sandy Soil,Whole Year,19.4,45,184.9,Mungbean,Watermelon
Madhya Pradesh,Damoh,Black Soil,Zaid,32.9,42,131.3,Chickpea,Soybean
Madhya Pradesh,Damoh,Black Soil,Whole Year,18.6,76,208.1,Pigeonpeas,Jowar
Madhya Pradesh,Damoh,Black Soil,Kharif,25.5,73,84.3,Maize,Cotton
Madhya Pradesh,Damoh,Alluvial Soil,Kharif,31.5,58,134.4,Mango,Sugarcane
Madhya Pradesh,Damoh,Loamy Soil,Kharif,27.1,66,200.4,Rice,Maize
Madhya Pradesh,Damoh,Sandy Soil,Rabi,26.7,90,312.5,Mungbean,Groundnut
Madhya Pradesh,Damoh,Loamy Soil,Zaid,38.5,57,331.2,Orange,Sugarcane
Madhya Pradesh,Damoh,Alluvial Soil,Kharif,26.3,50,287.3,Muskmelon,Rice
Madhya Pradesh,Damoh,Alluvial Soil,Whole Year,27.0,48,311.7,Jute,Wheat
Madhya Pradesh,Damoh,Red Soil,Kharif,24.9,49,126.0,Coconut,Pulses
Madhya Pradesh,Damoh,Loamy Soil,Whole Year,20.5,60,254.4,Jute,Rice
Madhya Pradesh,Datia,Sandy Soil,Zaid,27.4,69,241.6,Pomegranate,Muskmelon
Madhya Pradesh,Datia,Loamy Soil,Whole Year,22.2,41,158.1,Rice,Wheat
Madhya Pradesh,Datia,Sandy Soil,Zaid,31.6,47,290.9,Maize,Groundnut
Madhya Pradesh,Datia,Sandy Soil,Kharif,28.5,57,23.1,Lentil,Groundnut
Madhya Pradesh,Datia,Laterite Soil,Whole Year,23.8,87,327.8,Coffee,Coffee
Madhya Pradesh,Datia,Black Soil,Kharif,20.2,90,209.1,Mango,Soybean
Madhya Pradesh,Datia,Loamy Soil,Whole Year,19.2,52,293.8,Orange,Wheat
Madhya Pradesh,Datia,Alluvial Soil,Zaid,21.9,41,55.7,Kidneybeans,Wheat
Madhya Pradesh,Datia,Laterite Soil,Kharif,19.3,68,166.3,Watermelon,Cashew
Madhya Pradesh,Datia,Loamy Soil,Zaid,25.2,57,312.4,Papaya,Maize
Madhya Pradesh,Datia,Alluvial Soil,Zaid,19.7,85,333.3,Coconut,Wheat
Madhya Pradesh,Datia,Alluvial Soil,Kharif,30.2,74,242.4,Muskmelon,Maize
Madhya Pradesh,Datia,Loamy Soil,Rabi,31.0,52,327.6,Chickpea,Sugarcane
Madhya Pradesh,Datia,Red Soil,Whole Year,27.2,57,51.7,Papaya,Groundnut
Madhya Pradesh,Datia,Laterite Soil,Kharif,26.5,56,226.3,Mothbeans,Coffee
Madhya Pradesh,Datia,Alluvial Soil,Whole Year,35.3,55,240.1,Lentil,Sugarcane
Madhya Pradesh,Datia,Black Soil,Kharif,22.4,59,205.0,Blackgram,Cotton
Madhya Pradesh,Datia,Laterite Soil,Whole Year,31.6,59,220.8,Maize,Tea
Madhya Pradesh,Datia,Sandy Soil,Rabi,39.9,75,260.1,Pigeonpeas,Watermelon
Madhya Pradesh,Datia,Laterite Soil,Kharif,28.0,71,25.2,Orange,Cashew
Madhya Pradesh,Dewas,Sandy Soil,Kharif,18.1,58,282.5,Cotton,Muskmelon
Madhya Pradesh,Dewas,Alluvial Soil,Rabi,36.8,79,25.0,Cotton,Wheat
Madhya Pradesh,Dewas,Alluvial Soil,Zaid,34.2,82,183.0,Mungbean,Maize
Madhya Pradesh,Dewas,Red Soil,Rabi,19.9,40,72.0,Rice,Groundnut
Madhya Pradesh,Dewas,Loamy Soil,Rabi,27.0,79,280.8,Maize,Sugarcane
Madhya Pradesh,Dewas,Alluvial Soil,Rabi,24.4,42,332.2,Coconut,Maize
Madhya Pradesh,Dewas,Sandy Soil,Zaid,38.7,61,40.9,Grapes,Groundnut
Madhya Pradesh,Dewas,Alluvial Soil,Rabi,36.0,79,236.7,Coconut,Sugarcane
Madhya Pradesh,Dewas,Black Soil,Rabi,23.9,85,255.6,Coffee,Soybean
Madhya Pradesh,Dewas,Alluvial Soil,Kharif,30.7,87,47.1,Jute,Maize
Madhya Pradesh,Dewas,Black Soil,Whole Year,25.4,76,211.8,Mango,Cotton
Madhya Pradesh,Dewas,Red Soil,Zaid,31.0,51,89.1,Coffee,Groundnut
Madhya Pradesh,Dewas,Red Soil,Rabi,35.9,43,159.6,Grapes,Pulses
Madhya Pradesh,Dewas,Loamy Soil,Kharif,33.2,42,318.8,Pomegranate,Rice
Madhya Pradesh,Dewas,Loamy Soil,Zaid,18.8,90,195.9,Rice,Maize
Madhya Pradesh,Dewas,Sandy Soil,Kharif,39.0,55,238.6,Papaya,Groundnut
Madhya Pradesh,Dewas,Loamy Soil,Whole Year,23.6,88,109.7,Papaya,Sugarcane
Madhya Pradesh,Dewas,Laterite Soil,Whole Year,27.6,77,260.6,Chickpea,Cashew
Madhya Pradesh,Dewas,Alluvial Soil,Rabi,20.2,70,113.5,Pigeonpeas,Sugarcane
Madhya Pradesh,Dewas,Sandy Soil,Kharif,26.0,50,190.8,Apple,Watermelon
Madhya Pradesh,Dhar,Black Soil,Zaid,36.2,55,296.3,Apple,Cotton
Madhya Pradesh,Dhar,Alluvial Soil,Zaid,30.1,68,46.6,Coffee,Rice
Madhya Pradesh,Dhar,Sandy Soil,Kharif,38.2,58,146.8,Jute,Watermelon
Madhya Pradesh,Dhar,Black Soil,Zaid,35.0,90,33.8,Orange,Cotton
Madhya Pradesh,Dhar,Black Soil,Kharif,36.3,72,40.5,Apple,Cotton
Madhya Pradesh,Dhar,Black Soil,Zaid,38.3,87,251.8,Chickpea,Jowar
Madhya Pradesh,Dhar,Laterite Soil,Zaid,32.6,64,288.5,Banana,Cashew
Madhya Pradesh,Dhar,Black Soil,Rabi,38.7,62,57.9,Coconut,Cotton
Madhya Pradesh,Dhar,Loamy Soil,Zaid,38.6,45,257.3,Blackgram,Maize
Madhya Pradesh,Dhar,Red Soil,Zaid,36.1,47,257.2,Pigeonpeas,Millets
Madhya Pradesh,Dhar,Black Soil,Whole Year,37.9,79,344.6,Maize,Jowar
Madhya Pradesh,Dhar,Black Soil,Rabi,35.8,87,181.1,Mango,Cotton
Madhya Pradesh,Dhar,Loamy Soil,Rabi,35.9,67,86.7,Orange,Wheat
Madhya Pradesh,Dhar,Alluvial Soil,Whole Year,19.3,86,268.8,Coffee,Wheat
Madhya Pradesh,Dhar,Laterite Soil,Zaid,37.3,75,55.7,Maize,Cashew
Madhya Pradesh,Dhar,Laterite Soil,Kharif,34.0,86,324.4,Grapes,Coffee
Madhya Pradesh,Dhar,Laterite Soil,Whole Year,31.2,52,146.7,Jute,Cashew
Madhya Pradesh,Dhar,Loamy Soil,Zaid,23.8,75,278.2,Jute,Maize
Madhya Pradesh,Dhar,Laterite Soil,Kharif,33.4,93,203.3,Coconut,Coffee
Madhya Pradesh,Dhar,Black Soil,Kharif,30.0,52,158.6,Rice,Jowar
Madhya Pradesh,Dindori,Alluvial Soil,Whole Year,29.4,74,171.6,Watermelon,Sugarcane
Madhya Pradesh,Dindori,Red Soil,Whole Year,31.1,89,205.4,Cotton,Millets
Madhya Pradesh,Dindori,Laterite Soil,Rabi,20.0,44,254.1,Jute,Tea
Madhya Pradesh,Dindori,Black Soil,Rabi,30.5,83,285.2,Muskmelon,Cotton
Madhya Pradesh,Dindori,Laterite Soil,Zaid,27.7,53,297.6,Kidneybeans,Cashew
Madhya Pradesh,Dindori,Loamy Soil,Zaid,19.4,49,275.0,Lentil,Sugarcane
Madhya Pradesh,Dindori,Black Soil,Rabi,21.9,85,275.0,Pigeonpeas,Soybean
Madhya Pradesh,Dindori,Laterite Soil,Rabi,36.8,91,238.0,Coffee,Coffee
Madhya Pradesh,Dindori,Sandy Soil,Zaid,38.6,88,303.2,Papaya,Watermelon
Madhya Pradesh,Dindori,Red Soil,Zaid,34.8,61,112.7,Muskmelon,Millets
Madhya Pradesh,Dindori,Laterite Soil,Kharif,23.2,91,66.0,Chickpea,Coffee
Madhya Pradesh,Dindori,Laterite Soil,Kharif,18.8,77,188.4,Kidneybeans,Cashew
Madhya Pradesh,Dindori,Alluvial Soil,Zaid,28.2,43,104.0,Grapes,Wheat
Madhya Pradesh,Dindori,Alluvial Soil,Zaid,18.9,61,149.0,Watermelon,Maize
Madhya Pradesh,Dindori,Alluvial Soil,Rabi,23.4,70,92.2,Pigeonpeas,Wheat
Madhya Pradesh,Dindori,Sandy Soil,Zaid,39.9,92,86.3,Orange,Watermelon
Madhya Pradesh,Dindori,Sandy Soil,Kharif,19.2,44,84.3,Muskmelon,Watermelon
Madhya Pradesh,Dindori,Loamy Soil,Rabi,29.0,49,70.7,Muskmelon,Sugarcane
Madhya Pradesh,Dindori,Alluvial Soil,Zaid,31.8,77,101.1,Muskmelon,Maize
Madhya Pradesh,Dindori,Alluvial Soil,Kharif,24.6,81,326.6,Chickpea,Sugarcane
Madhya Pradesh,Guna,Black Soil,Kharif,37.1,76,244.8,Pomegranate,Jowar
Madhya Pradesh,Guna,Red Soil,Kharif,32.3,54,327.8,Rice,Groundnut
Madhya Pradesh,Guna,Red Soil,Whole Year,30.8,90,55.2,Maize,Pulses
Madhya Pradesh,Guna,Black Soil,Rabi,29.6,52,95.6,Coffee,Cotton
Madhya Pradesh,Guna,Laterite Soil,Rabi,20.9,90,211.0,Coffee,Coffee
Madhya Pradesh,Guna,Red Soil,Rabi,26.9,46,300.4,Blackgram,Millets
Madhya Pradesh,Guna,Black Soil,Kharif,28.7,60,39.9,Coffee,Soybean
Madhya Pradesh,Guna,Loamy Soil,Rabi,30.5,42,205.3,Watermelon,Maize
Madhya Pradesh,Guna,Alluvial Soil,Kharif,38.8,48,341.5,Rice,Sugarcane
Madhya Pradesh,Guna,Black Soil,Zaid,24.6,42,145.2,Pomegranate,Soybean
Madhya Pradesh,Guna,Laterite Soil,Whole Year,34.2,83,183.8,Lentil,Cashew
Madhya Pradesh,Guna,Red Soil,Zaid,29.4,70,54.0,Orange,Millets
Madhya Pradesh,Guna,Laterite Soil,Whole Year,23.6,86,68.9,Muskmelon,Coffee
Madhya Pradesh,Guna,Red Soil,Rabi,25.0,81,349.4,Pomegranate,Groundnut
Madhya Pradesh,Guna,Loamy Soil,Rabi,30.9,54,218.8,Watermelon,Maize
Madhya Pradesh,Guna,Alluvial Soil,Whole Year,25.5,67,50.8,Muskmelon,Wheat
Madhya Pradesh,Guna,Red Soil,Rabi,32.6,59,44.9,Pomegranate,Millets
Madhya Pradesh,Guna,Loamy Soil,Rabi,28.3,75,20.5,Orange,Rice
Madhya Pradesh,Guna,Loamy Soil,Rabi,33.0,81,160.0,Orange,Rice
Madhya Pradesh,Guna,Alluvial Soil,Zaid,18.2,72,79.4,Blackgram,Sugarcane
Madhya Pradesh,Gwalior,Alluvial Soil,Kharif,26.6,84,245.6,Apple,Wheat
Madhya Pradesh,Gwalior,Red Soil,Kharif,38.8,88,207.8,Maize,Groundnut
Madhya Pradesh,Gwalior,Loamy Soil,Zaid,38.5,71,213.9,Mungbean,Rice
Madhya Pradesh,Gwalior,Loamy Soil,Zaid,34.4,50,210.4,Maize,Wheat
Madhya Pradesh,Gwalior,Sandy Soil,Kharif,25.5,84,297.2,Maize,Groundnut
Madhya Pradesh,Gwalior,Black Soil,Rabi,19.7,77,275.2,Cotton,Jowar
Madhya Pradesh,Gwalior,Sandy Soil,Kharif,33.8,95,101.5,Muskmelon,Groundnut
Madhya Pradesh,Gwalior,Sandy Soil,Rabi,34.3,77,112.4,Grapes,Muskmelon
Madhya Pradesh,Gwalior,Laterite Soil,Zaid,38.1,60,47.3,Watermelon,Cashew
Madhya Pradesh,Gwalior,Laterite Soil,Kharif,38.2,92,322.4,Muskmelon,Cashew
Madhya Pradesh,Gwalior,Alluvial Soil,Zaid,38.2,73,216.6,Lentil,Wheat
Madhya Pradesh,Gwalior,Sandy Soil,Kharif,26.4,65,23.6,Jute,Muskmelon
Madhya Pradesh,Gwalior,Black Soil,Kharif,18.8,62,279.7,Muskmelon,Jowar
Madhya Pradesh,Gwalior,Sandy Soil,Whole Year,19.1,88,80.5,Mothbeans,Muskmelon
Madhya Pradesh,Gwalior,Loamy Soil,Zaid,19.0,50,21.2,Orange,Maize
Madhya Pradesh,Gwalior,Loamy Soil,Zaid,33.1,82,204.2,Chickpea,Rice
Madhya Pradesh,Gwalior,Loamy Soil,Zaid,33.5,91,39.9,Jute,Sugarcane
Madhya Pradesh,Gwalior,Black Soil,Zaid,25.5,86,146.8,Mothbeans,Jowar
Madhya Pradesh,Gwalior,Black Soil,Kharif,38.4,72,303.6,Lentil,Soybean
Madhya Pradesh,Gwalior,Red Soil,Zaid,19.9,75,340.2,Jute,Pulses
Madhya Pradesh,Harda,Loamy Soil,Rabi,36.3,75,274.9,Orange,Rice
Madhya Pradesh,Harda,Alluvial Soil,Zaid,19.9,41,161.7,Muskmelon,Wheat
Madhya Pradesh,Harda,Sandy Soil,Whole Year,38.1,71,116.7,Coconut,Watermelon
Madhya Pradesh,Harda,Alluvial Soil,Rabi,31.8,44,304.3,Papaya,Wheat
Madhya Pradesh,Harda,Black Soil,Zaid,21.3,78,216.9,Maize,Cotton
Madhya Pradesh,Harda,Laterite Soil,Rabi,26.1,51,317.6,Apple,Tea
Madhya Pradesh,Harda,Sandy Soil,Kharif,26.5,75,339.4,Papaya,Watermelon
Madhya Pradesh,Harda,Laterite Soil,Zaid,19.7,62,76.5,Chickpea,Tea
Madhya Pradesh,Harda,Loamy Soil,Kharif,18.4,42,124.4,Kidneybeans,Maize
Madhya Pradesh,Harda,Black Soil,Zaid,29.0,79,129.9,Lentil,Soybean
Madhya Pradesh,Harda,Alluvial Soil,Rabi,34.0,82,163.3,Banana,Sugarcane
Madhya Pradesh,Harda,Red Soil,Whole Year,29.6,92,115.5,Cotton,Pulses
Madhya Pradesh,Harda,Loamy Soil,Kharif,24.2,66,214.8,Coffee,Rice
Madhya Pradesh,Harda,Laterite Soil,Kharif,34.7,60,270.9,Chickpea,Tea
Madhya Pradesh,Harda,Laterite Soil,Kharif,22.8,49,246.8,Coffee,Tea
Madhya Pradesh,Harda,Sandy Soil,Zaid,31.5,51,109.6,Lentil,Groundnut
Madhya Pradesh,Harda,Alluvial Soil,Kharif,18.8,77,196.5,Watermelon,Wheat
Madhya Pradesh,Harda,Laterite Soil,Rabi,23.1,88,107.0,Coffee,Cashew
Madhya Pradesh,Harda,Red Soil,Rabi,21.7,50,123.7,Mango,Millets
Madhya Pradesh,Harda,Red Soil,Rabi,28.7,41,284.0,Papaya,Groundnut
Madhya Pradesh,Hoshangabad,Red Soil,Rabi,31.9,91,95.2,Mango,Groundnut
Madhya Pradesh,Hoshangabad,Sandy Soil,Kharif,36.7,85,146.1,Mothbeans,Watermelon
Madhya Pradesh,Hoshangabad,Laterite Soil,Kharif,19.6,43,134.5,Pigeonpeas,Cashew
Madhya Pradesh,Hoshangabad,Red Soil,Zaid,37.7,40,38.6,Chickpea,Pulses
Madhya Pradesh,Hoshangabad,Black Soil,Rabi,19.8,50,64.7,Orange,Soybean
Madhya Pradesh,Hoshangabad,Laterite Soil,Rabi,23.9,64,35.4,Jute,Tea
Madhya Pradesh,Hoshangabad,Alluvial Soil,Kharif,31.7,68,237.9,Cotton,Sugarcane
Madhya Pradesh,Hoshangabad,Loamy Soil,Whole Year,24.7,40,67.5,Apple,Maize
Madhya Pradesh,Hoshangabad,Alluvial Soil,Zaid,30.5,79,70.7,Maize,Rice
Madhya Pradesh,Hoshangabad,Loamy Soil,Zaid,24.0,89,144.5,Mothbeans,Rice
Madhya Pradesh,Hoshangabad,Sandy Soil,Whole Year,33.7,77,136.9,Watermelon,Groundnut
Madhya Pradesh,Hoshangabad,Black Soil,Whole Year,18.5,80,122.2,Mothbeans,Soybean
Madhya Pradesh,Hoshangabad,Alluvial Soil,Kharif,34.4,83,51.3,Watermelon,Sugarcane
Madhya Pradesh,Hoshangabad,Loamy Soil,Whole Year,39.1,73,316.1,Cotton,Wheat
Madhya Pradesh,Hoshangabad,Black Soil,Zaid,23.2,73,262.7,Pomegranate,Jowar
Madhya Pradesh,Hoshangabad,Loamy Soil,Whole Year,30.3,79,135.7,Mothbeans,Sugarcane
Madhya Pradesh,Hoshangabad,Black Soil,Whole Year,27.9,47,236.5,Cotton,Cotton
Madhya Pradesh,Hoshangabad,Sandy Soil,Zaid,27.2,48,27.6,Pomegranate,Muskmelon
Madhya Pradesh,Hoshangabad,Red Soil,Whole Year,31.7,51,71.2,Rice,Millets
Madhya Pradesh,Hoshangabad,Alluvial Soil,Whole Year,23.0,64,35.5,Mungbean,Maize
Madhya Pradesh,Indore,Red Soil,Zaid,32.6,79,102.0,Cotton,Millets
Madhya Pradesh,Indore,Sandy Soil,Zaid,28.8,54,296.5,Mango,Watermelon
Madhya Pradesh,Indore,Red Soil,Zaid,33.0,40,257.3,Coconut,Groundnut
Madhya Pradesh,Indore,Loamy Soil,Rabi,20.9,92,256.1,Mothbeans,Maize
Madhya Pradesh,Indore,Loamy Soil,Kharif,18.2,80,287.5,Mothbeans,Wheat
Madhya Pradesh,Indore,Red Soil,Whole Year,33.3,94,110.7,Lentil,Pulses
Madhya Pradesh,Indore,Loamy Soil,Rabi,21.1,75,140.4,Banana,Wheat
Madhya Pradesh,Indore,Alluvial Soil,Kharif,25.4,40,58.8,Jute,Sugarcane
Madhya Pradesh,Indore,Laterite Soil,Zaid,21.6,49,70.9,Pigeonpeas,Coffee
Madhya Pradesh,Indore,Alluvial Soil,Whole Year,20.1,78,346.6,Papaya,Wheat
Madhya Pradesh,Indore,Laterite Soil,Kharif,33.7,82,153.8,Chickpea,Tea
Madhya Pradesh,Indore,Laterite Soil,Zaid,24.0,78,120.6,Maize,Coffee
Madhya Pradesh,Indore,Black Soil,Zaid,39.2,42,322.9,Apple,Cotton
Madhya Pradesh,Indore,Loamy Soil,Kharif,38.3,83,52.2,Rice,Wheat
Madhya Pradesh,Indore,Laterite Soil,Kharif,32.5,40,278.2,Jute,Tea
Madhya Pradesh,Indore,Black Soil,Rabi,19.2,82,249.5,Mungbean,Cotton
Madhya Pradesh,Indore,Red Soil,Rabi,29.0,86,150.2,Kidneybeans,Pulses
Madhya Pradesh,Indore,Black Soil,Rabi,18.9,76,304.2,Jute,Soybean
Madhya Pradesh,Indore,Red Soil,Whole Year,24.4,43,146.1,Orange,Groundnut
Madhya Pradesh,Indore,Alluvial Soil,Rabi,36.2,48,289.2,Pigeonpeas,Rice
Madhya Pradesh,Jabalpur,Sandy Soil,Rabi,30.3,94,290.1,Blackgram,Groundnut
Madhya Pradesh,Jabalpur,Red Soil,Kharif,24.5,68,216.4,Maize,Millets
Madhya Pradesh,Jabalpur,Alluvial Soil,Kharif,36.6,90,104.5,Lentil,Sugarcane
Madhya Pradesh,Jabalpur,Sandy Soil,Zaid,18.8,75,268.3,Jute,Watermelon
Madhya Pradesh,Jabalpur,Black Soil,Rabi,18.3,87,103.8,Blackgram,Soybean
Madhya Pradesh,Jabalpur,Alluvial Soil,Zaid,24.0,94,157.2,Mungbean,Maize
Madhya Pradesh,Jabalpur,Red Soil,Zaid,22.0,66,64.4,Mothbeans,Groundnut
Madhya Pradesh,Jabalpur,Laterite Soil,Zaid,30.1,75,249.5,Banana,Coffee
Madhya Pradesh,Jabalpur,Red Soil,Rabi,19.2,84,114.0,Maize,Groundnut
Madhya Pradesh,Jabalpur,Alluvial Soil,Kharif,18.6,85,191.2,Pigeonpeas,Rice
Madhya Pradesh,Jabalpur,Sandy Soil,Rabi,38.6,88,211.1,Pomegranate,Groundnut
Madhya Pradesh,Jabalpur,Alluvial Soil,Zaid,35.4,67,156.6,Chickpea,Sugarcane
Madhya Pradesh,Jabalpur,Black Soil,Whole Year,29.3,59,21.1,Maize,Soybean
Madhya Pradesh,Jabalpur,Sandy Soil,Rabi,38.0,58,199.1,Lentil,Watermelon
Madhya Pradesh,Jabalpur,Sandy Soil,Whole Year,34.5,65,66.8,Jute,Muskmelon
Madhya Pradesh,Jabalpur,Black Soil,Kharif,30.6,59,189.3,Blackgram,Soybean
Madhya Pradesh,Jabalpur,Loamy Soil,Zaid,29.7,89,270.0,Mungbean,Rice
Madhya Pradesh,Jabalpur,Black Soil,Kharif,24.6,89,305.5,Blackgram,Cotton
Madhya Pradesh,Jabalpur,Laterite Soil,Rabi,34.9,78,270.7,Lentil,Cashew
Madhya Pradesh,Jabalpur,Alluvial Soil,Rabi,32.9,86,23.2,Coconut,Wheat
Madhya Pradesh,Jhabua,Alluvial Soil,Rabi,21.1,67,339.6,Mungbean,Sugarcane
Madhya Pradesh,Jhabua,Loamy Soil,Rabi,32.0,93,280.1,Apple,Rice
Madhya Pradesh,Jhabua,Alluvial Soil,Zaid,21.1,81,166.9,Banana,Rice
Madhya Pradesh,Jhabua,Red Soil,Zaid,34.8,83,337.7,Pigeonpeas,Groundnut
Madhya Pradesh,Jhabua,Alluvial Soil,Zaid,28.4,86,274.6,Apple,Maize
Madhya Pradesh,Jhabua,Alluvial Soil,Kharif,24.5,48,168.1,Jute,Wheat
Madhya Pradesh,Jhabua,Loamy Soil,Zaid,19.7,92,283.9,Maize,Rice
Madhya Pradesh,Jhabua,Black Soil,Kharif,24.6,67,325.4,Jute,Jowar
Madhya Pradesh,Jhabua,Sandy Soil,Kharif,22.5,45,41.0,Pigeonpeas,Groundnut
Madhya Pradesh,Jhabua,Laterite Soil,Rabi,39.2,79,184.0,Mothbeans,Cashew
Madhya Pradesh,Jhabua,Alluvial Soil,Whole Year,18.9,88,249.5,Kidneybeans,Rice
Madhya Pradesh,Jhabua,Laterite Soil,Kharif,27.8,48,142.6,Kidneybeans,Coffee
Madhya Pradesh,Jhabua,Red Soil,Whole Year,18.8,79,93.2,Coffee,Millets
Madhya Pradesh,Jhabua,Red Soil,Whole Year,21.9,85,31.0,Orange,Pulses
Madhya Pradesh,Jhabua,Black Soil,Kharif,34.1,66,225.4,Coconut,Cotton
Madhya Pradesh,Jhabua,Sandy Soil,Kharif,26.4,63,276.3,Mango,Groundnut
Madhya Pradesh,Jhabua,Sandy Soil,Zaid,22.0,45,20.4,Blackgram,Muskmelon
Madhya Pradesh,Jhabua,Sandy Soil,Rabi,21.9,59,75.8,Maize,Groundnut
Madhya Pradesh,Jhabua,Black Soil,Rabi,33.0,41,228.6,Chickpea,Jowar
Madhya Pradesh,Jhabua,Loamy Soil,Whole Year,21.2,52,40.4,Jute,Wheat
Madhya Pradesh,Katni,Laterite Soil,Rabi,29.8,51,164.3,Pomegranate,Tea
Madhya Pradesh,Katni,Alluvial Soil,Whole Year,33.1,65,39.1,Coconut,Wheat
Madhya Pradesh,Katni,Alluvial Soil,Rabi,27.5,84,184.8,Mothbeans,Rice
Madhya Pradesh,Katni,Loamy Soil,Rabi,38.3,95,162.0,Pomegranate,Wheat
Madhya Pradesh,Katni,Loamy Soil,Kharif,37.8,42,91.2,Lentil,Rice
Madhya Pradesh,Katni,Red Soil,Whole Year,23.1,73,143.3,Pigeonpeas,Groundnut
Madhya Pradesh,Katni,Laterite Soil,Zaid,38.9,40,56.2,Mango,Cashew
Madhya Pradesh,Katni,Red Soil,Kharif,32.8,93,56.7,Coconut,Groundnut
Madhya Pradesh,Katni,Laterite Soil,Zaid,21.4,68,176.0,Mungbean,Tea
Madhya Pradesh,Katni,Black Soil,Whole Year,39.7,81,229.9,Coconut,Cotton
Madhya Pradesh,Katni,Loamy Soil,Rabi,29.1,90,277.3,Muskmelon,Wheat
Madhya Pradesh,Katni,Sandy Soil,Kharif,31.9,89,313.9,Chickpea,Muskmelon
Madhya Pradesh,Katni,Black Soil,Whole Year,18.4,94,50.7,Orange,Soybean
Madhya Pradesh,Katni,Laterite Soil,Kharif,25.7,57,154.5,Orange,Coffee
Madhya Pradesh,Katni,Loamy Soil,Zaid,28.2,77,253.4,Banana,Rice
Madhya Pradesh,Katni,Loamy Soil,Rabi,33.6,62,93.4,Watermelon,Wheat
Madhya Pradesh,Katni,Loamy Soil,Kharif,24.7,87,309.0,Mungbean,Rice
Madhya Pradesh,Katni,Sandy Soil,Rabi,21.3,58,303.7,Grapes,Muskmelon
Madhya Pradesh,Katni,Alluvial Soil,Whole Year,24.1,89,105.0,Kidneybeans,Rice
Madhya Pradesh,Katni,Laterite Soil,Kharif,38.0,54,296.0,Kidneybeans,Cashew
Madhya Pradesh,Khandwa,Alluvial Soil,Kharif,19.7,63,160.6,Orange,Rice
Madhya Pradesh,Khandwa,Laterite Soil,Zaid,23.9,69,94.6,Pigeonpeas,Coffee
Madhya Pradesh,Khandwa,Alluvial Soil,Kharif,20.9,66,80.4,Pigeonpeas,Rice
Madhya Pradesh,Khandwa,Black Soil,Kharif,19.3,46,336.6,Orange,Jowar
Madhya Pradesh,Khandwa,Laterite Soil,Whole Year,24.1,66,70.8,Banana,Tea
Madhya Pradesh,Khandwa,Black Soil,Whole Year,30.7,76,190.8,Banana,Cotton
Madhya Pradesh,Khandwa,Sandy Soil,Zaid,29.3,78,85.9,Pigeonpeas,Groundnut
Madhya Pradesh,Khandwa,Loamy Soil,Rabi,39.6,93,82.6,Muskmelon,Rice
Madhya Pradesh,Khandwa,Black Soil,Kharif,28.5,85,199.8,Orange,Jowar
Madhya Pradesh,Khandwa,Red Soil,Zaid,38.7,54,63.6,Chickpea,Millets
Madhya Pradesh,Khandwa,Loamy Soil,Whole Year,19.7,71,152.2,Blackgram,Wheat
Madhya Pradesh,Khandwa,Laterite Soil,Zaid,25.8,87,69.6,Banana,Cashew
Madhya Pradesh,Khandwa,Red Soil,Rabi,37.0,43,105.4,Mango,Pulses
Madhya Pradesh,Khandwa,Loamy Soil,Rabi,31.7,46,66.2,Kidneybeans,Rice
Madhya Pradesh,Khandwa,Black Soil,Rabi,35.2,79,290.7,Chickpea,Cotton
Madhya Pradesh,Khandwa,Laterite Soil,Whole Year,18.7,40,221.4,Blackgram,Coffee
Madhya Pradesh,Khandwa,Loamy Soil,Kharif,22.9,55,326.0,Muskmelon,Sugarcane
Madhya Pradesh,Khandwa,Alluvial Soil,Whole Year,36.4,73,339.3,Maize,Rice
Madhya Pradesh,Khandwa,Laterite Soil,Zaid,20.1,59,202.3,Pomegranate,Tea
Madhya Pradesh,Khandwa,Sandy Soil,Rabi,35.7,77,51.5,Muskmelon,Watermelon
Madhya Pradesh,Khargone,Alluvial Soil,Kharif,38.8,45,67.1,Maize,Sugarcane
Madhya Pradesh,Khargone,Red Soil,Rabi,28.4,58,202.9,Mango,Pulses
Madhya Pradesh,Khargone,Alluvial Soil,Rabi,40.0,60,278.7,Mango,Sugarcane
Madhya Pradesh,Khargone,Laterite Soil,Rabi,21.4,55,167.5,Watermelon,Tea
Madhya Pradesh,Khargone,Red Soil,Rabi,34.6,79,181.8,Grapes,Millets
Madhya Pradesh,Khargone,Laterite Soil,Rabi,24.6,81,168.2,Rice,Tea
Madhya Pradesh,Khargone,Red Soil,Whole Year,38.9,49,30.2,Kidneybeans,Groundnut
Madhya Pradesh,Khargone,Black Soil,Kharif,28.4,74,56.7,Muskmelon,Jowar
Madhya Pradesh,Khargone,Black Soil,Rabi,37.6,55,254.9,Mothbeans,Cotton
Madhya Pradesh,Khargone,Alluvial Soil,Zaid,25.5,79,294.5,Lentil,Maize
Madhya Pradesh,Khargone,Alluvial Soil,Whole Year,30.1,54,86.8,Watermelon,Sugarcane
Madhya Pradesh,Khargone,Red Soil,Whole Year,19.3,66,172.9,Lentil,Pulses
Madhya Pradesh,Khargone,Red Soil,Kharif,25.3,72,249.1,Kidneybeans,Millets
Madhya Pradesh,Khargone,Laterite Soil,Kharif,22.9,57,34.4,Grapes,Cashew
Madhya Pradesh,Khargone,Laterite Soil,Zaid,30.2,89,238.6,Cotton,Tea
Madhya Pradesh,Khargone,Loamy Soil,Whole Year,19.0,73,335.3,Lentil,Sugarcane
Madhya Pradesh,Khargone,Sandy Soil,Kharif,38.0,53,178.7,Mango,Watermelon
Madhya Pradesh,Khargone,Black Soil,Kharif,32.9,93,39.5,Watermelon,Soybean
Madhya Pradesh,Khargone,Sandy Soil,Whole Year,20.4,74,321.9,Banana,Watermelon
Madhya Pradesh,Khargone,Red Soil,Zaid,37.6,49,24.0,Mungbean,Millets
Madhya Pradesh,Maihar,Loamy Soil,Zaid,25.6,40,349.9,Chickpea,Sugarcane
Madhya Pradesh,Maihar,Laterite Soil,Rabi,23.0,92,156.7,Cotton,Tea
Madhya Pradesh,Maihar,Laterite Soil,Zaid,34.4,92,345.7,Papaya,Coffee
Madhya Pradesh,Maihar,Red Soil,Rabi,37.7,41,28.0,Orange,Groundnut
Madhya Pradesh,Maihar,Sandy Soil,Zaid,31.2,70,337.3,Orange,Groundnut
Madhya Pradesh,Maihar,Loamy Soil,Rabi,23.0,85,198.3,Lentil,Wheat
Madhya Pradesh,Maihar,Black Soil,Rabi,37.9,55,297.3,Watermelon,Soybean
Madhya Pradesh,Maihar,Loamy Soil,Rabi,25.2,92,299.3,Rice,Wheat
Madhya Pradesh,Maihar,Alluvial Soil,Whole Year,25.2,83,161.1,Lentil,Sugarcane
Madhya Pradesh,Maihar,Sandy Soil,Rabi,24.4,87,128.4,Mungbean,Watermelon
Madhya Pradesh,Maihar,Red Soil,Zaid,26.4,84,245.5,Watermelon,Millets
Madhya Pradesh,Maihar,Black Soil,Zaid,31.3,50,302.2,Rice,Soybean
Madhya Pradesh,Maihar,Red Soil,Kharif,39.2,79,334.6,Muskmelon,Pulses
Madhya Pradesh,Maihar,Alluvial Soil,Rabi,32.1,64,246.8,Lentil,Rice
Madhya Pradesh,Maihar,Sandy Soil,Zaid,36.9,55,88.6,Mango,Groundnut
Madhya Pradesh,Maihar,Laterite Soil,Kharif,29.0,77,297.5,Kidneybeans,Tea
Madhya Pradesh,Maihar,Alluvial Soil,Zaid,37.6,83,171.6,Chickpea,Wheat
Madhya Pradesh,Maihar,Alluvial Soil,Zaid,39.8,60,122.5,Muskmelon,Sugarcane
Madhya Pradesh,Maihar,Black Soil,Kharif,36.4,84,233.8,Rice,Soybean
Madhya Pradesh,Maihar,Sandy Soil,Whole Year,33.9,66,85.8,Coconut,Muskmelon
Madhya Pradesh,Mandla,Red Soil,Whole Year,32.1,76,193.8,Watermelon,Pulses
Madhya Pradesh,Mandla,Loamy Soil,Whole Year,37.1,77,38.4,Cotton,Wheat
Madhya Pradesh,Mandla,Sandy Soil,Whole Year,35.9,91,88.8,Banana,Muskmelon
Madhya Pradesh,Mandla,Sandy Soil,Zaid,34.5,54,258.3,Banana,Muskmelon
Madhya Pradesh,Mandla,Red Soil,Kharif,21.4,89,242.5,Watermelon,Groundnut
Madhya Pradesh,Mandla,Black Soil,Rabi,24.8,52,122.6,Grapes,Cotton
Madhya Pradesh,Mandla,Sandy Soil,Kharif,39.7,50,88.6,Chickpea,Groundnut
Madhya Pradesh,Mandla,Red Soil,Zaid,36.1,68,150.7,Pigeonpeas,Groundnut
Madhya Pradesh,Mandla,Red Soil,Whole Year,27.5,50,168.8,Jute,Millets
Madhya Pradesh,Mandla,Black Soil,Rabi,36.8,94,303.9,Papaya,Soybean
Madhya Pradesh,Mandla,Sandy Soil,Rabi,24.1,67,253.8,Maize,Groundnut
Madhya Pradesh,Mandla,Sandy Soil,Zaid,35.1,61,33.0,Coffee,Groundnut
Madhya Pradesh,Mandla,Laterite Soil,Rabi,19.5,50,196.4,Apple,Cashew
Madhya Pradesh,Mandla,Laterite Soil,Kharif,24.5,48,274.8,Muskmelon,Cashew
Madhya Pradesh,Mandla,Sandy Soil,Whole Year,27.4,94,94.3,Banana,Muskmelon
Madhya Pradesh,Mandla,Sandy Soil,Whole Year,18.7,79,208.4,Rice,Groundnut
Madhya Pradesh,Mandla,Sandy Soil,Rabi,30.4,90,23.8,Jute,Groundnut
Madhya Pradesh,Mandla,Alluvial Soil,Kharif,39.4,54,274.3,Kidneybeans,Wheat
Madhya Pradesh,Mandla,Black Soil,Rabi,27.5,89,38.0,Banana,Cotton
Madhya Pradesh,Mandla,Alluvial Soil,Zaid,21.4,49,333.0,Kidneybeans,Maize
Madhya Pradesh,Mandsaur,Black Soil,Zaid,23.9,54,240.2,Chickpea,Cotton
Madhya Pradesh,Mandsaur,Loamy Soil,Zaid,33.2,67,108.3,Papaya,Rice
Madhya Pradesh,Mandsaur,Red Soil,Kharif,37.6,82,28.7,Rice,Groundnut
Madhya Pradesh,Mandsaur,Alluvial Soil,Kharif,36.4,59,342.5,Mothbeans,Maize
Madhya Pradesh,Mandsaur,Loamy Soil,Rabi,31.6,69,257.6,Lentil,Sugarcane
Madhya Pradesh,Mandsaur,Black Soil,Zaid,35.9,89,126.3,Pigeonpeas,Jowar
Madhya Pradesh,Mandsaur,Alluvial Soil,Kharif,30.5,71,137.3,Grapes,Rice
Madhya Pradesh,Mandsaur,Red Soil,Kharif,22.9,41,26.6,Apple,Pulses
Madhya Pradesh,Mandsaur,Red Soil,Zaid,35.3,43,335.2,Apple,Groundnut
Madhya Pradesh,Mandsaur,Black Soil,Whole Year,24.9,64,44.5,Maize,Soybean
Madhya Pradesh,Mandsaur,Laterite Soil,Rabi,39.2,65,228.3,Mango,Tea
Madhya Pradesh,Mandsaur,Alluvial Soil,Whole Year,24.1,82,65.5,Pomegranate,Sugarcane
Madhya Pradesh,Mandsaur,Sandy Soil,Kharif,22.0,60,166.2,Coconut,Groundnut
Madhya Pradesh,Mandsaur,Laterite Soil,Zaid,24.6,55,32.9,Coffee,Cashew
Madhya Pradesh,Mandsaur,Laterite Soil,Kharif,36.3,60,292.5,Muskmelon,Coffee
Madhya Pradesh,Mandsaur,Laterite Soil,Zaid,38.2,81,325.3,Banana,Cashew
Madhya Pradesh,Mandsaur,Laterite Soil,Rabi,18.0,65,90.8,Mango,Coffee
Madhya Pradesh,Mandsaur,Loamy Soil,Whole Year,26.8,77,146.7,Blackgram,Wheat
Madhya Pradesh,Mandsaur,Sandy Soil,Whole Year,33.3,73,87.4,Pigeonpeas,Groundnut
Madhya Pradesh,Mandsaur,Alluvial Soil,Zaid,30.0,85,327.6,Papaya,Maize
Madhya Pradesh,Mauganj,Loamy Soil,Rabi,34.5,43,190.2,Pigeonpeas,Maize
Madhya Pradesh,Mauganj,Black Soil,Rabi,19.6,77,217.5,Banana,Soybean
Madhya Pradesh,Mauganj,Alluvial Soil,Whole Year,22.3,92,182.5,Papaya,Maize
Madhya Pradesh,Mauganj,Alluvial Soil,Rabi,32.3,47,291.6,Mungbean,Wheat
Madhya Pradesh,Mauganj,Alluvial Soil,Kharif,37.5,75,286.7,Papaya,Maize
Madhya Pradesh,Mauganj,Alluvial Soil,Whole Year,32.3,55,81.3,Kidneybeans,Maize
Madhya Pradesh,Mauganj,Loamy Soil,Zaid,32.2,55,339.4,Coffee,Rice
Madhya Pradesh,Mauganj,Loamy Soil,Whole Year,21.4,53,314.0,Jute,Maize
Madhya Pradesh,Mauganj,Alluvial Soil,Rabi,35.5,74,300.2,Blackgram,Rice
Madhya Pradesh,Mauganj,Laterite Soil,Whole Year,26.8,68,67.5,Apple,Tea
Madhya Pradesh,Mauganj,Alluvial Soil,Zaid,26.0,61,239.0,Cotton,Maize
Madhya Pradesh,Mauganj,Red Soil,Kharif,18.1,88,321.0,Jute,Millets
Madhya Pradesh,Mauganj,Loamy Soil,Whole Year,21.5,70,137.8,Mothbeans,Rice
Madhya Pradesh,Mauganj,Loamy Soil,Zaid,25.7,73,40.3,Grapes,Wheat
Madhya Pradesh,Mauganj,Loamy Soil,Whole Year,31.1,91,49.3,Jute,Sugarcane
Madhya Pradesh,Mauganj,Black Soil,Zaid,35.7,90,243.0,Grapes,Soybean
Madhya Pradesh,Mauganj,Alluvial Soil,Whole Year,22.1,42,224.5,Watermelon,Wheat
Madhya Pradesh,Mauganj,Loamy Soil,Rabi,33.6,53,314.5,Mothbeans,Sugarcane
Madhya Pradesh,Mauganj,Loamy Soil,Rabi,26.5,85,213.9,Coconut,Rice
Madhya Pradesh,Mauganj,Black Soil,Zaid,29.4,67,347.8,Jute,Jowar
Madhya Pradesh,Morena,Alluvial Soil,Whole Year,38.0,58,127.2,Blackgram,Rice
Madhya Pradesh,Morena,Red Soil,Kharif,34.5,76,177.3,Jute,Millets
Madhya Pradesh,Morena,Black Soil,Rabi,21.9,60,140.3,Coconut,Soybean
Madhya Pradesh,Morena,Black Soil,Kharif,27.8,91,57.4,Coconut,Cotton
Madhya Pradesh,Morena,Loamy Soil,Whole Year,26.3,67,322.8,Lentil,Rice
Madhya Pradesh,Morena,Red Soil,Whole Year,31.6,42,102.4,Rice,Groundnut
Madhya Pradesh,Morena,Laterite Soil,Kharif,19.8,47,326.2,Apple,Coffee
Madhya Pradesh,Morena,Sandy Soil,Rabi,38.2,65,327.9,Banana,Muskmelon
Madhya Pradesh,Morena,Laterite Soil,Zaid,28.5,65,187.4,Orange,Coffee
Madhya Pradesh,Morena,Loamy Soil,Zaid,20.8,76,345.3,Mango,Rice
Madhya Pradesh,Morena,Sandy Soil,Kharif,18.2,72,94.1,Muskmelon,Watermelon
Madhya Pradesh,Morena,Loamy Soil,Kharif,30.8,74,172.2,Apple,Maize
Madhya Pradesh,Morena,Black Soil,Kharif,32.4,80,311.8,Apple,Cotton
Madhya Pradesh,Morena,Laterite Soil,Zaid,35.2,68,246.5,Watermelon,Cashew
Madhya Pradesh,Morena,Laterite Soil,Zaid,33.4,90,285.7,Lentil,Cashew
Madhya Pradesh,Morena,Sandy Soil,Zaid,18.6,75,260.4,Blackgram,Muskmelon
Madhya Pradesh,Morena,Black Soil,Whole Year,30.5,81,45.1,Apple,Cotton
Madhya Pradesh,Morena,Loamy Soil,Kharif,35.5,41,177.8,Apple,Rice
Madhya Pradesh,Morena,Laterite Soil,Rabi,27.3,53,288.5,Coconut,Coffee
Madhya Pradesh,Morena,Sandy Soil,Whole Year,24.5,93,229.4,Coconut,Watermelon
Madhya Pradesh,Narmadapuram,Sandy Soil,Rabi,37.2,46,143.4,Papaya,Groundnut
Madhya Pradesh,Narmadapuram,Black Soil,Zaid,32.8,75,40.3,Cotton,Cotton
Madhya Pradesh,Narmadapuram,Loamy Soil,Kharif,32.3,89,211.7,Blackgram,Rice
Madhya Pradesh,Narmadapuram,Sandy Soil,Whole Year,24.1,89,212.2,Lentil,Muskmelon
Madhya Pradesh,Narmadapuram,Alluvial Soil,Rabi,34.5,58,274.9,Jute,Maize
Madhya Pradesh,Narmadapuram,Alluvial Soil,Zaid,32.4,59,310.1,Papaya,Wheat
Madhya Pradesh,Narmadapuram,Red Soil,Rabi,30.6,41,278.2,Muskmelon,Millets
Madhya Pradesh,Narmadapuram,Loamy Soil,Zaid,29.6,56,57.9,Mungbean,Wheat
Madhya Pradesh,Narmadapuram,Black Soil,Rabi,24.3,67,323.4,Orange,Jowar
Madhya Pradesh,Narmadapuram,Alluvial Soil,Rabi,31.9,94,107.8,Lentil,Rice
Madhya Pradesh,Narmadapuram,Black Soil,Rabi,38.0,79,164.3,Maize,Soybean
Madhya Pradesh,Narmadapuram,Black Soil,Rabi,29.8,74,235.6,Mothbeans,Soybean
Madhya Pradesh,Narmadapuram,Alluvial Soil,Kharif,34.7,75,176.7,Lentil,Sugarcane
Madhya Pradesh,Narmadapuram,Laterite Soil,Rabi,35.7,89,57.5,Banana,Tea
Madhya Pradesh,Narmadapuram,Black Soil,Whole Year,21.0,86,94.2,Grapes,Soybean
Madhya Pradesh,Narmadapuram,Red Soil,Rabi,37.7,69,283.2,Jute,Pulses
Madhya Pradesh,Narmadapuram,Alluvial Soil,Kharif,24.4,71,324.8,Mothbeans,Maize
Madhya Pradesh,Narmadapuram,Laterite Soil,Rabi,19.8,67,332.8,Apple,Coffee
Madhya Pradesh,Narmadapuram,Black Soil,Rabi,24.4,69,171.0,Pigeonpeas,Jowar
Madhya Pradesh,Narmadapuram,Black Soil,Whole Year,23.3,69,242.6,Kidneybeans,Cotton
Madhya Pradesh,Narsinghpur,Black Soil,Whole Year,37.0,53,90.4,Papaya,Cotton
Madhya Pradesh,Narsinghpur,Black Soil,Kharif,32.4,41,273.5,Grapes,Jowar
Madhya Pradesh,Narsinghpur,Red Soil,Rabi,25.2,73,43.4,Mungbean,Millets
Madhya Pradesh,Narsinghpur,Black Soil,Kharif,36.2,62,145.2,Pigeonpeas,Cotton
Madhya Pradesh,Narsinghpur,Sandy Soil,Whole Year,19.4,68,193.0,Grapes,Groundnut
Madhya Pradesh,Narsinghpur,Black Soil,Kharif,19.4,77,275.0,Grapes,Soybean
Madhya Pradesh,Narsinghpur,Sandy Soil,Kharif,37.6,43,92.4,Chickpea,Muskmelon
Madhya Pradesh,Narsinghpur,Black Soil,Zaid,29.5,81,20.4,Mothbeans,Soybean
Madhya Pradesh,Narsinghpur,Sandy Soil,Rabi,18.2,65,328.1,Coconut,Muskmelon
Madhya Pradesh,Narsinghpur,Red Soil,Kharif,36.3,68,345.9,Grapes,Groundnut
Madhya Pradesh,Narsinghpur,Sandy Soil,Zaid,38.9,84,119.1,Mungbean,Muskmelon
Madhya Pradesh,Narsinghpur,Laterite Soil,Whole Year,21.2,90,74.3,Blackgram,Cashew
Madhya Pradesh,Narsinghpur,Laterite Soil,Zaid,23.4,51,210.4,Rice,Cashew
Madhya Pradesh,Narsinghpur,Red Soil,Kharif,37.6,42,277.4,Lentil,Pulses
Madhya Pradesh,Narsinghpur,Sandy Soil,Rabi,28.2,75,236.3,Jute,Groundnut
Madhya Pradesh,Narsinghpur,Laterite Soil,Zaid,39.1,69,329.2,Pomegranate,Coffee
Madhya Pradesh,Narsinghpur,Loamy Soil,Whole Year,32.9,87,189.1,Pomegranate,Wheat
Madhya Pradesh,Narsinghpur,Laterite Soil,Zaid,24.4,80,264.4,Coffee,Tea
Madhya Pradesh,Narsinghpur,Laterite Soil,Kharif,36.9,87,141.4,Pigeonpeas,Tea
Madhya Pradesh,Narsinghpur,Alluvial Soil,Whole Year,25.0,60,183.9,Mungbean,Maize
Madhya Pradesh,Neemuch,Sandy Soil,Kharif,24.0,90,193.2,Lentil,Muskmelon
Madhya Pradesh,Neemuch,Sandy Soil,Zaid,38.1,64,333.7,Chickpea,Watermelon
Madhya Pradesh,Neemuch,Red Soil,Rabi,26.0,77,46.0,Pomegranate,Groundnut
Madhya Pradesh,Neemuch,Loamy Soil,Rabi,28.3,91,75.3,Mungbean,Wheat
Madhya Pradesh,Neemuch,Red Soil,Zaid,38.8,47,143.2,Blackgram,Groundnut
Madhya Pradesh,Neemuch,Alluvial Soil,Whole Year,36.5,93,195.7,Grapes,Sugarcane
Madhya Pradesh,Neemuch,Loamy Soil,Kharif,35.4,46,228.1,Grapes,Rice
Madhya Pradesh,Neemuch,Sandy Soil,Zaid,34.9,43,205.4,Grapes,Watermelon
Madhya Pradesh,Neemuch,Laterite Soil,Whole Year,30.9,50,204.6,Pigeonpeas,Coffee
Madhya Pradesh,Neemuch,Red Soil,Rabi,35.2,69,196.4,Jute,Groundnut
Madhya Pradesh,Neemuch,Red Soil,Rabi,31.0,91,328.2,Rice,Groundnut
Madhya Pradesh,Neemuch,Loamy Soil,Rabi,20.0,76,187.4,Kidneybeans,Sugarcane
Madhya Pradesh,Neemuch,Laterite Soil,Rabi,39.9,46,59.7,Papaya,Coffee
Madhya Pradesh,Neemuch,Red Soil,Whole Year,37.5,61,98.6,Cotton,Groundnut
Madhya Pradesh,Neemuch,Black Soil,Rabi,26.9,80,233.3,Lentil,Jowar
Madhya Pradesh,Neemuch,Red Soil,Whole Year,19.5,73,232.5,Coconut,Pulses
Madhya Pradesh,Neemuch,Black Soil,Zaid,25.6,72,89.9,Muskmelon,Jowar
Madhya Pradesh,Neemuch,Laterite Soil,Rabi,34.2,61,206.2,Mungbean,Tea
Madhya Pradesh,Neemuch,Red Soil,Kharif,39.1,62,48.6,Maize,Groundnut
Madhya Pradesh,Neemuch,Laterite Soil,Whole Year,36.4,63,129.2,Chickpea,Coffee
Madhya Pradesh,Niwari,Alluvial Soil,Rabi,35.1,91,123.2,Cotton,Wheat
Madhya Pradesh,Niwari,Sandy Soil,Rabi,25.2,45,232.9,Pigeonpeas,Watermelon
Madhya Pradesh,Niwari,Red Soil,Zaid,27.4,77,133.5,Grapes,Groundnut
Madhya Pradesh,Niwari,Red Soil,Rabi,36.4,40,117.1,Banana,Millets
Madhya Pradesh,Niwari,Laterite Soil,Rabi,24.1,40,115.5,Coconut,Coffee
Madhya Pradesh,Niwari,Alluvial Soil,Rabi,28.2,48,85.9,Papaya,Maize
Madhya Pradesh,Niwari,Loamy Soil,Kharif,30.3,73,203.5,Maize,Maize
Madhya Pradesh,Niwari,Red Soil,Kharif,37.2,54,24.4,Jute,Groundnut
Madhya Pradesh,Niwari,Laterite Soil,Kharif,24.2,73,163.1,Coconut,Tea
Madhya Pradesh,Niwari,Sandy Soil,Whole Year,20.6,54,312.8,Mungbean,Watermelon
Madhya Pradesh,Niwari,Red Soil,Zaid,21.4,46,169.0,Cotton,Groundnut
Madhya Pradesh,Niwari,Loamy Soil,Zaid,34.9,61,138.5,Orange,Sugarcane
Madhya Pradesh,Niwari,Sandy Soil,Zaid,32.2,85,276.3,Banana,Muskmelon
Madhya Pradesh,Niwari,Alluvial Soil,Kharif,31.5,53,89.4,Mungbean,Maize
Madhya Pradesh,Niwari,Alluvial Soil,Whole Year,22.6,76,241.3,Papaya,Wheat
Madhya Pradesh,Niwari,Alluvial Soil,Zaid,23.0,69,46.7,Pigeonpeas,Rice
Madhya Pradesh,Niwari,Alluvial Soil,Zaid,19.4,72,297.3,Banana,Sugarcane
Madhya Pradesh,Niwari,Laterite Soil,Whole Year,38.7,42,323.0,Grapes,Cashew
Madhya Pradesh,Niwari,Laterite Soil,Kharif,26.5,92,270.6,Pigeonpeas,Cashew
Madhya Pradesh,Niwari,Alluvial Soil,Kharif,30.2,52,177.8,Muskmelon,Sugarcane
Madhya Pradesh,Panna,Sandy Soil,Rabi,30.7,83,177.7,Papaya,Watermelon
Madhya Pradesh,Panna,Loamy Soil,Rabi,32.7,66,325.3,Rice,Sugarcane
Madhya Pradesh,Panna,Sandy Soil,Whole Year,19.7,65,340.6,Coffee,Groundnut
Madhya Pradesh,Panna,Laterite Soil,Rabi,22.7,50,161.1,Grapes,Coffee
Madhya Pradesh,Panna,Red Soil,Rabi,39.5,58,32.9,Chickpea,Millets
Madhya Pradesh,Panna,Red Soil,Rabi,31.3,48,136.4,Cotton,Groundnut
Madhya Pradesh,Panna,Black Soil,Rabi,26.8,94,225.5,Lentil,Soybean
Madhya Pradesh,Panna,Laterite Soil,Kharif,18.8,95,40.4,Grapes,Tea
Madhya Pradesh,Panna,Laterite Soil,Rabi,38.4,77,69.2,Kidneybeans,Tea
Madhya Pradesh,Panna,Laterite Soil,Whole Year,32.6,63,180.9,Apple,Tea
Madhya Pradesh,Panna,Sandy Soil,Zaid,37.9,47,317.6,Mothbeans,Muskmelon
Madhya Pradesh,Panna,Alluvial Soil,Zaid,24.5,56,204.0,Muskmelon,Rice
Madhya Pradesh,Panna,Black Soil,Whole Year,36.8,71,182.2,Mothbeans,Soybean
Madhya Pradesh,Panna,Black Soil,Whole Year,26.4,69,244.5,Watermelon,Soybean
Madhya Pradesh,Panna,Loamy Soil,Kharif,21.8,61,221.6,Coconut,Rice
Madhya Pradesh,Panna,Laterite Soil,Rabi,18.7,66,323.3,Orange,Coffee
Madhya Pradesh,Panna,Alluvial Soil,Kharif,31.9,41,175.9,Grapes,Wheat
Madhya Pradesh,Panna,Red Soil,Whole Year,29.0,56,345.1,Pigeonpeas,Groundnut
Madhya Pradesh,Panna,Laterite Soil,Rabi,22.5,75,253.0,Cotton,Cashew
Madhya Pradesh,Panna,Loamy Soil,Rabi,34.9,74,209.6,Banana,Rice
Madhya Pradesh,Raisen,Alluvial Soil,Kharif,22.9,77,123.4,Jute,Rice
Madhya Pradesh,Raisen,Loamy Soil,Zaid,38.5,69,232.0,Cotton,Wheat
Madhya Pradesh,Raisen,Laterite Soil,Whole Year,18.7,43,196.7,Banana,Coffee
Madhya Pradesh,Raisen,Sandy Soil,Kharif,25.5,83,272.6,Jute,Muskmelon
Madhya Pradesh,Raisen,Laterite Soil,Zaid,22.2,65,197.4,Watermelon,Cashew
Madhya Pradesh,Raisen,Alluvial Soil,Rabi,29.1,79,131.5,Banana,Wheat
Madhya Pradesh,Raisen,Red Soil,Rabi,25.3,41,194.7,Blackgram,Millets
Madhya Pradesh,Raisen,Sandy Soil,Zaid,26.8,61,225.7,Kidneybeans,Watermelon
Madhya Pradesh,Raisen,Loamy Soil,Rabi,32.9,71,112.5,Muskmelon,Rice
Madhya Pradesh,Raisen,Laterite Soil,Zaid,36.7,85,246.4,Orange,Coffee
Madhya Pradesh,Raisen,Red Soil,Whole Year,18.0,93,269.1,Blackgram,Millets
Madhya Pradesh,Raisen,Loamy Soil,Kharif,24.0,68,324.3,Jute,Sugarcane
Madhya Pradesh,Raisen,Alluvial Soil,Zaid,39.6,74,295.6,Watermelon,Rice
Madhya Pradesh,Raisen,Loamy Soil,Whole Year,31.5,51,318.9,Jute,Sugarcane
Madhya Pradesh,Raisen,Red Soil,Whole Year,30.4,71,53.1,Watermelon,Groundnut
Madhya Pradesh,Raisen,Sandy Soil,Rabi,35.7,50,145.3,Orange,Muskmelon
Madhya Pradesh,Raisen,Alluvial Soil,Whole Year,31.4,64,92.9,Maize,Maize
Madhya Pradesh,Raisen,Laterite Soil,Whole Year,36.0,70,162.5,Coconut,Tea
Madhya Pradesh,Raisen,Loamy Soil,Rabi,20.2,68,293.2,Papaya,Sugarcane
Madhya Pradesh,Raisen,Alluvial Soil,Zaid,18.8,55,71.2,Coffee,Maize
Madhya Pradesh,Rajgarh,Alluvial Soil,Zaid,31.0,84,55.5,Muskmelon,Sugarcane
Madhya Pradesh,Rajgarh,Alluvial Soil,Zaid,36.6,64,262.3,Coconut,Maize
Madhya Pradesh,Rajgarh,Red Soil,Zaid,18.5,54,125.7,Jute,Millets
Madhya Pradesh,Rajgarh,Laterite Soil,Rabi,35.0,90,137.1,Mango,Tea
Madhya Pradesh,Rajgarh,Black Soil,Kharif,35.2,49,184.9,Jute,Soybean
Madhya Pradesh,Rajgarh,Alluvial Soil,Rabi,35.5,86,164.8,Pomegranate,Wheat
Madhya Pradesh,Rajgarh,Alluvial Soil,Whole Year,34.5,89,233.4,Pigeonpeas,Rice
Madhya Pradesh,Rajgarh,Alluvial Soil,Zaid,31.5,61,42.4,Mango,Rice
Madhya Pradesh,Rajgarh,Sandy Soil,Zaid,39.6,41,76.0,Coffee,Groundnut
Madhya Pradesh,Rajgarh,Red Soil,Whole Year,39.7,82,215.1,Watermelon,Pulses
Madhya Pradesh,Rajgarh,Laterite Soil,Zaid,36.8,76,213.2,Coffee,Coffee
Madhya Pradesh,Rajgarh,Red Soil,Kharif,27.8,75,151.6,Pigeonpeas,Groundnut
Madhya Pradesh,Rajgarh,Black Soil,Whole Year,35.4,42,342.1,Blackgram,Cotton
Madhya Pradesh,Rajgarh,Alluvial Soil,Zaid,26.9,80,324.6,Coffee,Maize
Madhya Pradesh,Rajgarh,Laterite Soil,Whole Year,24.5,77,260.8,Banana,Tea
Madhya Pradesh,Rajgarh,Loamy Soil,Rabi,18.0,95,219.6,Orange,Wheat
Madhya Pradesh,Rajgarh,Red Soil,Rabi,31.0,61,75.0,Papaya,Groundnut
Madhya Pradesh,Rajgarh,Laterite Soil,Zaid,25.9,83,159.9,Orange,Cashew
Madhya Pradesh,Rajgarh,Laterite Soil,Rabi,18.0,50,198.6,Maize,Tea
Madhya Pradesh,Rajgarh,Loamy Soil,Whole Year,30.9,92,342.6,Jute,Wheat
Madhya Pradesh,Ratlam,Sandy Soil,Zaid,18.7,82,192.7,Pigeonpeas,Watermelon
Madhya Pradesh,Ratlam,Red Soil,Whole Year,26.8,92,344.3,Kidneybeans,Millets
Madhya Pradesh,Ratlam,Laterite Soil,Rabi,39.0,95,207.0,Maize,Cashew
Madhya Pradesh,Ratlam,Black Soil,Zaid,31.4,71,318.2,Rice,Soybean
Madhya Pradesh,Ratlam,Loamy Soil,Kharif,22.5,63,236.0,Kidneybeans,Rice
Madhya Pradesh,Ratlam,Loamy Soil,Zaid,22.7,82,99.4,Chickpea,Rice
Madhya Pradesh,Ratlam,Black Soil,Rabi,26.7,77,88.6,Chickpea,Jowar
Madhya Pradesh,Ratlam,Red Soil,Whole Year,21.3,81,83.2,Pomegranate,Groundnut
Madhya Pradesh,Ratlam,Laterite Soil,Kharif,20.8,43,300.2,Mothbeans,Cashew
Madhya Pradesh,Ratlam,Black Soil,Whole Year,37.8,79,156.0,Papaya,Jowar
Madhya Pradesh,Ratlam,Alluvial Soil,Whole Year,36.4,71,30.6,Pomegranate,Wheat
Madhya Pradesh,Ratlam,Sandy Soil,Kharif,34.0,80,132.6,Cotton,Groundnut
Madhya Pradesh,Ratlam,Loamy Soil,Kharif,36.5,73,77.9,Kidneybeans,Maize
Madhya Pradesh,Ratlam,Laterite Soil,Kharif,26.7,70,59.1,Pigeonpeas,Tea
Madhya Pradesh,Ratlam,Red Soil,Whole Year,18.6,85,71.8,Banana,Millets
Madhya Pradesh,Ratlam,Alluvial Soil,Whole Year,18.5,51,177.8,Grapes,Sugarcane
Madhya Pradesh,Ratlam,Loamy Soil,Rabi,34.9,66,72.7,Blackgram,Maize
Madhya Pradesh,Ratlam,Loamy Soil,Rabi,27.4,90,102.5,Lentil,Wheat
Madhya Pradesh,Ratlam,Black Soil,Zaid,28.6,59,166.9,Coconut,Jowar
Madhya Pradesh,Ratlam,Loamy Soil,Whole Year,26.0,59,122.8,Coffee,Wheat
Madhya Pradesh,Rewa,Red Soil,Zaid,37.3,42,145.0,Blackgram,Groundnut
Madhya Pradesh,Rewa,Red Soil,Rabi,37.1,45,42.4,Coffee,Groundnut
Madhya Pradesh,Rewa,Loamy Soil,Whole Year,37.6,48,178.9,Coffee,Rice
Madhya Pradesh,Rewa,Alluvial Soil,Zaid,19.5,88,203.1,Pigeonpeas,Rice
Madhya Pradesh,Rewa,Sandy Soil,Kharif,27.3,89,319.7,Pomegranate,Watermelon
Madhya Pradesh,Rewa,Alluvial Soil,Kharif,34.4,94,262.9,Muskmelon,Sugarcane
Madhya Pradesh,Rewa,Sandy Soil,Whole Year,32.1,89,283.3,Maize,Muskmelon
Madhya Pradesh,Rewa,Black Soil,Whole Year,32.7,51,233.4,Lentil,Cotton
Madhya Pradesh,Rewa,Red Soil,Kharif,24.7,41,337.2,Coffee,Pulses
Madhya Pradesh,Rewa,Black Soil,Zaid,38.1,82,316.3,Watermelon,Jowar
Madhya Pradesh,Rewa,Laterite Soil,Zaid,20.3,74,271.6,Lentil,Tea
Madhya Pradesh,Rewa,Red Soil,Kharif,20.4,48,197.3,Coffee,Groundnut
Madhya Pradesh,Rewa,Red Soil,Rabi,31.8,63,86.3,Coffee,Pulses
Madhya Pradesh,Rewa,Loamy Soil,Rabi,23.6,89,40.8,Watermelon,Wheat
Madhya Pradesh,Rewa,Alluvial Soil,Kharif,23.4,70,273.1,Mothbeans,Rice
Madhya Pradesh,Rewa,Red Soil,Kharif,19.1,46,209.6,Cotton,Pulses
Madhya Pradesh,Rewa,Loamy Soil,Kharif,26.5,64,337.3,Coffee,Rice
Madhya Pradesh,Rewa,Red Soil,Zaid,18.3,54,328.0,Kidneybeans,Groundnut
Madhya Pradesh,Rewa,Black Soil,Whole Year,33.1,51,336.5,Coffee,Jowar
Madhya Pradesh,Rewa,Laterite Soil,Rabi,36.6,82,212.1,Papaya,Tea
Madhya Pradesh,Sagar,Sandy Soil,Whole Year,32.9,56,308.5,Chickpea,Groundnut
Madhya Pradesh,Sagar,Black Soil,Zaid,29.6,68,248.7,Blackgram,Jowar
Madhya Pradesh,Sagar,Laterite Soil,Rabi,23.1,53,309.8,Muskmelon,Coffee
Madhya Pradesh,Sagar,Red Soil,Kharif,24.8,84,42.8,Watermelon,Groundnut
Madhya Pradesh,Sagar,Loamy Soil,Kharif,29.7,48,107.9,Jute,Wheat
Madhya Pradesh,Sagar,Sandy Soil,Whole Year,32.7,76,336.8,Papaya,Groundnut
Madhya Pradesh,Sagar,Red Soil,Rabi,33.5,81,205.4,Rice,Groundnut
Madhya Pradesh,Sagar,Red Soil,Rabi,23.8,73,311.2,Pomegranate,Groundnut
Madhya Pradesh,Sagar,Alluvial Soil,Zaid,40.0,42,153.0,Papaya,Wheat
Madhya Pradesh,Sagar,Laterite Soil,Zaid,39.9,83,321.3,Pomegranate,Cashew
Madhya Pradesh,Sagar,Loamy Soil,Zaid,30.2,44,337.7,Banana,Maize
Madhya Pradesh,Sagar,Laterite Soil,Rabi,21.4,65,256.4,Lentil,Tea
Madhya Pradesh,Sagar,Alluvial Soil,Kharif,24.2,50,62.8,Rice,Maize
Madhya Pradesh,Sagar,Black Soil,Rabi,21.2,40,27.8,Jute,Soybean
Madhya Pradesh,Sagar,Black Soil,Rabi,21.6,73,281.7,Muskmelon,Soybean
Madhya Pradesh,Sagar,Black Soil,Rabi,25.8,55,298.3,Mothbeans,Soybean
Madhya Pradesh,Sagar,Alluvial Soil,Kharif,29.6,82,29.4,Blackgram,Sugarcane
Madhya Pradesh,Sagar,Red Soil,Kharif,30.9,48,319.1,Mungbean,Pulses
Madhya Pradesh,Sagar,Black Soil,Kharif,33.3,80,314.3,Mungbean,Soybean
Madhya Pradesh,Sagar,Alluvial Soil,Zaid,32.3,95,130.9,Grapes,Sugarcane
Madhya Pradesh,Satna,Loamy Soil,Whole Year,20.9,66,60.6,Coffee,Sugarcane
Madhya Pradesh,Satna,Loamy Soil,Whole Year,34.2,70,36.0,Grapes,Sugarcane
Madhya Pradesh,Satna,Sandy Soil,Rabi,32.1,78,152.9,Grapes,Watermelon
Madhya Pradesh,Satna,Red Soil,Rabi,25.0,44,250.6,Lentil,Millets
Madhya Pradesh,Satna,Alluvial Soil,Whole Year,36.7,58,236.3,Apple,Wheat
Madhya Pradesh,Satna,Alluvial Soil,Zaid,29.4,42,154.5,Jute,Wheat
Madhya Pradesh,Satna,Black Soil,Zaid,24.7,78,149.9,Coffee,Jowar
Madhya Pradesh,Satna,Laterite Soil,Whole Year,37.2,63,95.0,Mothbeans,Cashew
Madhya Pradesh,Satna,Alluvial Soil,Zaid,21.6,57,239.0,Rice,Wheat
Madhya Pradesh,Satna,Sandy Soil,Zaid,38.5,51,287.5,Watermelon,Muskmelon
Madhya Pradesh,Satna,Loamy Soil,Rabi,38.1,92,250.7,Coconut,Rice
Madhya Pradesh,Satna,Red Soil,Whole Year,24.1,72,76.3,Mango,Pulses
Madhya Pradesh,Satna,Red Soil,Rabi,21.2,74,100.2,Blackgram,Groundnut
Madhya Pradesh,Satna,Laterite Soil,Kharif,30.4,74,246.1,Cotton,Cashew
Madhya Pradesh,Satna,Loamy Soil,Whole Year,31.4,42,79.2,Mungbean,Maize
Madhya Pradesh,Satna,Sandy Soil,Zaid,39.2,59,321.4,Lentil,Groundnut
Madhya Pradesh,Satna,Sandy Soil,Rabi,18.7,62,64.2,Banana,Groundnut
Madhya Pradesh,Satna,Loamy Soil,Zaid,26.3,85,149.7,Coconut,Sugarcane
Madhya Pradesh,Satna,Red Soil,Zaid,24.1,67,219.9,Orange,Groundnut
Madhya Pradesh,Satna,Black Soil,Kharif,23.6,87,273.5,Papaya,Cotton
Madhya Pradesh,Sehore,Loamy Soil,Kharif,37.0,57,61.9,Banana,Maize
Madhya Pradesh,Sehore,Black Soil,Whole Year,31.1,63,30.0,Orange,Jowar
Madhya Pradesh,Sehore,Black Soil,Kharif,20.5,40,189.2,Papaya,Cotton
Madhya Pradesh,Sehore,Laterite Soil,Whole Year,21.9,61,294.0,Banana,Coffee
Madhya Pradesh,Sehore,Laterite Soil,Whole Year,28.2,64,54.6,Banana,Coffee
Madhya Pradesh,Sehore,Alluvial Soil,Kharif,28.5,65,241.7,Blackgram,Sugarcane
Madhya Pradesh,Sehore,Sandy Soil,Zaid,22.0,40,134.7,Jute,Muskmelon
Madhya Pradesh,Sehore,Sandy Soil,Whole Year,24.4,68,330.7,Apple,Groundnut
Madhya Pradesh,Sehore,Black Soil,Zaid,34.4,64,149.9,Muskmelon,Cotton
Madhya Pradesh,Sehore,Black Soil,Zaid,33.3,78,179.4,Papaya,Soybean
Madhya Pradesh,Sehore,Red Soil,Whole Year,33.7,89,124.9,Mango,Pulses
Madhya Pradesh,Sehore,Laterite Soil,Rabi,25.8,63,304.1,Coconut,Cashew
Madhya Pradesh,Sehore,Red Soil,Rabi,30.5,88,139.9,Watermelon,Millets
Madhya Pradesh,Sehore,Black Soil,Rabi,20.7,67,73.6,Mothbeans,Soybean
Madhya Pradesh,Sehore,Alluvial Soil,Kharif,18.8,67,188.1,Pigeonpeas,Maize
Madhya Pradesh,Sehore,Sandy Soil,Rabi,28.2,92,323.9,Lentil,Muskmelon
Madhya Pradesh,Sehore,Alluvial Soil,Whole Year,26.0,55,285.5,Apple,Maize
Madhya Pradesh,Sehore,Laterite Soil,Rabi,33.2,82,160.7,Lentil,Coffee
Madhya Pradesh,Sehore,Sandy Soil,Kharif,22.6,90,296.4,Coconut,Groundnut
Madhya Pradesh,Sehore,Black Soil,Whole Year,26.8,48,104.7,Mothbeans,Jowar
Madhya Pradesh,Seoni,Loamy Soil,Kharif,32.8,58,125.7,Banana,Sugarcane
Madhya Pradesh,Seoni,Sandy Soil,Zaid,24.3,69,216.4,Papaya,Muskmelon
Madhya Pradesh,Seoni,Alluvial Soil,Zaid,22.0,92,209.3,Pomegranate,Sugarcane
Madhya Pradesh,Seoni,Loamy Soil,Whole Year,29.8,48,168.3,Apple,Rice
Madhya Pradesh,Seoni,Sandy Soil,Kharif,20.0,84,105.5,Grapes,Groundnut
Madhya Pradesh,Seoni,Red Soil,Zaid,37.8,52,210.6,Coconut,Millets
Madhya Pradesh,Seoni,Black Soil,Whole Year,39.5,94,180.0,Orange,Jowar
Madhya Pradesh,Seoni,Loamy Soil,Zaid,26.2,86,270.0,Lentil,Wheat
Madhya Pradesh,Seoni,Loamy Soil,Whole Year,31.8,91,246.0,Orange,Maize
Madhya Pradesh,Seoni,Black Soil,Kharif,30.1,89,57.8,Pigeonpeas,Jowar
Madhya Pradesh,Seoni,Alluvial Soil,Zaid,33.1,86,287.9,Chickpea,Maize
Madhya Pradesh,Seoni,Red Soil,Whole Year,29.7,58,163.7,Lentil,Pulses
Madhya Pradesh,Seoni,Black Soil,Kharif,23.0,76,225.1,Papaya,Jowar
Madhya Pradesh,Seoni,Alluvial Soil,Rabi,28.6,59,151.7,Chickpea,Rice
Madhya Pradesh,Seoni,Laterite Soil,Rabi,25.8,93,260.0,Maize,Cashew
Madhya Pradesh,Seoni,Sandy Soil,Whole Year,27.0,92,52.8,Grapes,Watermelon
Madhya Pradesh,Seoni,Black Soil,Whole Year,36.9,71,312.4,Apple,Cotton
Madhya Pradesh,Seoni,Laterite Soil,Rabi,23.1,94,93.1,Orange,Tea
Madhya Pradesh,Seoni,Sandy Soil,Whole Year,26.3,40,208.0,Pomegranate,Muskmelon
Madhya Pradesh,Seoni,Black Soil,Kharif,31.1,94,161.2,Rice,Jowar
Madhya Pradesh,Shahdol,Alluvial Soil,Zaid,31.7,94,337.6,Lentil,Sugarcane
Madhya Pradesh,Shahdol,Black Soil,Zaid,38.0,78,127.9,Lentil,Jowar
Madhya Pradesh,Shahdol,Black Soil,Rabi,32.4,43,151.0,Banana,Soybean
Madhya Pradesh,Shahdol,Black Soil,Zaid,36.6,80,348.7,Muskmelon,Soybean
Madhya Pradesh,Shahdol,Sandy Soil,Whole Year,23.0,67,341.2,Rice,Muskmelon
Madhya Pradesh,Shahdol,Red Soil,Rabi,35.1,76,272.1,Coffee,Groundnut
Madhya Pradesh,Shahdol,Sandy Soil,Rabi,19.7,77,123.7,Cotton,Watermelon
Madhya Pradesh,Shahdol,Laterite Soil,Kharif,24.6,61,51.8,Mango,Tea
Madhya Pradesh,Shahdol,Sandy Soil,Zaid,21.8,44,307.9,Mungbean,Watermelon
Madhya Pradesh,Shahdol,Alluvial Soil,Whole Year,19.2,90,349.3,Mango,Sugarcane
Madhya Pradesh,Shahdol,Black Soil,Zaid,22.8,58,75.1,Lentil,Soybean
Madhya Pradesh,Shahdol,Red Soil,Rabi,38.8,53,278.6,Blackgram,Groundnut
Madhya Pradesh,Shahdol,Alluvial Soil,Rabi,26.0,43,220.0,Coffee,Sugarcane
Madhya Pradesh,Shahdol,Red Soil,Whole Year,32.0,72,278.1,Mungbean,Groundnut
Madhya Pradesh,Shahdol,Loamy Soil,Whole Year,39.9,88,333.2,Blackgram,Wheat
Madhya Pradesh,Shahdol,Laterite Soil,Rabi,22.5,72,33.9,Cotton,Cashew
Madhya Pradesh,Shahdol,Black Soil,Zaid,18.2,46,274.9,Blackgram,Soybean
Madhya Pradesh,Shahdol,Black Soil,Rabi,37.1,92,332.3,Jute,Jowar
Madhya Pradesh,Shahdol,Alluvial Soil,Zaid,31.3,41,119.8,Orange,Sugarcane
Madhya Pradesh,Shahdol,Sandy Soil,Whole Year,27.3,91,55.8,Maize,Groundnut
Madhya Pradesh,Shajapur,Loamy Soil,Rabi,18.1,85,96.6,Coconut,Wheat
Madhya Pradesh,Shajapur,Alluvial Soil,Kharif,30.8,79,288.2,Coconut,Rice
Madhya Pradesh,Shajapur,Red Soil,Zaid,38.6,93,71.8,Jute,Millets
Madhya Pradesh,Shajapur,Loamy Soil,Kharif,35.0,51,31.8,Lentil,Wheat
Madhya Pradesh,Shajapur,Alluvial Soil,Rabi,23.9,57,155.2,Orange,Rice
Madhya Pradesh,Shajapur,Sandy Soil,Whole Year,32.5,95,151.7,Blackgram,Groundnut
Madhya Pradesh,Shajapur,Sandy Soil,Zaid,20.4,55,28.4,Papaya,Groundnut
Madhya Pradesh,Shajapur,Alluvial Soil,Rabi,21.6,82,29.7,Apple,Wheat
Madhya Pradesh,Shajapur,Sandy Soil,Rabi,36.4,88,120.7,Lentil,Groundnut
Madhya Pradesh,Shajapur,Red Soil,Whole Year,26.4,78,230.1,Orange,Pulses
Madhya Pradesh,Shajapur,Sandy Soil,Rabi,29.6,74,275.1,Banana,Groundnut
Madhya Pradesh,Shajapur,Sandy Soil,Whole Year,30.4,85,246.7,Coffee,Watermelon
Madhya Pradesh,Shajapur,Sandy Soil,Kharif,37.3,62,131.2,Rice,Watermelon
Madhya Pradesh,Shajapur,Alluvial Soil,Zaid,35.9,46,168.3,Coconut,Maize
Madhya Pradesh,Shajapur,Black Soil,Rabi,30.2,86,163.3,Coconut,Jowar
Madhya Pradesh,Shajapur,Loamy Soil,Zaid,18.6,77,94.0,Jute,Rice
Madhya Pradesh,Shajapur,Red Soil,Zaid,32.9,85,117.6,Jute,Millets
Madhya Pradesh,Shajapur,Sandy Soil,Rabi,21.7,63,332.9,Watermelon,Muskmelon
Madhya Pradesh,Shajapur,Black Soil,Whole Year,23.7,90,343.4,Blackgram,Jowar
Madhya Pradesh,Shajapur,Laterite Soil,Rabi,20.2,95,199.1,Mungbean,Cashew
Madhya Pradesh,Sheopur,Loamy Soil,Zaid,31.8,78,284.1,Mango,Rice
Madhya Pradesh,Sheopur,Alluvial Soil,Rabi,19.3,61,317.6,Jute,Rice
Madhya Pradesh,Sheopur,Red Soil,Zaid,37.3,67,109.3,Banana,Groundnut
Madhya Pradesh,Sheopur,Black Soil,Rabi,36.0,56,260.7,Apple,Jowar
Madhya Pradesh,Sheopur,Alluvial Soil,Whole Year,33.2,93,241.0,Rice,Wheat
Madhya Pradesh,Sheopur,Loamy Soil,Whole Year,21.5,85,342.3,Blackgram,Rice
Madhya Pradesh,Sheopur,Alluvial Soil,Zaid,27.4,75,170.2,Chickpea,Maize
Madhya Pradesh,Sheopur,Loamy Soil,Zaid,23.6,60,66.0,Banana,Sugarcane
Madhya Pradesh,Sheopur,Laterite Soil,Zaid,31.1,83,248.0,Maize,Cashew
Madhya Pradesh,Sheopur,Alluvial Soil,Kharif,32.2,73,332.8,Watermelon,Rice
Madhya Pradesh,Sheopur,Laterite Soil,Kharif,36.2,47,134.2,Mango,Tea
Madhya Pradesh,Sheopur,Laterite Soil,Rabi,38.7,42,246.5,Maize,Cashew
Madhya Pradesh,Sheopur,Alluvial Soil,Zaid,37.1,53,27.3,Cotton,Maize
Madhya Pradesh,Sheopur,Red Soil,Kharif,25.7,55,282.2,Kidneybeans,Groundnut
Madhya Pradesh,Sheopur,Sandy Soil,Whole Year,36.6,50,252.1,Cotton,Watermelon
Madhya Pradesh,Sheopur,Red Soil,Rabi,34.0,81,204.3,Blackgram,Pulses
Madhya Pradesh,Sheopur,Sandy Soil,Kharif,27.4,85,298.5,Mungbean,Groundnut
Madhya Pradesh,Sheopur,Sandy Soil,Kharif,25.2,49,104.8,Muskmelon,Groundnut
Madhya Pradesh,Sheopur,Red Soil,Whole Year,38.3,62,253.1,Rice,Pulses
Madhya Pradesh,Sheopur,Alluvial Soil,Rabi,22.0,71,270.1,Coconut,Maize
Madhya Pradesh,Shivpuri,Loamy Soil,Kharif,37.1,52,303.2,Banana,Maize
Madhya Pradesh,Shivpuri,Sandy Soil,Kharif,35.2,86,160.7,Lentil,Groundnut
Madhya Pradesh,Shivpuri,Laterite Soil,Rabi,19.2,78,110.7,Mungbean,Cashew
Madhya Pradesh,Shivpuri,Red Soil,Kharif,31.8,42,325.7,Kidneybeans,Pulses
Madhya Pradesh,Shivpuri,Red Soil,Kharif,25.6,52,284.4,Mango,Millets
Madhya Pradesh,Shivpuri,Red Soil,Kharif,32.1,80,144.9,Mango,Pulses
Madhya Pradesh,Shivpuri,Loamy Soil,Rabi,30.1,78,244.6,Mungbean,Wheat
Madhya Pradesh,Shivpuri,Red Soil,Rabi,38.7,72,327.3,Mungbean,Groundnut
Madhya Pradesh,Shivpuri,Black Soil,Rabi,22.7,92,147.8,Banana,Soybean
Madhya Pradesh,Shivpuri,Laterite Soil,Whole Year,22.0,43,204.9,Apple,Cashew
Madhya Pradesh,Shivpuri,Black Soil,Zaid,25.7,91,137.1,Mungbean,Cotton
Madhya Pradesh,Shivpuri,Loamy Soil,Rabi,29.4,44,137.7,Muskmelon,Sugarcane
Madhya Pradesh,Shivpuri,Black Soil,Kharif,28.2,84,175.0,Watermelon,Cotton
Madhya Pradesh,Shivpuri,Sandy Soil,Kharif,39.9,79,102.4,Muskmelon,Watermelon
Madhya Pradesh,Shivpuri,Loamy Soil,Zaid,21.8,94,265.6,Maize,Sugarcane
Madhya Pradesh,Shivpuri,Alluvial Soil,Whole Year,29.2,87,185.9,Papaya,Rice
Madhya Pradesh,Shivpuri,Loamy Soil,Kharif,21.6,94,223.2,Mungbean,Rice
Madhya Pradesh,Shivpuri,Sandy Soil,Kharif,29.5,92,49.2,Muskmelon,Groundnut
Madhya Pradesh,Shivpuri,Laterite Soil,Rabi,26.8,78,116.3,Mango,Cashew
Madhya Pradesh,Shivpuri,Laterite Soil,Zaid,27.1,43,159.3,Rice,Tea
Madhya Pradesh,Sidhi,Alluvial Soil,Kharif,35.1,68,233.8,Pomegranate,Wheat
Madhya Pradesh,Sidhi,Loamy Soil,Rabi,25.3,71,74.1,Pomegranate,Rice
Madhya Pradesh,Sidhi,Loamy Soil,Kharif,35.0,68,238.7,Coconut,Sugarcane
Madhya Pradesh,Sidhi,Black Soil,Whole Year,25.6,88,223.3,Jute,Soybean
Madhya Pradesh,Sidhi,Loamy Soil,Rabi,23.3,93,144.9,Mango,Maize
Madhya Pradesh,Sidhi,Black Soil,Zaid,24.0,61,308.4,Lentil,Jowar
Madhya Pradesh,Sidhi,Red Soil,Whole Year,22.9,67,48.2,Kidneybeans,Pulses
Madhya Pradesh,Sidhi,Laterite Soil,Zaid,24.0,53,107.4,Pigeonpeas,Cashew
Madhya Pradesh,Sidhi,Alluvial Soil,Rabi,19.5,49,263.2,Orange,Wheat
Madhya Pradesh,Sidhi,Black Soil,Rabi,23.1,41,171.3,Kidneybeans,Soybean
Madhya Pradesh,Sidhi,Loamy Soil,Zaid,23.3,70,91.7,Blackgram,Rice
Madhya Pradesh,Sidhi,Sandy Soil,Zaid,38.3,85,342.3,Orange,Groundnut
Madhya Pradesh,Sidhi,Sandy Soil,Zaid,26.4,76,258.7,Pomegranate,Groundnut
Madhya Pradesh,Sidhi,Laterite Soil,Whole Year,25.2,77,59.3,Muskmelon,Cashew
Madhya Pradesh,Sidhi,Red Soil,Whole Year,34.9,49,239.6,Cotton,Pulses
Madhya Pradesh,Sidhi,Sandy Soil,Whole Year,34.8,57,273.0,Mango,Muskmelon
Madhya Pradesh,Sidhi,Red Soil,Whole Year,25.1,92,297.6,Blackgram,Millets
Madhya Pradesh,Sidhi,Sandy Soil,Rabi,36.4,95,108.2,Mungbean,Muskmelon
Madhya Pradesh,Sidhi,Sandy Soil,Zaid,38.5,91,44.2,Orange,Groundnut
Madhya Pradesh,Sidhi,Black Soil,Rabi,39.9,63,253.7,Pomegranate,Soybean
Madhya Pradesh,Singrauli,Sandy Soil,Rabi,35.5,77,304.1,Mungbean,Muskmelon
Madhya Pradesh,Singrauli,Red Soil,Kharif,18.9,92,263.2,Banana,Groundnut
Madhya Pradesh,Singrauli,Alluvial Soil,Rabi,31.6,53,326.6,Mothbeans,Rice
Madhya Pradesh,Singrauli,Black Soil,Rabi,27.3,75,254.3,Blackgram,Cotton
Madhya Pradesh,Singrauli,Sandy Soil,Kharif,23.4,71,162.6,Pigeonpeas,Muskmelon
Madhya Pradesh,Singrauli,Red Soil,Rabi,30.8,63,116.8,Maize,Pulses
Madhya Pradesh,Singrauli,Laterite Soil,Whole Year,20.4,82,237.2,Chickpea,Coffee
Madhya Pradesh,Singrauli,Red Soil,Kharif,26.2,77,70.7,Chickpea,Millets
Madhya Pradesh,Singrauli,Sandy Soil,Rabi,23.9,41,72.2,Mango,Watermelon
Madhya Pradesh,Singrauli,Alluvial Soil,Rabi,33.6,78,343.7,Cotton,Sugarcane
Madhya Pradesh,Singrauli,Laterite Soil,Zaid,27.3,53,228.6,Apple,Cashew
Madhya Pradesh,Singrauli,Red Soil,Whole Year,35.8,52,239.0,Jute,Pulses
Madhya Pradesh,Singrauli,Laterite Soil,Whole Year,34.0,94,141.1,Watermelon,Tea
Madhya Pradesh,Singrauli,Alluvial Soil,Rabi,24.3,92,261.3,Coconut,Wheat
Madhya Pradesh,Singrauli,Sandy Soil,Zaid,34.9,44,66.8,Coconut,Watermelon
Madhya Pradesh,Singrauli,Alluvial Soil,Zaid,28.4,95,61.8,Chickpea,Wheat
Madhya Pradesh,Singrauli,Alluvial Soil,Whole Year,25.0,42,338.7,Kidneybeans,Wheat
Madhya Pradesh,Singrauli,Sandy Soil,Zaid,26.8,48,113.5,Pomegranate,Groundnut
Madhya Pradesh,Singrauli,Black Soil,Rabi,39.7,80,143.3,Blackgram,Jowar
Madhya Pradesh,Singrauli,Alluvial Soil,Rabi,19.9,46,232.5,Pomegranate,Rice
Madhya Pradesh,Tikamgarh,Alluvial Soil,Whole Year,24.4,72,77.8,Orange,Rice
Madhya Pradesh,Tikamgarh,Red Soil,Kharif,19.7,94,175.4,Lentil,Groundnut
Madhya Pradesh,Tikamgarh,Red Soil,Kharif,20.1,47,210.0,Kidneybeans,Pulses
Madhya Pradesh,Tikamgarh,Alluvial Soil,Whole Year,23.8,64,125.6,Pomegranate,Rice
Madhya Pradesh,Tikamgarh,Sandy Soil,Rabi,35.3,81,102.4,Mothbeans,Muskmelon
Madhya Pradesh,Tikamgarh,Alluvial Soil,Kharif,31.8,65,319.0,Banana,Wheat
Madhya Pradesh,Tikamgarh,Laterite Soil,Zaid,38.5,41,111.1,Watermelon,Cashew
Madhya Pradesh,Tikamgarh,Black Soil,Kharif,23.5,77,234.8,Chickpea,Jowar
Madhya Pradesh,Tikamgarh,Laterite Soil,Rabi,34.2,64,297.2,Grapes,Cashew
Madhya Pradesh,Tikamgarh,Laterite Soil,Whole Year,36.8,56,139.9,Lentil,Cashew
Madhya Pradesh,Tikamgarh,Sandy Soil,Whole Year,27.4,75,102.4,Watermelon,Watermelon
Madhya Pradesh,Tikamgarh,Loamy Soil,Kharif,25.1,57,248.6,Blackgram,Sugarcane
Madhya Pradesh,Tikamgarh,Laterite Soil,Whole Year,24.0,93,318.1,Blackgram,Tea
Madhya Pradesh,Tikamgarh,Black Soil,Zaid,28.4,84,31.1,Mango,Soybean
Madhya Pradesh,Tikamgarh,Sandy Soil,Rabi,32.6,91,136.9,Grapes,Groundnut
Madhya Pradesh,Tikamgarh,Red Soil,Rabi,31.1,59,104.7,Rice,Groundnut
Madhya Pradesh,Tikamgarh,Laterite Soil,Rabi,35.8,74,300.6,Apple,Coffee
Madhya Pradesh,Tikamgarh,Laterite Soil,Kharif,35.0,70,164.2,Pomegranate,Tea
Madhya Pradesh,Tikamgarh,Laterite Soil,Whole Year,33.9,90,194.6,Jute,Cashew
Madhya Pradesh,Tikamgarh,Laterite Soil,Zaid,37.7,43,31.4,Chickpea,Cashew
Madhya Pradesh,Ujjain,Black Soil,Whole Year,27.7,59,258.8,Mungbean,Cotton
Madhya Pradesh,Ujjain,Black Soil,Zaid,31.6,88,332.1,Jute,Soybean
Madhya Pradesh,Ujjain,Alluvial Soil,Whole Year,38.0,90,295.3,Coffee,Maize
Madhya Pradesh,Ujjain,Alluvial Soil,Whole Year,35.7,48,145.9,Grapes,Sugarcane
Madhya Pradesh,Ujjain,Loamy Soil,Kharif,18.8,57,123.8,Papaya,Sugarcane
Madhya Pradesh,Ujjain,Red Soil,Kharif,27.6,62,93.8,Cotton,Pulses
Madhya Pradesh,Ujjain,Black Soil,Rabi,28.9,63,334.6,Papaya,Cotton
Madhya Pradesh,Ujjain,Laterite Soil,Whole Year,34.3,89,84.1,Maize,Coffee
Madhya Pradesh,Ujjain,Red Soil,Rabi,33.6,58,256.0,Pigeonpeas,Pulses
Madhya Pradesh,Ujjain,Red Soil,Kharif,20.6,62,343.9,Coconut,Groundnut
Madhya Pradesh,Ujjain,Alluvial Soil,Whole Year,34.7,63,276.1,Banana,Sugarcane
Madhya Pradesh,Ujjain,Alluvial Soil,Kharif,18.7,48,224.6,Mungbean,Maize
Madhya Pradesh,Ujjain,Red Soil,Whole Year,35.5,67,282.3,Maize,Millets
Madhya Pradesh,Ujjain,Sandy Soil,Kharif,18.7,76,334.0,Coconut,Groundnut
Madhya Pradesh,Ujjain,Sandy Soil,Kharif,37.2,73,276.4,Rice,Watermelon
Madhya Pradesh,Ujjain,Alluvial Soil,Zaid,34.5,72,234.0,Kidneybeans,Maize
Madhya Pradesh,Ujjain,Loamy Soil,Rabi,19.2,90,202.8,Jute,Wheat
Madhya Pradesh,Ujjain,Red Soil,Whole Year,37.7,82,49.9,Mungbean,Groundnut
Madhya Pradesh,Ujjain,Black Soil,Kharif,28.6,92,228.0,Watermelon,Cotton
Madhya Pradesh,Ujjain,Sandy Soil,Whole Year,37.6,63,36.3,Coffee,Muskmelon
Madhya Pradesh,Umaria,Sandy Soil,Zaid,36.6,78,72.5,Mothbeans,Groundnut
Madhya Pradesh,Umaria,Alluvial Soil,Zaid,24.3,51,110.1,Banana,Rice
Madhya Pradesh,Umaria,Laterite Soil,Whole Year,38.9,58,180.5,Blackgram,Tea
Madhya Pradesh,Umaria,Laterite Soil,Rabi,19.0,82,218.3,Kidneybeans,Tea
Madhya Pradesh,Umaria,Red Soil,Whole Year,18.3,47,103.9,Rice,Groundnut
Madhya Pradesh,Umaria,Black Soil,Whole Year,34.4,59,77.2,Orange,Jowar
Madhya Pradesh,Umaria,Black Soil,Whole Year,36.9,58,131.2,Kidneybeans,Jowar
Madhya Pradesh,Umaria,Loamy Soil,Whole Year,35.4,89,195.5,Papaya,Rice
Madhya Pradesh,Umaria,Sandy Soil,Zaid,39.2,79,131.1,Lentil,Watermelon
Madhya Pradesh,Umaria,Black Soil,Whole Year,37.8,93,336.5,Blackgram,Jowar
Madhya Pradesh,Umaria,Laterite Soil,Rabi,24.0,87,240.7,Rice,Tea
Madhya Pradesh,Umaria,Red Soil,Zaid,24.0,46,247.4,Kidneybeans,Pulses
Madhya Pradesh,Umaria,Loamy Soil,Whole Year,32.4,78,240.6,Cotton,Maize
Madhya Pradesh,Umaria,Black Soil,Whole Year,39.0,67,89.1,Chickpea,Cotton
Madhya Pradesh,Umaria,Sandy Soil,Kharif,33.8,48,123.8,Maize,Muskmelon
Madhya Pradesh,Umaria,Sandy Soil,Whole Year,35.9,68,91.7,Banana,Groundnut
Madhya Pradesh,Umaria,Red Soil,Whole Year,32.8,81,339.3,Banana,Pulses
Madhya Pradesh,Umaria,Red Soil,Rabi,37.5,70,93.6,Blackgram,Pulses
Madhya Pradesh,Umaria,Black Soil,Rabi,24.2,70,318.6,Pomegranate,Soybean
Madhya Pradesh,Umaria,Red Soil,Zaid,30.2,56,252.0,Orange,Groundnut
Madhya Pradesh,Vidisha,Black Soil,Zaid,22.4,60,294.4,Grapes,Cotton
Madhya Pradesh,Vidisha,Black Soil,Whole Year,26.1,54,207.7,Kidneybeans,Soybean
Madhya Pradesh,Vidisha,Red Soil,Rabi,23.9,45,239.2,Mothbeans,Pulses
Madhya Pradesh,Vidisha,Loamy Soil,Rabi,34.1,53,313.6,Jute,Sugarcane
Madhya Pradesh,Vidisha,Loamy Soil,Zaid,19.6,57,174.4,Jute,Wheat
Madhya Pradesh,Vidisha,Loamy Soil,Whole Year,33.7,91,330.4,Jute,Wheat
Madhya Pradesh,Vidisha,Laterite Soil,Kharif,26.4,76,177.3,Blackgram,Coffee
Madhya Pradesh,Vidisha,Loamy Soil,Rabi,36.8,43,310.8,Coconut,Maize
Madhya Pradesh,Vidisha,Red Soil,Kharif,29.3,68,252.5,Cotton,Pulses
Madhya Pradesh,Vidisha,Red Soil,Whole Year,26.9,58,190.7,Mungbean,Pulses
Madhya Pradesh,Vidisha,Laterite Soil,Rabi,26.8,68,219.9,Banana,Cashew
Madhya Pradesh,Vidisha,Loamy Soil,Whole Year,37.9,45,235.1,Apple,Sugarcane
Madhya Pradesh,Vidisha,Red Soil,Kharif,19.9,52,185.7,Pigeonpeas,Millets
Madhya Pradesh,Vidisha,Red Soil,Kharif,27.1,90,323.4,Coffee,Millets
Madhya Pradesh,Vidisha,Laterite Soil,Zaid,35.6,73,76.0,Blackgram,Tea
Madhya Pradesh,Vidisha,Alluvial Soil,Zaid,24.2,47,230.6,Coconut,Wheat
Madhya Pradesh,Vidisha,Sandy Soil,Rabi,22.2,82,203.1,Grapes,Muskmelon
Madhya Pradesh,Vidisha,Sandy Soil,Rabi,28.6,94,245.4,Jute,Muskmelon
Madhya Pradesh,Vidisha,Laterite Soil,Kharif,33.7,94,233.8,Grapes,Tea
Madhya Pradesh,Vidisha,Red Soil,Whole Year,22.5,51,330.2,Kidneybeans,Groundnut
Maharashtra,Ahmednagar,Loamy Soil,Zaid,38.5,59,329.2,Coffee,Sugarcane
Maharashtra,Ahmednagar,Laterite Soil,Rabi,30.5,89,325.1,Blackgram,Tea
Maharashtra,Ahmednagar,Alluvial Soil,Whole Year,37.6,59,44.2,Blackgram,Maize
Maharashtra,Ahmednagar,Black Soil,Zaid,33.8,88,261.8,Jute,Jowar
Maharashtra,Ahmednagar,Loamy Soil,Whole Year,18.7,49,227.0,Grapes,Rice
Maharashtra,Ahmednagar,Laterite Soil,Whole Year,38.1,64,281.9,Coconut,Tea
Maharashtra,Ahmednagar,Sandy Soil,Whole Year,27.3,66,290.1,Kidneybeans,Groundnut
Maharashtra,Ahmednagar,Alluvial Soil,Whole Year,27.7,64,111.8,Lentil,Maize
Maharashtra,Ahmednagar,Sandy Soil,Rabi,24.6,86,69.1,Lentil,Groundnut
Maharashtra,Ahmednagar,Red Soil,Whole Year,18.6,45,251.6,Muskmelon,Pulses
Maharashtra,Ahmednagar,Laterite Soil,Whole Year,36.6,42,252.7,Mothbeans,Coffee
Maharashtra,Ahmednagar,Sandy Soil,Kharif,39.1,82,68.5,Mango,Muskmelon
Maharashtra,Ahmednagar,Alluvial Soil,Kharif,19.1,70,347.9,Blackgram,Wheat
Maharashtra,Ahmednagar,Black Soil,Kharif,28.3,87,234.0,Mungbean,Soybean
Maharashtra,Ahmednagar,Sandy Soil,Rabi,19.2,73,46.7,Cotton,Watermelon
Maharashtra,Ahmednagar,Black Soil,Zaid,19.1,63,219.6,Chickpea,Jowar
Maharashtra,Ahmednagar,Red Soil,Rabi,39.4,69,312.6,Orange,Millets
Maharashtra,Ahmednagar,Loamy Soil,Rabi,35.5,87,64.6,Cotton,Wheat
Maharashtra,Ahmednagar,Loamy Soil,Whole Year,36.1,71,328.3,Mothbeans,Sugarcane
Maharashtra,Ahmednagar,Alluvial Soil,Whole Year,26.4,90,31.3,Pomegranate,Wheat
Maharashtra,Akola,Loamy Soil,Zaid,37.0,85,157.3,Jute,Maize
Maharashtra,Akola,Black Soil,Whole Year,24.1,61,91.7,Banana,Cotton
Maharashtra,Akola,Laterite Soil,Zaid,35.7,58,322.1,Maize,Cashew
Maharashtra,Akola,Loamy Soil,Rabi,33.2,79,74.9,Cotton,Rice
Maharashtra,Akola,Alluvial Soil,Whole Year,23.3,74,220.9,Coffee,Rice
Maharashtra,Akola,Laterite Soil,Whole Year,34.5,64,335.3,Watermelon,Tea
Maharashtra,Akola,Laterite Soil,Rabi,34.4,92,210.6,Kidneybeans,Tea
Maharashtra,Akola,Laterite Soil,Whole Year,19.3,56,280.4,Jute,Tea
Maharashtra,Akola,Laterite Soil,Zaid,38.6,50,137.1,Orange,Coffee
Maharashtra,Akola,Laterite Soil,Kharif,34.7,63,176.4,Blackgram,Coffee
Maharashtra,Akola,Sandy Soil,Zaid,22.7,43,341.6,Watermelon,Watermelon
Maharashtra,Akola,Laterite Soil,Kharif,27.7,69,307.4,Coffee,Cashew
Maharashtra,Akola,Laterite Soil,Zaid,29.1,88,220.5,Muskmelon,Coffee
Maharashtra,Akola,Loamy Soil,Rabi,20.5,91,211.7,Watermelon,Rice
Maharashtra,Akola,Sandy Soil,Rabi,35.5,43,326.8,Apple,Groundnut
Maharashtra,Akola,Black Soil,Rabi,38.5,92,280.1,Maize,Jowar
Maharashtra,Akola,Alluvial Soil,Kharif,38.9,84,144.9,Coconut,Maize
Maharashtra,Akola,Sandy Soil,Rabi,32.9,61,182.1,Mango,Muskmelon
Maharashtra,Akola,Loamy Soil,Whole Year,36.9,47,221.3,Maize,Rice
Maharashtra,Akola,Black Soil,Whole Year,28.0,71,320.7,Cotton,Cotton
Maharashtra,Amravati,Laterite Soil,Whole Year,28.5,94,317.5,Watermelon,Coffee
Maharashtra,Amravati,Alluvial Soil,Zaid,39.7,62,75.1,Mungbean,Maize
Maharashtra,Amravati,Red Soil,Kharif,29.4,68,264.8,Mothbeans,Pulses
Maharashtra,Amravati,Red Soil,Rabi,19.4,47,101.7,Blackgram,Millets
Maharashtra,Amravati,Loamy Soil,Zaid,23.4,59,346.5,Cotton,Wheat
Maharashtra,Amravati,Black Soil,Kharif,39.6,63,221.5,Lentil,Cotton
Maharashtra,Amravati,Black Soil,Kharif,25.6,44,140.7,Coconut,Soybean
Maharashtra,Amravati,Laterite Soil,Whole Year,33.5,64,25.7,Jute,Coffee
Maharashtra,Amravati,Black Soil,Whole Year,28.8,95,336.1,Mango,Soybean
Maharashtra,Amravati,Black Soil,Whole Year,26.2,52,199.8,Orange,Soybean
Maharashtra,Amravati,Laterite Soil,Rabi,23.6,91,144.1,Kidneybeans,Cashew
Maharashtra,Amravati,Black Soil,Zaid,25.9,65,81.0,Cotton,Soybean
Maharashtra,Amravati,Sandy Soil,Zaid,19.1,49,113.8,Mothbeans,Watermelon
Maharashtra,Amravati,Alluvial Soil,Kharif,25.0,66,90.4,Pigeonpeas,Sugarcane
Maharashtra,Amravati,Sandy Soil,Whole Year,23.1,95,103.6,Coffee,Watermelon
Maharashtra,Amravati,Black Soil,Zaid,25.6,89,21.4,Mango,Cotton
Maharashtra,Amravati,Sandy Soil,Whole Year,39.8,90,251.9,Muskmelon,Watermelon
Maharashtra,Amravati,Loamy Soil,Rabi,32.9,47,142.0,Grapes,Maize
Maharashtra,Amravati,Red Soil,Rabi,32.1,57,56.4,Rice,Millets
Maharashtra,Amravati,Loamy Soil,Kharif,27.0,50,35.6,Grapes,Wheat
Maharashtra,Chhatrapati Sambhajinagar,Laterite Soil,Kharif,32.2,77,256.0,Rice,Tea
Maharashtra,Chhatrapati Sambhajinagar,Black Soil,Kharif,28.3,85,183.6,Apple,Cotton
Maharashtra,Chhatrapati Sambhajinagar,Red Soil,Whole Year,27.0,41,313.2,Mothbeans,Millets
Maharashtra,Chhatrapati Sambhajinagar,Loamy Soil,Rabi,26.8,63,37.8,Apple,Rice
Maharashtra,Chhatrapati Sambhajinagar,Alluvial Soil,Kharif,23.6,76,97.1,Blackgram,Maize
Maharashtra,Chhatrapati Sambhajinagar,Loamy Soil,Zaid,31.1,56,241.2,Papaya,Sugarcane
Maharashtra,Chhatrapati Sambhajinagar,Laterite Soil,Zaid,38.9,50,341.2,Blackgram,Cashew
Maharashtra,Chhatrapati Sambhajinagar,Red Soil,Zaid,30.2,58,276.3,Pigeonpeas,Pulses
Maharashtra,Chhatrapati Sambhajinagar,Red Soil,Kharif,35.3,84,305.8,Orange,Groundnut
Maharashtra,Chhatrapati Sambhajinagar,Alluvial Soil,Whole Year,35.8,86,325.1,Banana,Wheat
Maharashtra,Chhatrapati Sambhajinagar,Laterite Soil,Zaid,27.7,64,44.9,Watermelon,Tea
Maharashtra,Chhatrapati Sambhajinagar,Sandy Soil,Rabi,35.8,75,111.8,Papaya,Muskmelon
Maharashtra,Chhatrapati Sambhajinagar,Red Soil,Whole Year,39.9,55,324.7,Blackgram,Pulses
Maharashtra,Chhatrapati Sambhajinagar,Red Soil,Whole Year,24.7,92,338.1,Apple,Millets
Maharashtra,Chhatrapati Sambhajinagar,Laterite Soil,Kharif,23.3,67,266.8,Maize,Tea
Maharashtra,Chhatrapati Sambhajinagar,Loamy Soil,Whole Year,19.1,48,58.3,Mungbean,Sugarcane
Maharashtra,Chhatrapati Sambhajinagar,Alluvial Soil,Zaid,18.9,69,109.6,Grapes,Wheat
Maharashtra,Chhatrapati Sambhajinagar,Loamy Soil,Rabi,30.7,64,115.7,Orange,Rice
Maharashtra,Chhatrapati Sambhajinagar,Loamy Soil,Rabi,34.2,82,268.4,Mothbeans,Wheat
Maharashtra,Chhatrapati Sambhajinagar,Black Soil,Kharif,27.2,61,36.5,Mothbeans,Soybean
Maharashtra,Beed,Laterite Soil,Zaid,30.0,49,203.8,Papaya,Coffee
Maharashtra,Beed,Loamy Soil,Kharif,25.7,67,109.7,Mothbeans,Rice
Maharashtra,Beed,Alluvial Soil,Whole Year,38.8,88,64.8,Kidneybeans,Wheat
Maharashtra,Beed,Loamy Soil,Kharif,33.0,60,235.5,Pomegranate,Wheat
Maharashtra,Beed,Black Soil,Kharif,31.4,48,304.5,Mothbeans,Soybean
Maharashtra,Beed,Alluvial Soil,Rabi,35.7,49,73.2,Muskmelon,Sugarcane
Maharashtra,Beed,Loamy Soil,Whole Year,22.9,50,164.4,Cotton,Rice
Maharashtra,Beed,Loamy Soil,Zaid,37.9,75,347.9,Kidneybeans,Maize
Maharashtra,Beed,Sandy Soil,Kharif,20.3,89,66.5,Watermelon,Watermelon
Maharashtra,Beed,Alluvial Soil,Zaid,25.4,51,338.9,Orange,Rice
Maharashtra,Beed,Black Soil,Whole Year,24.4,76,301.7,Coffee,Cotton
Maharashtra,Beed,Alluvial Soil,Rabi,23.4,87,20.8,Blackgram,Rice
Maharashtra,Beed,Laterite Soil,Zaid,27.8,77,33.2,Orange,Tea
Maharashtra,Beed,Loamy Soil,Zaid,34.5,57,277.0,Coconut,Sugarcane
Maharashtra,Beed,Black Soil,Rabi,37.7,49,184.3,Orange,Cotton
Maharashtra,Beed,Black Soil,Whole Year,19.1,63,286.1,Muskmelon,Cotton
Maharashtra,Beed,Loamy Soil,Zaid,35.5,66,100.4,Coffee,Maize
Maharashtra,Beed,Alluvial Soil,Rabi,22.4,59,244.3,Banana,Wheat
Maharashtra,Beed,Black Soil,Whole Year,40.0,93,115.2,Blackgram,Soybean
Maharashtra,Beed,Laterite Soil,Zaid,22.5,88,79.6,Maize,Cashew
Maharashtra,Bhandara,Laterite Soil,Zaid,29.7,85,293.9,Coffee,Coffee
Maharashtra,Bhandara,Alluvial Soil,Kharif,36.6,86,89.6,Mango,Sugarcane
Maharashtra,Bhandara,Laterite Soil,Rabi,18.6,66,112.2,Coffee,Coffee
Maharashtra,Bhandara,Sandy Soil,Rabi,20.0,48,272.1,Mango,Watermelon
Maharashtra,Bhandara,Loamy Soil,Rabi,26.4,87,318.2,Orange,Sugarcane
Maharashtra,Bhandara,Black Soil,Rabi,21.2,79,284.1,Orange,Jowar
Maharashtra,Bhandara,Alluvial Soil,Rabi,26.9,52,108.3,Cotton,Rice
Maharashtra,Bhandara,Sandy Soil,Kharif,24.6,75,261.2,Grapes,Watermelon
Maharashtra,Bhandara,Red Soil,Kharif,27.6,44,40.8,Cotton,Pulses
Maharashtra,Bhandara,Loamy Soil,Whole Year,32.2,80,239.5,Coconut,Wheat
Maharashtra,Bhandara,Loamy Soil,Rabi,37.3,46,155.3,Muskmelon,Maize
Maharashtra,Bhandara,Loamy Soil,Kharif,38.5,80,300.1,Chickpea,Sugarcane
Maharashtra,Bhandara,Black Soil,Whole Year,28.8,51,127.5,Cotton,Cotton
Maharashtra,Bhandara,Sandy Soil,Zaid,34.1,75,40.3,Jute,Groundnut
Maharashtra,Bhandara,Sandy Soil,Whole Year,18.5,48,108.8,Grapes,Muskmelon
Maharashtra,Bhandara,Red Soil,Zaid,19.2,54,143.3,Papaya,Groundnut
Maharashtra,Bhandara,Loamy Soil,Zaid,38.6,63,298.0,Chickpea,Sugarcane
Maharashtra,Bhandara,Loamy Soil,Zaid,24.8,78,236.4,Pomegranate,Wheat
Maharashtra,Bhandara,Loamy Soil,Whole Year,34.3,83,56.2,Kidneybeans,Maize
Maharashtra,Bhandara,Black Soil,Kharif,33.1,51,284.8,Jute,Cotton
Maharashtra,Buldhana,Sandy Soil,Zaid,38.3,62,53.0,Watermelon,Groundnut
Maharashtra,Buldhana,Laterite Soil,Kharif,25.2,85,225.9,Apple,Coffee
Maharashtra,Buldhana,Alluvial Soil,Kharif,21.8,48,181.6,Pigeonpeas,Wheat
Maharashtra,Buldhana,Sandy Soil,Rabi,38.8,64,315.1,Kidneybeans,Groundnut
Maharashtra,Buldhana,Loamy Soil,Rabi,25.3,50,291.0,Banana,Wheat
Maharashtra,Buldhana,Sandy Soil,Kharif,38.5,70,257.8,Banana,Watermelon
Maharashtra,Buldhana,Laterite Soil,Zaid,36.8,66,169.7,Lentil,Coffee
Maharashtra,Buldhana,Black Soil,Whole Year,36.2,87,86.8,Rice,Cotton
Maharashtra,Buldhana,Black Soil,Rabi,30.1,68,208.9,Pomegranate,Jowar
Maharashtra,Buldhana,Red Soil,Rabi,35.8,81,266.6,Apple,Pulses
Maharashtra,Buldhana,Loamy Soil,Whole Year,35.7,72,137.1,Blackgram,Maize
Maharashtra,Buldhana,Laterite Soil,Kharif,31.4,74,114.4,Banana,Cashew
Maharashtra,Buldhana,Black Soil,Rabi,20.0,86,288.3,Maize,Cotton
Maharashtra,Buldhana,Sandy Soil,Whole Year,27.2,68,70.6,Pigeonpeas,Muskmelon
Maharashtra,Buldhana,Alluvial Soil,Whole Year,26.7,78,66.6,Orange,Maize
Maharashtra,Buldhana,Loamy Soil,Whole Year,31.7,63,218.5,Coffee,Sugarcane
Maharashtra,Buldhana,Red Soil,Whole Year,29.7,85,319.0,Kidneybeans,Pulses
Maharashtra,Buldhana,Laterite Soil,Kharif,33.4,67,153.6,Coffee,Cashew
Maharashtra,Buldhana,Laterite Soil,Rabi,23.6,57,304.9,Lentil,Cashew
Maharashtra,Buldhana,Alluvial Soil,Zaid,38.4,56,60.5,Mungbean,Rice
Maharashtra,Chandrapur,Black Soil,Rabi,38.8,70,307.2,Watermelon,Jowar
Maharashtra,Chandrapur,Red Soil,Kharif,29.5,43,175.1,Papaya,Groundnut
Maharashtra,Chandrapur,Loamy Soil,Kharif,34.0,58,34.5,Papaya,Maize
Maharashtra,Chandrapur,Black Soil,Kharif,20.9,49,194.5,Blackgram,Cotton
Maharashtra,Chandrapur,Laterite Soil,Kharif,31.8,41,303.7,Banana,Tea
Maharashtra,Chandrapur,Laterite Soil,Rabi,21.9,68,147.2,Banana,Cashew
Maharashtra,Chandrapur,Red Soil,Whole Year,21.8,60,338.9,Coconut,Millets
Maharashtra,Chandrapur,Alluvial Soil,Zaid,26.8,64,348.2,Rice,Rice
Maharashtra,Chandrapur,Alluvial Soil,Kharif,36.2,61,270.7,Lentil,Maize
Maharashtra,Chandrapur,Sandy Soil,Rabi,23.1,77,41.2,Rice,Watermelon
Maharashtra,Chandrapur,Black Soil,Whole Year,29.7,46,48.7,Chickpea,Cotton
Maharashtra,Chandrapur,Red Soil,Kharif,18.3,69,30.1,Pomegranate,Millets
Maharashtra,Chandrapur,Red Soil,Zaid,39.0,84,202.3,Banana,Groundnut
Maharashtra,Chandrapur,Alluvial Soil,Zaid,26.3,90,245.2,Coffee,Wheat
Maharashtra,Chandrapur,Red Soil,Kharif,30.1,79,263.3,Apple,Groundnut
Maharashtra,Chandrapur,Red Soil,Zaid,21.0,73,146.0,Apple,Groundnut
Maharashtra,Chandrapur,Black Soil,Zaid,33.6,84,154.2,Orange,Cotton
Maharashtra,Chandrapur,Laterite Soil,Whole Year,29.8,72,322.2,Chickpea,Coffee
Maharashtra,Chandrapur,Loamy Soil,Rabi,34.9,76,278.6,Pigeonpeas,Sugarcane
Maharashtra,Chandrapur,Black Soil,Kharif,31.3,56,90.9,Muskmelon,Soybean
Maharashtra,Dharashiv,Laterite Soil,Kharif,21.4,81,264.7,Pigeonpeas,Cashew
Maharashtra,Dharashiv,Alluvial Soil,Kharif,22.6,89,127.0,Coconut,Sugarcane
Maharashtra,Dharashiv,Alluvial Soil,Rabi,38.3,86,276.4,Papaya,Sugarcane
Maharashtra,Dharashiv,Black Soil,Zaid,21.4,51,190.4,Maize,Jowar
Maharashtra,Dharashiv,Loamy Soil,Rabi,24.7,64,223.0,Watermelon,Wheat
Maharashtra,Dharashiv,Loamy Soil,Rabi,31.3,84,41.3,Mothbeans,Rice
Maharashtra,Dharashiv,Black Soil,Whole Year,35.9,44,93.5,Apple,Jowar
Maharashtra,Dharashiv,Sandy Soil,Rabi,35.3,41,304.5,Rice,Watermelon
Maharashtra,Dharashiv,Alluvial Soil,Whole Year,32.9,55,99.7,Watermelon,Maize
Maharashtra,Dharashiv,Sandy Soil,Kharif,31.6,53,129.9,Rice,Groundnut
Maharashtra,Dharashiv,Red Soil,Kharif,22.2,61,56.8,Apple,Pulses
Maharashtra,Dharashiv,Red Soil,Rabi,25.5,48,291.8,Banana,Pulses
Maharashtra,Dharashiv,Laterite Soil,Whole Year,18.8,63,223.4,Kidneybeans,Tea
Maharashtra,Dharashiv,Black Soil,Kharif,37.1,67,88.5,Mothbeans,Soybean
Maharashtra,Dharashiv,Black Soil,Zaid,18.5,89,169.2,Apple,Cotton
Maharashtra,Dharashiv,Alluvial Soil,Kharif,30.5,76,236.7,Grapes,Maize
Maharashtra,Dharashiv,Sandy Soil,Rabi,20.2,63,342.0,Coconut,Watermelon
Maharashtra,Dharashiv,Alluvial Soil,Rabi,35.0,82,167.8,Blackgram,Sugarcane
Maharashtra,Dharashiv,Loamy Soil,Zaid,38.3,86,307.0,Muskmelon,Maize
Maharashtra,Dharashiv,Sandy Soil,Zaid,33.6,87,200.3,Watermelon,Watermelon
Maharashtra,Dhule,Sandy Soil,Whole Year,27.8,55,145.2,Mungbean,Watermelon
Maharashtra,Dhule,Alluvial Soil,Kharif,35.1,68,222.8,Blackgram,Maize
Maharashtra,Dhule,Alluvial Soil,Whole Year,18.2,84,99.2,Jute,Rice
Maharashtra,Dhule,Laterite Soil,Whole Year,34.6,85,43.0,Kidneybeans,Cashew
Maharashtra,Dhule,Alluvial Soil,Kharif,36.2,86,191.2,Rice,Sugarcane
Maharashtra,Dhule,Black Soil,Whole Year,30.0,64,263.1,Lentil,Soybean
Maharashtra,Dhule,Loamy Soil,Rabi,30.3,70,187.2,Mango,Sugarcane
Maharashtra,Dhule,Red Soil,Rabi,38.1,92,269.8,Rice,Groundnut
Maharashtra,Dhule,Black Soil,Zaid,35.9,94,113.6,Maize,Jowar
Maharashtra,Dhule,Loamy Soil,Rabi,22.5,61,99.7,Jute,Rice
Maharashtra,Dhule,Loamy Soil,Rabi,23.0,51,216.7,Kidneybeans,Maize
Maharashtra,Dhule,Laterite Soil,Whole Year,34.1,85,198.6,Kidneybeans,Tea
Maharashtra,Dhule,Alluvial Soil,Kharif,18.7,67,64.0,Pomegranate,Maize
Maharashtra,Dhule,Black Soil,Zaid,19.3,44,91.2,Mothbeans,Jowar
Maharashtra,Dhule,Sandy Soil,Kharif,28.7,81,186.3,Maize,Groundnut
Maharashtra,Dhule,Black Soil,Whole Year,33.7,66,296.4,Chickpea,Soybean
Maharashtra,Dhule,Black Soil,Whole Year,38.0,41,53.2,Pigeonpeas,Soybean
Maharashtra,Dhule,Black Soil,Kharif,34.2,65,99.4,Kidneybeans,Jowar
Maharashtra,Dhule,Alluvial Soil,Whole Year,28.1,71,313.7,Pigeonpeas,Maize
Maharashtra,Dhule,Black Soil,Kharif,31.5,58,76.5,Muskmelon,Jowar
Maharashtra,Gadchiroli,Sandy Soil,Rabi,18.8,57,93.2,Pigeonpeas,Watermelon
Maharashtra,Gadchiroli,Alluvial Soil,Kharif,39.3,60,212.2,Coffee,Sugarcane
Maharashtra,Gadchiroli,Loamy Soil,Rabi,27.6,56,204.0,Kidneybeans,Rice
Maharashtra,Gadchiroli,Loamy Soil,Kharif,39.2,43,51.0,Papaya,Rice
Maharashtra,Gadchiroli,Red Soil,Whole Year,39.0,63,77.0,Coconut,Groundnut
Maharashtra,Gadchiroli,Sandy Soil,Rabi,39.6,70,29.1,Watermelon,Muskmelon
Maharashtra,Gadchiroli,Alluvial Soil,Whole Year,20.8,40,341.2,Maize,Wheat
Maharashtra,Gadchiroli,Loamy Soil,Kharif,22.6,56,278.4,Apple,Maize
Maharashtra,Gadchiroli,Red Soil,Zaid,24.3,95,265.6,Maize,Millets
Maharashtra,Gadchiroli,Alluvial Soil,Kharif,23.4,52,218.4,Maize,Maize
Maharashtra,Gadchiroli,Black Soil,Kharif,35.9,93,196.5,Orange,Cotton
Maharashtra,Gadchiroli,Black Soil,Kharif,28.6,63,205.0,Mango,Cotton
Maharashtra,Gadchiroli,Black Soil,Zaid,31.7,65,233.7,Mothbeans,Cotton
Maharashtra,Gadchiroli,Sandy Soil,Rabi,32.2,77,123.6,Muskmelon,Watermelon
Maharashtra,Gadchiroli,Red Soil,Zaid,28.7,73,31.6,Apple,Pulses
Maharashtra,Gadchiroli,Sandy Soil,Whole Year,19.0,55,207.2,Lentil,Groundnut
Maharashtra,Gadchiroli,Laterite Soil,Zaid,28.6,47,39.2,Jute,Coffee
Maharashtra,Gadchiroli,Black Soil,Zaid,37.3,76,266.6,Mango,Soybean
Maharashtra,Gadchiroli,Alluvial Soil,Zaid,22.4,82,269.8,Banana,Wheat
Maharashtra,Gadchiroli,Red Soil,Kharif,25.6,62,65.8,Mango,Millets
Maharashtra,Gondia,Sandy Soil,Whole Year,31.2,44,249.0,Rice,Groundnut
Maharashtra,Gondia,Black Soil,Rabi,31.6,86,61.7,Lentil,Cotton
Maharashtra,Gondia,Laterite Soil,Kharif,35.7,50,104.1,Chickpea,Tea
Maharashtra,Gondia,Sandy Soil,Kharif,18.9,53,72.5,Mango,Groundnut
Maharashtra,Gondia,Loamy Soil,Rabi,27.1,41,77.8,Coffee,Sugarcane
Maharashtra,Gondia,Loamy Soil,Whole Year,31.6,77,314.7,Kidneybeans,Sugarcane
Maharashtra,Gondia,Laterite Soil,Kharif,33.4,90,149.3,Chickpea,Coffee
Maharashtra,Gondia,Laterite Soil,Zaid,37.5,90,241.5,Mango,Coffee
Maharashtra,Gondia,Black Soil,Whole Year,24.4,75,52.8,Apple,Cotton
Maharashtra,Gondia,Loamy Soil,Zaid,24.9,41,127.9,Mango,Wheat
Maharashtra,Gondia,Alluvial Soil,Rabi,39.1,77,270.4,Chickpea,Maize
Maharashtra,Gondia,Alluvial Soil,Rabi,39.3,64,330.2,Mango,Sugarcane
Maharashtra,Gondia,Red Soil,Kharif,27.1,45,268.1,Papaya,Millets
Maharashtra,Gondia,Black Soil,Zaid,27.9,59,41.6,Muskmelon,Cotton
Maharashtra,Gondia,Sandy Soil,Zaid,33.5,40,120.0,Rice,Groundnut
Maharashtra,Gondia,Black Soil,Kharif,33.0,91,70.8,Coconut,Jowar
Maharashtra,Gondia,Laterite Soil,Zaid,36.9,86,132.9,Grapes,Tea
Maharashtra,Gondia,Loamy Soil,Rabi,37.9,77,206.0,Cotton,Maize
Maharashtra,Gondia,Sandy Soil,Whole Year,28.2,87,208.9,Banana,Watermelon
Maharashtra,Gondia,Black Soil,Kharif,27.3,83,49.3,Kidneybeans,Cotton
Maharashtra,Hingoli,Sandy Soil,Kharif,22.8,43,184.3,Cotton,Groundnut
Maharashtra,Hingoli,Alluvial Soil,Whole Year,36.4,72,254.9,Coffee,Rice
Maharashtra,Hingoli,Red Soil,Kharif,39.7,63,32.6,Kidneybeans,Groundnut
Maharashtra,Hingoli,Red Soil,Kharif,25.3,94,278.4,Rice,Groundnut
Maharashtra,Hingoli,Alluvial Soil,Rabi,36.3,59,187.6,Mango,Rice
Maharashtra,Hingoli,Laterite Soil,Zaid,24.3,65,145.2,Banana,Tea
Maharashtra,Hingoli,Laterite Soil,Kharif,34.3,71,173.1,Jute,Coffee
Maharashtra,Hingoli,Sandy Soil,Whole Year,35.1,86,249.2,Grapes,Muskmelon
Maharashtra,Hingoli,Black Soil,Rabi,36.5,75,54.4,Coffee,Jowar
Maharashtra,Hingoli,Sandy Soil,Rabi,22.5,45,315.9,Coconut,Watermelon
Maharashtra,Hingoli,Sandy Soil,Zaid,18.5,62,26.3,Banana,Watermelon
Maharashtra,Hingoli,Black Soil,Rabi,25.8,63,215.4,Mungbean,Cotton
Maharashtra,Hingoli,Loamy Soil,Kharif,24.6,54,247.4,Lentil,Maize
Maharashtra,Hingoli,Red Soil,Whole Year,34.0,54,332.9,Pomegranate,Millets
Maharashtra,Hingoli,Alluvial Soil,Zaid,19.6,91,339.7,Rice,Maize
Maharashtra,Hingoli,Sandy Soil,Kharif,26.9,60,297.8,Grapes,Watermelon
Maharashtra,Hingoli,Loamy Soil,Kharif,27.9,47,272.8,Cotton,Rice
Maharashtra,Hingoli,Laterite Soil,Whole Year,21.0,93,261.9,Jute,Coffee
Maharashtra,Hingoli,Red Soil,Rabi,24.4,86,34.4,Kidneybeans,Groundnut
Maharashtra,Hingoli,Loamy Soil,Zaid,22.4,90,52.1,Mango,Rice
Maharashtra,Jalgaon,Laterite Soil,Whole Year,24.3,53,73.4,Papaya,Coffee
Maharashtra,Jalgaon,Red Soil,Kharif,18.6,55,128.6,Watermelon,Groundnut
Maharashtra,Jalgaon,Laterite Soil,Zaid,31.8,55,229.9,Muskmelon,Cashew
Maharashtra,Jalgaon,Loamy Soil,Rabi,29.1,83,119.5,Lentil,Sugarcane
Maharashtra,Jalgaon,Laterite Soil,Zaid,20.4,74,255.2,Orange,Cashew
Maharashtra,Jalgaon,Alluvial Soil,Kharif,28.9,78,233.2,Chickpea,Rice
Maharashtra,Jalgaon,Loamy Soil,Rabi,19.3,83,188.5,Grapes,Sugarcane
Maharashtra,Jalgaon,Loamy Soil,Rabi,34.1,42,209.8,Papaya,Sugarcane
Maharashtra,Jalgaon,Sandy Soil,Rabi,19.7,70,31.8,Jute,Watermelon
Maharashtra,Jalgaon,Alluvial Soil,Rabi,33.9,89,128.3,Banana,Maize
Maharashtra,Jalgaon,Loamy Soil,Whole Year,38.7,57,257.5,Cotton,Sugarcane
Maharashtra,Jalgaon,Alluvial Soil,Whole Year,30.0,92,212.2,Blackgram,Maize
Maharashtra,Jalgaon,Sandy Soil,Rabi,22.5,43,147.6,Jute,Watermelon
Maharashtra,Jalgaon,Laterite Soil,Kharif,23.1,85,184.9,Jute,Tea
Maharashtra,Jalgaon,Sandy Soil,Kharif,20.8,50,296.5,Papaya,Muskmelon
Maharashtra,Jalgaon,Sandy Soil,Whole Year,25.6,73,243.3,Grapes,Muskmelon
Maharashtra,Jalgaon,Red Soil,Kharif,26.6,54,46.5,Coffee,Millets
Maharashtra,Jalgaon,Black Soil,Rabi,31.1,54,31.0,Coffee,Soybean
Maharashtra,Jalgaon,Laterite Soil,Zaid,30.9,87,270.4,Mungbean,Cashew
Maharashtra,Jalgaon,Loamy Soil,Zaid,21.6,57,218.3,Lentil,Rice
Maharashtra,Jalna,Alluvial Soil,Whole Year,30.1,56,178.9,Lentil,Wheat
Maharashtra,Jalna,Laterite Soil,Whole Year,28.3,57,344.5,Banana,Cashew
Maharashtra,Jalna,Sandy Soil,Whole Year,19.8,42,228.1,Pigeonpeas,Muskmelon
Maharashtra,Jalna,Sandy Soil,Whole Year,31.3,67,101.2,Chickpea,Groundnut
Maharashtra,Jalna,Loamy Soil,Rabi,39.3,84,220.5,Mango,Wheat
Maharashtra,Jalna,Red Soil,Rabi,33.9,79,162.5,Coconut,Millets
Maharashtra,Jalna,Sandy Soil,Zaid,30.2,73,262.2,Lentil,Watermelon
Maharashtra,Jalna,Alluvial Soil,Whole Year,27.6,41,253.5,Banana,Sugarcane
Maharashtra,Jalna,Black Soil,Kharif,28.9,45,250.4,Coffee,Jowar
Maharashtra,Jalna,Loamy Soil,Kharif,28.2,42,226.9,Lentil,Wheat
Maharashtra,Jalna,Black Soil,Rabi,32.2,79,279.0,Banana,Cotton
Maharashtra,Jalna,Red Soil,Whole Year,33.5,65,321.0,Watermelon,Groundnut
Maharashtra,Jalna,Laterite Soil,Whole Year,23.2,41,119.3,Pomegranate,Coffee
Maharashtra,Jalna,Loamy Soil,Rabi,21.2,78,345.0,Coconut,Rice
Maharashtra,Jalna,Sandy Soil,Rabi,34.4,67,321.6,Mango,Groundnut
Maharashtra,Jalna,Red Soil,Zaid,23.1,48,123.7,Lentil,Groundnut
Maharashtra,Jalna,Red Soil,Rabi,27.4,49,141.5,Chickpea,Groundnut
Maharashtra,Jalna,Loamy Soil,Zaid,24.5,93,110.9,Coffee,Maize
Maharashtra,Jalna,Laterite Soil,Zaid,27.5,49,290.5,Rice,Coffee
Maharashtra,Jalna,Alluvial Soil,Zaid,34.4,51,184.7,Grapes,Maize
Maharashtra,Kolhapur,Loamy Soil,Zaid,18.8,46,58.7,Mothbeans,Maize
Maharashtra,Kolhapur,Laterite Soil,Rabi,35.0,59,188.7,Maize,Cashew
Maharashtra,Kolhapur,Sandy Soil,Rabi,29.1,46,268.6,Muskmelon,Watermelon
Maharashtra,Kolhapur,Laterite Soil,Kharif,18.7,71,213.0,Coffee,Coffee
Maharashtra,Kolhapur,Loamy Soil,Rabi,20.5,92,99.3,Mothbeans,Sugarcane
Maharashtra,Kolhapur,Red Soil,Rabi,35.2,59,99.3,Banana,Millets
Maharashtra,Kolhapur,Loamy Soil,Whole Year,38.6,88,314.3,Pigeonpeas,Wheat
Maharashtra,Kolhapur,Red Soil,Zaid,20.2,60,342.9,Papaya,Groundnut
Maharashtra,Kolhapur,Laterite Soil,Kharif,29.9,50,247.7,Lentil,Tea
Maharashtra,Kolhapur,Laterite Soil,Whole Year,31.6,82,303.4,Grapes,Coffee
Maharashtra,Kolhapur,Black Soil,Zaid,30.7,80,193.8,Mothbeans,Soybean
Maharashtra,Kolhapur,Laterite Soil,Rabi,31.1,65,81.9,Coconut,Cashew
Maharashtra,Kolhapur,Sandy Soil,Kharif,37.6,54,224.9,Muskmelon,Muskmelon
Maharashtra,Kolhapur,Alluvial Soil,Rabi,26.2,61,106.4,Papaya,Rice
Maharashtra,Kolhapur,Loamy Soil,Whole Year,19.4,55,36.2,Rice,Rice
Maharashtra,Kolhapur,Sandy Soil,Zaid,34.9,61,327.1,Maize,Groundnut
Maharashtra,Kolhapur,Sandy Soil,Kharif,20.6,43,136.6,Grapes,Watermelon
Maharashtra,Kolhapur,Laterite Soil,Zaid,27.4,79,24.9,Muskmelon,Coffee
Maharashtra,Kolhapur,Loamy Soil,Rabi,37.4,40,186.7,Rice,Wheat
Maharashtra,Kolhapur,Laterite Soil,Zaid,32.9,66,59.7,Apple,Coffee
Maharashtra,Latur,Loamy Soil,Zaid,29.3,44,251.1,Pigeonpeas,Maize
Maharashtra,Latur,Alluvial Soil,Rabi,39.7,68,55.2,Jute,Wheat
Maharashtra,Latur,Black Soil,Whole Year,20.9,88,91.1,Chickpea,Jowar
Maharashtra,Latur,Laterite Soil,Kharif,36.4,68,48.0,Mothbeans,Cashew
Maharashtra,Latur,Alluvial Soil,Whole Year,37.1,62,59.4,Kidneybeans,Sugarcane
Maharashtra,Latur,Alluvial Soil,Whole Year,26.5,92,71.9,Rice,Wheat
Maharashtra,Latur,Red Soil,Rabi,33.1,92,311.4,Coffee,Pulses
Maharashtra,Latur,Laterite Soil,Zaid,26.1,63,97.0,Pomegranate,Tea
Maharashtra,Latur,Loamy Soil,Kharif,19.5,68,154.2,Cotton,Sugarcane
Maharashtra,Latur,Laterite Soil,Kharif,38.1,71,264.3,Apple,Coffee
Maharashtra,Latur,Sandy Soil,Zaid,33.6,83,283.6,Maize,Groundnut
Maharashtra,Latur,Black Soil,Kharif,27.8,87,173.5,Banana,Soybean
Maharashtra,Latur,Laterite Soil,Whole Year,25.8,60,32.3,Apple,Coffee
Maharashtra,Latur,Black Soil,Whole Year,28.8,47,124.2,Chickpea,Cotton
Maharashtra,Latur,Red Soil,Zaid,24.2,88,100.8,Mothbeans,Groundnut
Maharashtra,Latur,Red Soil,Whole Year,32.4,74,258.1,Kidneybeans,Groundnut
Maharashtra,Latur,Red Soil,Whole Year,38.8,72,170.6,Jute,Pulses
Maharashtra,Latur,Laterite Soil,Whole Year,39.3,66,45.9,Muskmelon,Cashew
Maharashtra,Latur,Black Soil,Whole Year,25.8,69,340.0,Banana,Jowar
Maharashtra,Latur,Loamy Soil,Rabi,25.1,89,240.1,Pigeonpeas,Sugarcane
Maharashtra,Mumbai City,Black Soil,Rabi,18.9,57,265.6,Pigeonpeas,Soybean
Maharashtra,Mumbai City,Laterite Soil,Whole Year,35.7,83,170.0,Pigeonpeas,Cashew
Maharashtra,Mumbai City,Black Soil,Rabi,30.5,52,170.7,Maize,Jowar
Maharashtra,Mumbai City,Sandy Soil,Kharif,32.1,56,336.9,Jute,Groundnut
Maharashtra,Mumbai City,Sandy Soil,Rabi,32.2,42,338.0,Orange,Watermelon
Maharashtra,Mumbai City,Black Soil,Zaid,23.9,95,26.0,Pomegranate,Cotton
Maharashtra,Mumbai City,Laterite Soil,Whole Year,31.6,83,326.0,Coffee,Tea
Maharashtra,Mumbai City,Red Soil,Kharif,24.8,58,111.0,Banana,Millets
Maharashtra,Mumbai City,Laterite Soil,Rabi,19.0,66,340.1,Apple,Coffee
Maharashtra,Mumbai City,Black Soil,Rabi,37.2,75,217.1,Jute,Jowar
Maharashtra,Mumbai City,Red Soil,Whole Year,22.8,87,231.2,Cotton,Millets
Maharashtra,Mumbai City,Loamy Soil,Rabi,18.7,69,200.9,Coconut,Sugarcane
Maharashtra,Mumbai City,Black Soil,Kharif,37.7,92,155.5,Banana,Cotton
Maharashtra,Mumbai City,Alluvial Soil,Rabi,23.6,83,348.2,Orange,Maize
Maharashtra,Mumbai City,Laterite Soil,Whole Year,25.8,51,173.1,Papaya,Cashew
Maharashtra,Mumbai City,Laterite Soil,Whole Year,20.6,52,314.7,Watermelon,Tea
Maharashtra,Mumbai City,Black Soil,Zaid,22.3,45,150.3,Cotton,Cotton
Maharashtra,Mumbai City,Alluvial Soil,Zaid,31.6,58,88.3,Pomegranate,Wheat
Maharashtra,Mumbai City,Loamy Soil,Rabi,35.7,63,212.4,Kidneybeans,Maize
Maharashtra,Mumbai City,Alluvial Soil,Kharif,31.1,84,324.1,Orange,Wheat
Maharashtra,Mumbai Suburban,Laterite Soil,Whole Year,39.0,73,55.6,Coffee,Cashew
Maharashtra,Mumbai Suburban,Laterite Soil,Kharif,30.0,76,321.4,Papaya,Coffee
Maharashtra,Mumbai Suburban,Sandy Soil,Kharif,32.0,81,71.8,Coffee,Watermelon
Maharashtra,Mumbai Suburban,Laterite Soil,Rabi,23.2,52,289.1,Papaya,Tea
Maharashtra,Mumbai Suburban,Loamy Soil,Kharif,33.0,75,114.9,Cotton,Rice
Maharashtra,Mumbai Suburban,Loamy Soil,Zaid,30.9,48,330.8,Orange,Wheat
Maharashtra,Mumbai Suburban,Laterite Soil,Rabi,21.9,66,161.7,Papaya,Coffee
Maharashtra,Mumbai Suburban,Alluvial Soil,Whole Year,37.4,75,267.6,Pomegranate,Wheat
Maharashtra,Mumbai Suburban,Sandy Soil,Whole Year,30.4,62,146.4,Watermelon,Muskmelon
Maharashtra,Mumbai Suburban,Loamy Soil,Kharif,21.1,73,151.4,Banana,Rice
Maharashtra,Mumbai Suburban,Alluvial Soil,Zaid,34.1,87,135.2,Pigeonpeas,Sugarcane
Maharashtra,Mumbai Suburban,Sandy Soil,Whole Year,30.2,92,157.3,Kidneybeans,Groundnut
Maharashtra,Mumbai Suburban,Sandy Soil,Zaid,23.6,68,332.9,Kidneybeans,Watermelon
Maharashtra,Mumbai Suburban,Alluvial Soil,Whole Year,27.9,74,230.1,Coconut,Wheat
Maharashtra,Mumbai Suburban,Alluvial Soil,Rabi,35.0,93,299.9,Mothbeans,Wheat
Maharashtra,Mumbai Suburban,Loamy Soil,Whole Year,24.7,92,277.3,Coffee,Rice
Maharashtra,Mumbai Suburban,Black Soil,Whole Year,24.6,58,65.7,Kidneybeans,Jowar
Maharashtra,Mumbai Suburban,Red Soil,Zaid,32.3,94,300.0,Maize,Millets
Maharashtra,Mumbai Suburban,Laterite Soil,Whole Year,25.9,83,202.4,Coffee,Coffee
Maharashtra,Mumbai Suburban,Alluvial Soil,Rabi,22.7,78,174.6,Apple,Maize
Maharashtra,Nagpur,Sandy Soil,Whole Year,24.5,90,165.7,Lentil,Watermelon
Maharashtra,Nagpur,Black Soil,Zaid,37.4,87,37.6,Banana,Jowar
Maharashtra,Nagpur,Sandy Soil,Rabi,18.9,73,113.4,Rice,Watermelon
Maharashtra,Nagpur,Alluvial Soil,Whole Year,19.0,52,186.9,Lentil,Wheat
Maharashtra,Nagpur,Alluvial Soil,Whole Year,30.6,77,177.8,Papaya,Wheat
Maharashtra,Nagpur,Alluvial Soil,Kharif,29.8,66,183.8,Cotton,Maize
Maharashtra,Nagpur,Alluvial Soil,Kharif,21.2,51,66.0,Mungbean,Rice
Maharashtra,Nagpur,Black Soil,Rabi,27.5,42,30.0,Blackgram,Soybean
Maharashtra,Nagpur,Alluvial Soil,Zaid,29.2,75,132.8,Papaya,Rice
Maharashtra,Nagpur,Alluvial Soil,Rabi,27.1,58,306.9,Chickpea,Sugarcane
Maharashtra,Nagpur,Laterite Soil,Rabi,28.9,83,127.4,Grapes,Coffee
Maharashtra,Nagpur,Black Soil,Whole Year,36.4,84,285.4,Blackgram,Jowar
Maharashtra,Nagpur,Sandy Soil,Kharif,18.3,92,249.6,Blackgram,Watermelon
Maharashtra,Nagpur,Loamy Soil,Rabi,27.1,67,60.8,Coffee,Sugarcane
Maharashtra,Nagpur,Loamy Soil,Whole Year,26.3,49,342.8,Lentil,Rice
Maharashtra,Nagpur,Laterite Soil,Zaid,29.7,72,75.5,Orange,Tea
Maharashtra,Nagpur,Sandy Soil,Kharif,35.6,57,70.4,Pigeonpeas,Muskmelon
Maharashtra,Nagpur,Loamy Soil,Kharif,19.0,42,217.3,Coconut,Rice
Maharashtra,Nagpur,Laterite Soil,Whole Year,36.0,79,196.0,Mothbeans,Coffee
Maharashtra,Nagpur,Black Soil,Kharif,21.4,84,331.3,Lentil,Soybean
Maharashtra,Nanded,Black Soil,Whole Year,26.1,53,153.4,Mango,Cotton
Maharashtra,Nanded,Laterite Soil,Zaid,26.8,47,277.7,Mango,Cashew
Maharashtra,Nanded,Sandy Soil,Zaid,34.6,89,52.3,Banana,Watermelon
Maharashtra,Nanded,Black Soil,Whole Year,34.3,92,169.5,Pigeonpeas,Soybean
Maharashtra,Nanded,Loamy Soil,Kharif,33.9,51,233.2,Pomegranate,Rice
Maharashtra,Nanded,Alluvial Soil,Zaid,30.5,94,98.2,Cotton,Maize
Maharashtra,Nanded,Alluvial Soil,Zaid,35.7,55,206.4,Jute,Wheat
Maharashtra,Nanded,Alluvial Soil,Kharif,33.8,40,154.1,Cotton,Rice
Maharashtra,Nanded,Black Soil,Kharif,39.0,63,147.8,Papaya,Cotton
Maharashtra,Nanded,Red Soil,Whole Year,32.9,59,212.4,Cotton,Pulses
Maharashtra,Nanded,Black Soil,Kharif,38.9,41,263.9,Rice,Jowar
Maharashtra,Nanded,Sandy Soil,Whole Year,23.4,43,160.2,Maize,Groundnut
Maharashtra,Nanded,Loamy Soil,Rabi,38.8,51,187.0,Jute,Maize
Maharashtra,Nanded,Loamy Soil,Kharif,32.4,89,203.7,Mango,Wheat
Maharashtra,Nanded,Black Soil,Whole Year,24.9,93,73.2,Lentil,Cotton
Maharashtra,Nanded,Alluvial Soil,Rabi,33.1,91,285.0,Papaya,Sugarcane
Maharashtra,Nanded,Black Soil,Zaid,36.2,49,65.4,Jute,Cotton
Maharashtra,Nanded,Sandy Soil,Kharif,36.8,80,165.1,Kidneybeans,Muskmelon
Maharashtra,Nanded,Sandy Soil,Whole Year,18.9,40,192.3,Jute,Watermelon
Maharashtra,Nanded,Laterite Soil,Whole Year,34.2,75,260.4,Cotton,Cashew
Maharashtra,Nandurbar,Laterite Soil,Whole Year,29.9,62,113.5,Jute,Cashew
Maharashtra,Nandurbar,Loamy Soil,Rabi,23.6,59,64.5,Rice,Wheat
Maharashtra,Nandurbar,Sandy Soil,Rabi,20.6,72,281.5,Pigeonpeas,Muskmelon
Maharashtra,Nandurbar,Laterite Soil,Kharif,37.2,73,255.1,Lentil,Coffee
Maharashtra,Nandurbar,Laterite Soil,Kharif,28.6,81,287.0,Pigeonpeas,Coffee
Maharashtra,Nandurbar,Laterite Soil,Zaid,26.9,66,42.6,Mango,Cashew
Maharashtra,Nandurbar,Sandy Soil,Whole Year,22.0,91,166.8,Apple,Muskmelon
Maharashtra,Nandurbar,Sandy Soil,Whole Year,26.3,63,175.3,Banana,Watermelon
Maharashtra,Nandurbar,Sandy Soil,Zaid,32.3,51,246.9,Rice,Groundnut
Maharashtra,Nandurbar,Loamy Soil,Rabi,25.6,60,36.2,Orange,Rice
Maharashtra,Nandurbar,Black Soil,Rabi,30.1,44,189.1,Banana,Soybean
Maharashtra,Nandurbar,Black Soil,Zaid,26.7,53,246.4,Coffee,Jowar
Maharashtra,Nandurbar,Laterite Soil,Zaid,21.1,65,344.6,Mungbean,Tea
Maharashtra,Nandurbar,Loamy Soil,Rabi,24.6,56,57.8,Pigeonpeas,Maize
Maharashtra,Nandurbar,Sandy Soil,Whole Year,38.7,61,307.2,Maize,Watermelon
Maharashtra,Nandurbar,Alluvial Soil,Whole Year,25.8,79,25.0,Orange,Maize
Maharashtra,Nandurbar,Alluvial Soil,Whole Year,26.2,77,255.0,Grapes,Maize
Maharashtra,Nandurbar,Black Soil,Whole Year,28.9,80,321.8,Apple,Cotton
Maharashtra,Nandurbar,Loamy Soil,Zaid,21.0,63,296.4,Jute,Rice
Maharashtra,Nandurbar,Red Soil,Whole Year,19.5,41,226.5,Pomegranate,Pulses
Maharashtra,Nashik,Loamy Soil,Zaid,38.1,80,83.9,Apple,Rice
Maharashtra,Nashik,Loamy Soil,Kharif,27.0,56,262.8,Muskmelon,Maize
Maharashtra,Nashik,Laterite Soil,Whole Year,31.6,91,187.1,Pomegranate,Coffee
Maharashtra,Nashik,Loamy Soil,Zaid,29.7,41,295.3,Muskmelon,Wheat
Maharashtra,Nashik,Laterite Soil,Kharif,32.1,51,322.4,Watermelon,Coffee
Maharashtra,Nashik,Black Soil,Kharif,35.6,63,108.4,Chickpea,Soybean
Maharashtra,Nashik,Loamy Soil,Whole Year,25.5,62,289.4,Maize,Wheat
Maharashtra,Nashik,Laterite Soil,Rabi,23.0,51,74.9,Muskmelon,Cashew
Maharashtra,Nashik,Sandy Soil,Whole Year,33.7,95,263.4,Coffee,Groundnut
Maharashtra,Nashik,Laterite Soil,Zaid,29.1,40,180.6,Pomegranate,Cashew
Maharashtra,Nashik,Sandy Soil,Kharif,28.6,52,89.9,Grapes,Groundnut
Maharashtra,Nashik,Sandy Soil,Kharif,33.7,64,316.5,Maize,Muskmelon
Maharashtra,Nashik,Loamy Soil,Rabi,39.6,76,33.7,Chickpea,Sugarcane
Maharashtra,Nashik,Sandy Soil,Zaid,34.1,93,279.7,Cotton,Muskmelon
Maharashtra,Nashik,Loamy Soil,Zaid,26.4,41,52.8,Coconut,Sugarcane
Maharashtra,Nashik,Sandy Soil,Rabi,27.2,62,261.0,Maize,Groundnut
Maharashtra,Nashik,Loamy Soil,Kharif,33.5,71,266.4,Pomegranate,Rice
Maharashtra,Nashik,Black Soil,Zaid,38.1,86,90.4,Apple,Cotton
Maharashtra,Nashik,Loamy Soil,Kharif,33.1,47,137.5,Chickpea,Sugarcane
Maharashtra,Nashik,Laterite Soil,Rabi,21.3,43,256.1,Mungbean,Cashew
Maharashtra,Palghar,Red Soil,Kharif,31.6,87,117.3,Mothbeans,Pulses
Maharashtra,Palghar,Loamy Soil,Kharif,22.6,86,289.9,Jute,Rice
Maharashtra,Palghar,Laterite Soil,Whole Year,30.0,47,117.7,Orange,Cashew
Maharashtra,Palghar,Loamy Soil,Whole Year,37.1,60,72.8,Papaya,Wheat
Maharashtra,Palghar,Sandy Soil,Zaid,35.8,49,299.4,Muskmelon,Watermelon
Maharashtra,Palghar,Sandy Soil,Rabi,32.5,72,239.6,Pigeonpeas,Muskmelon
Maharashtra,Palghar,Black Soil,Rabi,36.9,40,311.0,Coconut,Soybean
Maharashtra,Palghar,Loamy Soil,Kharif,26.3,90,259.3,Coffee,Wheat
Maharashtra,Palghar,Sandy Soil,Zaid,35.3,56,283.2,Watermelon,Watermelon
Maharashtra,Palghar,Red Soil,Whole Year,23.7,84,288.3,Maize,Millets
Maharashtra,Palghar,Loamy Soil,Whole Year,28.7,94,33.7,Mungbean,Sugarcane
Maharashtra,Palghar,Black Soil,Rabi,29.7,79,154.3,Watermelon,Jowar
Maharashtra,Palghar,Red Soil,Zaid,20.0,84,260.9,Mungbean,Pulses
Maharashtra,Palghar,Laterite Soil,Kharif,37.8,94,56.4,Watermelon,Tea
Maharashtra,Palghar,Loamy Soil,Whole Year,35.6,90,277.7,Coconut,Rice
Maharashtra,Palghar,Black Soil,Rabi,28.3,66,246.8,Mango,Soybean
Maharashtra,Palghar,Sandy Soil,Zaid,19.6,42,258.4,Apple,Watermelon
Maharashtra,Palghar,Black Soil,Whole Year,25.1,80,221.1,Pomegranate,Soybean
Maharashtra,Palghar,Red Soil,Rabi,36.3,63,346.6,Pomegranate,Groundnut
Maharashtra,Palghar,Black Soil,Zaid,19.8,41,264.3,Mungbean,Soybean
Maharashtra,Parbhani,Red Soil,Kharif,20.1,83,290.2,Maize,Groundnut
Maharashtra,Parbhani,Laterite Soil,Whole Year,27.0,84,42.9,Coffee,Tea
Maharashtra,Parbhani,Black Soil,Zaid,22.1,44,39.2,Pomegranate,Cotton
Maharashtra,Parbhani,Alluvial Soil,Rabi,35.8,52,321.7,Coffee,Sugarcane
Maharashtra,Parbhani,Sandy Soil,Rabi,19.6,86,289.5,Apple,Watermelon
Maharashtra,Parbhani,Black Soil,Rabi,22.7,58,248.4,Maize,Jowar
Maharashtra,Parbhani,Alluvial Soil,Zaid,34.0,70,123.9,Maize,Wheat
Maharashtra,Parbhani,Laterite Soil,Kharif,24.5,93,243.7,Rice,Coffee
Maharashtra,Parbhani,Loamy Soil,Zaid,23.9,62,323.8,Maize,Rice
Maharashtra,Parbhani,Black Soil,Zaid,23.2,60,204.9,Kidneybeans,Cotton
Maharashtra,Parbhani,Laterite Soil,Kharif,25.4,68,296.0,Mungbean,Cashew
Maharashtra,Parbhani,Laterite Soil,Kharif,18.8,74,61.1,Watermelon,Tea
Maharashtra,Parbhani,Black Soil,Zaid,28.6,78,28.1,Chickpea,Soybean
Maharashtra,Parbhani,Laterite Soil,Whole Year,27.0,56,330.0,Mango,Tea
Maharashtra,Parbhani,Sandy Soil,Zaid,27.2,92,43.3,Blackgram,Watermelon
Maharashtra,Parbhani,Alluvial Soil,Whole Year,31.4,92,192.2,Jute,Sugarcane
Maharashtra,Parbhani,Black Soil,Whole Year,32.6,44,215.2,Watermelon,Soybean
Maharashtra,Parbhani,Laterite Soil,Kharif,29.6,60,345.0,Lentil,Tea
Maharashtra,Parbhani,Sandy Soil,Zaid,34.2,54,53.0,Cotton,Watermelon
Maharashtra,Parbhani,Sandy Soil,Kharif,38.8,90,228.0,Coconut,Groundnut
Maharashtra,Pune,Laterite Soil,Kharif,23.1,62,144.7,Coffee,Tea
Maharashtra,Pune,Alluvial Soil,Zaid,28.0,81,311.2,Watermelon,Wheat
Maharashtra,Pune,Loamy Soil,Whole Year,25.7,89,337.7,Papaya,Rice
Maharashtra,Pune,Alluvial Soil,Rabi,28.7,57,25.5,Grapes,Maize
Maharashtra,Pune,Loamy Soil,Rabi,31.9,46,225.8,Pomegranate,Maize
Maharashtra,Pune,Sandy Soil,Zaid,21.3,72,35.3,Jute,Muskmelon
Maharashtra,Pune,Alluvial Soil,Whole Year,25.7,79,265.0,Watermelon,Maize
Maharashtra,Pune,Black Soil,Zaid,23.0,40,166.7,Watermelon,Cotton
Maharashtra,Pune,Black Soil,Zaid,36.5,76,134.9,Mango,Jowar
Maharashtra,Pune,Alluvial Soil,Zaid,28.8,77,152.9,Watermelon,Wheat
Maharashtra,Pune,Laterite Soil,Rabi,25.9,93,177.0,Grapes,Tea
Maharashtra,Pune,Red Soil,Zaid,26.8,65,56.7,Rice,Millets
Maharashtra,Pune,Black Soil,Whole Year,32.9,55,50.3,Orange,Jowar
Maharashtra,Pune,Black Soil,Zaid,26.0,86,95.5,Banana,Soybean
Maharashtra,Pune,Laterite Soil,Rabi,28.8,57,203.0,Grapes,Tea
Maharashtra,Pune,Red Soil,Kharif,25.1,92,177.6,Pigeonpeas,Groundnut
Maharashtra,Pune,Laterite Soil,Zaid,34.0,87,314.2,Rice,Tea
Maharashtra,Pune,Alluvial Soil,Rabi,22.0,77,190.9,Jute,Wheat
Maharashtra,Pune,Red Soil,Rabi,26.5,80,259.2,Cotton,Groundnut
Maharashtra,Pune,Red Soil,Whole Year,34.1,43,345.6,Cotton,Groundnut
Maharashtra,Raigad,Black Soil,Zaid,28.3,60,274.5,Mungbean,Cotton
Maharashtra,Raigad,Red Soil,Whole Year,21.8,58,261.5,Grapes,Groundnut
Maharashtra,Raigad,Loamy Soil,Kharif,20.7,57,185.9,Chickpea,Wheat
Maharashtra,Raigad,Sandy Soil,Kharif,31.4,47,304.1,Lentil,Watermelon
Maharashtra,Raigad,Laterite Soil,Zaid,34.0,57,349.6,Mothbeans,Coffee
Maharashtra,Raigad,Loamy Soil,Rabi,39.8,50,69.2,Orange,Maize
Maharashtra,Raigad,Sandy Soil,Kharif,32.4,43,222.3,Pomegranate,Groundnut
Maharashtra,Raigad,Sandy Soil,Rabi,19.7,57,226.7,Banana,Groundnut
Maharashtra,Raigad,Black Soil,Whole Year,36.8,92,292.3,Rice,Soybean
Maharashtra,Raigad,Loamy Soil,Kharif,30.5,59,102.6,Cotton,Rice
Maharashtra,Raigad,Laterite Soil,Kharif,36.8,44,298.1,Kidneybeans,Cashew
Maharashtra,Raigad,Loamy Soil,Zaid,30.2,72,350.0,Mango,Wheat
Maharashtra,Raigad,Loamy Soil,Rabi,39.3,88,87.4,Maize,Rice
Maharashtra,Raigad,Black Soil,Rabi,34.5,76,153.6,Papaya,Cotton
Maharashtra,Raigad,Red Soil,Kharif,39.2,46,227.1,Rice,Pulses
Maharashtra,Raigad,Alluvial Soil,Whole Year,20.0,80,64.0,Chickpea,Sugarcane
Maharashtra,Raigad,Sandy Soil,Rabi,28.5,63,47.2,Mango,Groundnut
Maharashtra,Raigad,Alluvial Soil,Rabi,19.7,49,254.0,Muskmelon,Sugarcane
Maharashtra,Raigad,Black Soil,Whole Year,32.9,58,118.6,Pomegranate,Soybean
Maharashtra,Raigad,Alluvial Soil,Zaid,18.8,48,183.4,Maize,Rice
Maharashtra,Ratnagiri,Alluvial Soil,Kharif,39.1,60,270.3,Mothbeans,Sugarcane
Maharashtra,Ratnagiri,Alluvial Soil,Rabi,21.5,73,95.3,Maize,Wheat
Maharashtra,Ratnagiri,Loamy Soil,Kharif,34.3,41,329.6,Jute,Maize
Maharashtra,Ratnagiri,Alluvial Soil,Whole Year,26.0,80,180.5,Coconut,Sugarcane
Maharashtra,Ratnagiri,Alluvial Soil,Zaid,28.9,80,206.9,Apple,Rice
Maharashtra,Ratnagiri,Black Soil,Whole Year,34.0,73,47.2,Mothbeans,Cotton
Maharashtra,Ratnagiri,Laterite Soil,Zaid,19.8,52,173.6,Cotton,Tea
Maharashtra,Ratnagiri,Black Soil,Kharif,23.7,80,52.3,Mango,Soybean
Maharashtra,Ratnagiri,Black Soil,Zaid,26.2,56,72.6,Lentil,Cotton
Maharashtra,Ratnagiri,Red Soil,Zaid,31.4,60,27.8,Papaya,Millets
Maharashtra,Ratnagiri,Sandy Soil,Zaid,22.6,54,240.1,Pomegranate,Watermelon
Maharashtra,Ratnagiri,Loamy Soil,Zaid,34.2,40,237.1,Coffee,Sugarcane
Maharashtra,Ratnagiri,Sandy Soil,Kharif,18.6,94,105.2,Watermelon,Watermelon
Maharashtra,Ratnagiri,Loamy Soil,Kharif,29.0,80,263.8,Rice,Wheat
Maharashtra,Ratnagiri,Sandy Soil,Kharif,22.5,46,216.3,Orange,Muskmelon
Maharashtra,Ratnagiri,Loamy Soil,Kharif,20.8,55,177.3,Blackgram,Wheat
Maharashtra,Ratnagiri,Black Soil,Whole Year,25.3,50,270.4,Coconut,Jowar
Maharashtra,Ratnagiri,Alluvial Soil,Zaid,30.1,63,209.6,Watermelon,Rice
Maharashtra,Ratnagiri,Laterite Soil,Rabi,19.2,89,152.0,Lentil,Tea
Maharashtra,Ratnagiri,Alluvial Soil,Rabi,32.6,91,101.4,Coconut,Maize
Maharashtra,Sangli,Alluvial Soil,Rabi,19.5,51,286.9,Rice,Sugarcane
Maharashtra,Sangli,Loamy Soil,Whole Year,26.8,90,137.2,Orange,Rice
Maharashtra,Sangli,Sandy Soil,Rabi,24.7,79,27.5,Coffee,Muskmelon
Maharashtra,Sangli,Black Soil,Kharif,21.9,88,104.8,Coffee,Soybean
Maharashtra,Sangli,Sandy Soil,Rabi,30.5,41,91.1,Pomegranate,Watermelon
Maharashtra,Sangli,Loamy Soil,Kharif,19.5,54,143.3,Mothbeans,Maize
Maharashtra,Sangli,Red Soil,Zaid,38.5,89,45.4,Pomegranate,Groundnut
Maharashtra,Sangli,Loamy Soil,Whole Year,25.3,68,48.4,Lentil,Wheat
Maharashtra,Sangli,Loamy Soil,Rabi,23.7,56,323.2,Coconut,Maize
Maharashtra,Sangli,Loamy Soil,Whole Year,21.0,86,328.2,Apple,Wheat
Maharashtra,Sangli,Laterite Soil,Rabi,36.7,89,120.9,Lentil,Cashew
Maharashtra,Sangli,Sandy Soil,Rabi,27.2,79,282.2,Mungbean,Groundnut
Maharashtra,Sangli,Laterite Soil,Whole Year,19.5,57,72.3,Coffee,Tea
Maharashtra,Sangli,Laterite Soil,Whole Year,24.5,67,315.1,Blackgram,Cashew
Maharashtra,Sangli,Alluvial Soil,Rabi,26.2,87,113.3,Cotton,Rice
Maharashtra,Sangli,Alluvial Soil,Whole Year,24.8,73,218.8,Banana,Rice
Maharashtra,Sangli,Sandy Soil,Rabi,28.0,89,218.0,Maize,Watermelon
Maharashtra,Sangli,Black Soil,Whole Year,26.7,43,64.3,Coffee,Soybean
Maharashtra,Sangli,Sandy Soil,Zaid,37.5,53,212.0,Coffee,Muskmelon
Maharashtra,Sangli,Loamy Soil,Rabi,21.0,48,88.8,Rice,Sugarcane
Maharashtra,Satara,Loamy Soil,Whole Year,26.7,69,87.6,Coffee,Maize
Maharashtra,Satara,Laterite Soil,Rabi,39.8,40,196.6,Jute,Coffee
Maharashtra,Satara,Black Soil,Kharif,29.7,61,282.5,Coffee,Cotton
Maharashtra,Satara,Red Soil,Kharif,25.9,94,134.7,Apple,Millets
Maharashtra,Satara,Alluvial Soil,Zaid,21.3,69,64.3,Jute,Maize
Maharashtra,Satara,Laterite Soil,Rabi,37.0,43,245.8,Coffee,Coffee
Maharashtra,Satara,Alluvial Soil,Zaid,20.3,59,224.4,Pigeonpeas,Maize
Maharashtra,Satara,Laterite Soil,Rabi,27.1,88,179.8,Coffee,Cashew
Maharashtra,Satara,Red Soil,Rabi,39.6,40,304.8,Coffee,Groundnut
Maharashtra,Satara,Alluvial Soil,Zaid,33.0,73,108.7,Chickpea,Wheat
Maharashtra,Satara,Red Soil,Rabi,27.2,41,277.5,Maize,Millets
Maharashtra,Satara,Black Soil,Whole Year,32.3,49,299.3,Mango,Soybean
Maharashtra,Satara,Black Soil,Rabi,34.2,52,129.7,Papaya,Cotton
Maharashtra,Satara,Loamy Soil,Rabi,19.4,49,293.6,Watermelon,Sugarcane
Maharashtra,Satara,Black Soil,Kharif,39.1,48,167.9,Rice,Soybean
Maharashtra,Satara,Loamy Soil,Whole Year,26.0,40,335.5,Lentil,Rice
Maharashtra,Satara,Black Soil,Rabi,28.7,72,261.9,Coconut,Cotton
Maharashtra,Satara,Black Soil,Whole Year,21.2,94,51.3,Coffee,Cotton
Maharashtra,Satara,Alluvial Soil,Zaid,28.5,66,295.4,Mungbean,Wheat
Maharashtra,Satara,Black Soil,Kharif,21.7,70,116.3,Pomegranate,Jowar
Maharashtra,Sindhudurg,Alluvial Soil,Kharif,36.2,78,347.1,Orange,Wheat
Maharashtra,Sindhudurg,Laterite Soil,Whole Year,21.6,55,271.1,Orange,Coffee
Maharashtra,Sindhudurg,Laterite Soil,Kharif,39.5,64,118.7,Mothbeans,Coffee
Maharashtra,Sindhudurg,Laterite Soil,Whole Year,36.0,75,214.3,Pomegranate,Tea
Maharashtra,Sindhudurg,Loamy Soil,Whole Year,35.3,53,175.4,Blackgram,Sugarcane
Maharashtra,Sindhudurg,Red Soil,Rabi,19.5,67,155.8,Papaya,Millets
Maharashtra,Sindhudurg,Sandy Soil,Whole Year,21.1,44,319.7,Banana,Watermelon
Maharashtra,Sindhudurg,Sandy Soil,Zaid,32.4,69,147.4,Pomegranate,Groundnut
Maharashtra,Sindhudurg,Red Soil,Zaid,34.7,55,249.4,Coconut,Groundnut
Maharashtra,Sindhudurg,Red Soil,Kharif,19.4,77,187.6,Papaya,Groundnut
Maharashtra,Sindhudurg,Laterite Soil,Zaid,20.3,84,243.0,Blackgram,Cashew
Maharashtra,Sindhudurg,Loamy Soil,Zaid,18.3,80,255.4,Coffee,Wheat
Maharashtra,Sindhudurg,Laterite Soil,Whole Year,24.9,56,325.4,Mothbeans,Cashew
Maharashtra,Sindhudurg,Red Soil,Rabi,36.4,75,317.3,Chickpea,Groundnut
Maharashtra,Sindhudurg,Loamy Soil,Kharif,32.1,82,306.0,Orange,Maize
Maharashtra,Sindhudurg,Laterite Soil,Rabi,38.4,70,76.1,Mothbeans,Coffee
Maharashtra,Sindhudurg,Black Soil,Whole Year,35.5,70,259.7,Chickpea,Jowar
Maharashtra,Sindhudurg,Alluvial Soil,Rabi,25.1,85,275.3,Banana,Wheat
Maharashtra,Sindhudurg,Red Soil,Kharif,27.8,40,73.3,Apple,Pulses
Maharashtra,Sindhudurg,Alluvial Soil,Zaid,28.2,46,297.0,Jute,Rice
Maharashtra,Solapur,Alluvial Soil,Whole Year,34.4,82,122.5,Banana,Maize
Maharashtra,Solapur,Red Soil,Zaid,27.7,69,159.2,Apple,Pulses
Maharashtra,Solapur,Red Soil,Rabi,21.7,80,349.8,Chickpea,Pulses
Maharashtra,Solapur,Laterite Soil,Kharif,31.6,50,25.6,Cotton,Cashew
Maharashtra,Solapur,Sandy Soil,Zaid,38.1,62,151.9,Chickpea,Groundnut
Maharashtra,Solapur,Red Soil,Whole Year,30.1,60,24.8,Papaya,Millets
Maharashtra,Solapur,Red Soil,Whole Year,26.4,69,74.1,Orange,Pulses
Maharashtra,Solapur,Alluvial Soil,Rabi,25.7,47,182.4,Apple,Rice
Maharashtra,Solapur,Black Soil,Rabi,22.1,46,99.5,Orange,Cotton
Maharashtra,Solapur,Loamy Soil,Rabi,24.5,64,22.7,Mungbean,Sugarcane
Maharashtra,Solapur,Loamy Soil,Whole Year,33.8,54,36.0,Blackgram,Sugarcane
Maharashtra,Solapur,Red Soil,Rabi,36.3,48,263.7,Muskmelon,Pulses
Maharashtra,Solapur,Loamy Soil,Rabi,28.5,61,298.8,Cotton,Maize
Maharashtra,Solapur,Alluvial Soil,Rabi,32.0,85,245.6,Maize,Maize
Maharashtra,Solapur,Black Soil,Rabi,32.7,50,51.3,Banana,Soybean
Maharashtra,Solapur,Loamy Soil,Zaid,29.8,86,45.7,Grapes,Rice
Maharashtra,Solapur,Loamy Soil,Whole Year,25.7,48,198.6,Apple,Rice
Maharashtra,Solapur,Loamy Soil,Zaid,21.7,58,298.4,Mungbean,Wheat
Maharashtra,Solapur,Loamy Soil,Rabi,24.3,61,223.5,Pigeonpeas,Wheat
Maharashtra,Solapur,Alluvial Soil,Zaid,21.5,53,216.3,Coconut,Rice
Maharashtra,Thane,Laterite Soil,Kharif,32.3,95,216.0,Cotton,Tea
Maharashtra,Thane,Loamy Soil,Zaid,34.8,56,282.4,Papaya,Rice
Maharashtra,Thane,Alluvial Soil,Kharif,23.3,52,48.3,Rice,Rice
Maharashtra,Thane,Laterite Soil,Kharif,26.2,93,251.9,Mungbean,Coffee
Maharashtra,Thane,Red Soil,Zaid,26.3,92,112.4,Apple,Millets
Maharashtra,Thane,Laterite Soil,Whole Year,28.7,91,305.7,Banana,Tea
Maharashtra,Thane,Laterite Soil,Whole Year,32.6,59,56.9,Cotton,Coffee
Maharashtra,Thane,Alluvial Soil,Kharif,21.0,77,57.4,Coffee,Rice
Maharashtra,Thane,Laterite Soil,Zaid,27.6,92,199.9,Pigeonpeas,Cashew
Maharashtra,Thane,Alluvial Soil,Zaid,29.1,44,138.2,Muskmelon,Wheat
Maharashtra,Thane,Red Soil,Zaid,39.4,52,249.4,Papaya,Groundnut
Maharashtra,Thane,Laterite Soil,Zaid,22.1,43,113.5,Mungbean,Cashew
Maharashtra,Thane,Red Soil,Whole Year,32.5,54,210.4,Coffee,Pulses
Maharashtra,Thane,Alluvial Soil,Rabi,27.8,52,342.6,Jute,Maize
Maharashtra,Thane,Red Soil,Kharif,27.3,54,301.0,Papaya,Groundnut
Maharashtra,Thane,Sandy Soil,Rabi,24.6,47,218.6,Chickpea,Groundnut
Maharashtra,Thane,Red Soil,Zaid,36.8,80,71.7,Mango,Millets
Maharashtra,Thane,Laterite Soil,Zaid,27.7,78,290.8,Banana,Cashew
Maharashtra,Thane,Loamy Soil,Rabi,34.6,69,338.4,Maize,Maize
Maharashtra,Thane,Alluvial Soil,Zaid,33.7,93,175.8,Jute,Wheat
Maharashtra,Wardha,Alluvial Soil,Zaid,34.7,51,329.2,Mungbean,Maize
Maharashtra,Wardha,Sandy Soil,Kharif,27.3,62,46.2,Cotton,Groundnut
Maharashtra,Wardha,Laterite Soil,Zaid,37.3,63,110.4,Mango,Coffee
Maharashtra,Wardha,Loamy Soil,Kharif,33.1,67,87.3,Mungbean,Sugarcane
Maharashtra,Wardha,Alluvial Soil,Kharif,27.8,58,306.3,Apple,Rice
Maharashtra,Wardha,Red Soil,Rabi,19.7,67,206.4,Maize,Millets
Maharashtra,Wardha,Laterite Soil,Kharif,18.0,89,344.8,Maize,Tea
Maharashtra,Wardha,Sandy Soil,Zaid,33.1,49,153.0,Blackgram,Groundnut
Maharashtra,Wardha,Laterite Soil,Zaid,19.2,48,180.9,Apple,Tea
Maharashtra,Wardha,Sandy Soil,Zaid,37.5,79,151.6,Muskmelon,Groundnut
Maharashtra,Wardha,Sandy Soil,Zaid,23.9,90,167.8,Mungbean,Muskmelon
Maharashtra,Wardha,Sandy Soil,Whole Year,21.2,44,86.3,Orange,Watermelon
Maharashtra,Wardha,Laterite Soil,Zaid,26.5,84,292.5,Watermelon,Coffee
Maharashtra,Wardha,Black Soil,Rabi,20.4,82,120.7,Grapes,Soybean
Maharashtra,Wardha,Loamy Soil,Rabi,18.2,53,48.4,Rice,Sugarcane
Maharashtra,Wardha,Loamy Soil,Kharif,25.3,66,179.5,Cotton,Maize
Maharashtra,Wardha,Black Soil,Kharif,30.7,45,274.8,Chickpea,Jowar
Maharashtra,Wardha,Sandy Soil,Rabi,24.4,41,131.5,Rice,Muskmelon
Maharashtra,Wardha,Loamy Soil,Whole Year,36.3,46,65.7,Chickpea,Sugarcane
Maharashtra,Wardha,Red Soil,Zaid,25.3,88,158.4,Pigeonpeas,Millets
Maharashtra,Washim,Loamy Soil,Zaid,30.5,84,298.0,Banana,Maize
Maharashtra,Washim,Sandy Soil,Rabi,26.1,55,123.6,Maize,Groundnut
Maharashtra,Washim,Loamy Soil,Whole Year,37.1,40,283.4,Coconut,Rice
Maharashtra,Washim,Loamy Soil,Zaid,21.7,56,282.5,Mothbeans,Rice
Maharashtra,Washim,Sandy Soil,Whole Year,37.3,48,149.2,Watermelon,Muskmelon
Maharashtra,Washim,Black Soil,Whole Year,30.9,64,95.7,Lentil,Soybean
Maharashtra,Washim,Black Soil,Whole Year,28.1,40,51.0,Pomegranate,Soybean
Maharashtra,Washim,Sandy Soil,Whole Year,25.7,92,263.0,Grapes,Groundnut
Maharashtra,Washim,Black Soil,Rabi,39.9,55,40.6,Muskmelon,Soybean
Maharashtra,Washim,Red Soil,Whole Year,28.4,83,146.9,Coconut,Pulses
Maharashtra,Washim,Alluvial Soil,Zaid,38.5,94,60.6,Muskmelon,Rice
Maharashtra,Washim,Loamy Soil,Rabi,28.1,67,176.6,Mungbean,Sugarcane
Maharashtra,Washim,Sandy Soil,Rabi,34.9,59,183.8,Lentil,Muskmelon
Maharashtra,Washim,Laterite Soil,Whole Year,20.3,82,153.8,Orange,Cashew
Maharashtra,Washim,Laterite Soil,Whole Year,32.3,84,151.9,Orange,Tea
Maharashtra,Washim,Alluvial Soil,Kharif,20.6,87,141.5,Lentil,Maize
Maharashtra,Washim,Sandy Soil,Kharif,18.8,89,59.6,Watermelon,Groundnut
Maharashtra,Washim,Sandy Soil,Zaid,39.9,74,87.1,Lentil,Groundnut
Maharashtra,Washim,Loamy Soil,Rabi,23.6,95,299.1,Banana,Sugarcane
Maharashtra,Washim,Loamy Soil,Whole Year,18.7,79,156.2,Chickpea,Maize
Maharashtra,Yavatmal,Sandy Soil,Kharif,22.6,74,110.6,Muskmelon,Watermelon
Maharashtra,Yavatmal,Red Soil,Whole Year,32.9,86,27.5,Watermelon,Pulses
Maharashtra,Yavatmal,Laterite Soil,Zaid,22.1,55,202.6,Mungbean,Tea
Maharashtra,Yavatmal,Loamy Soil,Rabi,21.5,93,319.3,Orange,Sugarcane
Maharashtra,Yavatmal,Sandy Soil,Zaid,33.3,56,203.2,Jute,Groundnut
Maharashtra,Yavatmal,Loamy Soil,Kharif,22.1,41,94.1,Cotton,Rice
Maharashtra,Yavatmal,Alluvial Soil,Zaid,37.2,66,148.6,Mothbeans,Maize
Maharashtra,Yavatmal,Laterite Soil,Kharif,38.4,47,166.3,Banana,Tea
Maharashtra,Yavatmal,Red Soil,Zaid,26.3,92,245.3,Muskmelon,Millets
Maharashtra,Yavatmal,Laterite Soil,Rabi,39.3,66,29.2,Kidneybeans,Tea
Maharashtra,Yavatmal,Laterite Soil,Rabi,29.1,57,162.5,Mothbeans,Tea
Maharashtra,Yavatmal,Sandy Soil,Zaid,20.3,72,286.4,Pomegranate,Watermelon
Maharashtra,Yavatmal,Black Soil,Zaid,31.3,52,317.6,Coffee,Jowar
Maharashtra,Yavatmal,Alluvial Soil,Rabi,22.3,84,112.5,Blackgram,Rice
Maharashtra,Yavatmal,Loamy Soil,Kharif,30.0,69,233.8,Kidneybeans,Wheat
Maharashtra,Yavatmal,Laterite Soil,Rabi,30.2,89,218.6,Mango,Cashew
Maharashtra,Yavatmal,Sandy Soil,Kharif,31.7,46,299.2,Orange,Watermelon
Maharashtra,Yavatmal,Laterite Soil,Zaid,34.5,74,270.1,Pomegranate,Cashew
Maharashtra,Yavatmal,Loamy Soil,Kharif,22.5,89,223.4,Mango,Wheat
Maharashtra,Yavatmal,Sandy Soil,Zaid,19.6,95,79.6,Banana,Muskmelon
Rajasthan,Ajmer,Loamy Soil,Rabi,20.4,40,320.7,Orange,Wheat
Rajasthan,Ajmer,Red Soil,Rabi,38.3,55,316.3,Mothbeans,Pulses
Rajasthan,Ajmer,Alluvial Soil,Zaid,35.4,60,266.0,Jute,Maize
Rajasthan,Ajmer,Sandy Soil,Kharif,39.2,79,324.0,Apple,Muskmelon
Rajasthan,Ajmer,Red Soil,Rabi,36.3,80,147.8,Papaya,Millets
Rajasthan,Ajmer,Laterite Soil,Zaid,35.3,44,136.9,Chickpea,Cashew
Rajasthan,Ajmer,Black Soil,Rabi,29.9,51,142.3,Jute,Soybean
Rajasthan,Ajmer,Loamy Soil,Zaid,30.7,87,171.6,Lentil,Wheat
Rajasthan,Ajmer,Loamy Soil,Zaid,31.7,45,162.9,Grapes,Sugarcane
Rajasthan,Ajmer,Red Soil,Whole Year,35.9,90,274.6,Pigeonpeas,Groundnut
Rajasthan,Ajmer,Red Soil,Kharif,20.4,90,154.5,Apple,Pulses
Rajasthan,Ajmer,Loamy Soil,Kharif,34.3,48,336.6,Kidneybeans,Sugarcane
Rajasthan,Ajmer,Loamy Soil,Whole Year,24.7,88,138.5,Orange,Rice
Rajasthan,Ajmer,Alluvial Soil,Kharif,36.3,73,326.9,Muskmelon,Maize
Rajasthan,Ajmer,Black Soil,Kharif,19.2,90,173.1,Blackgram,Jowar
Rajasthan,Ajmer,Loamy Soil,Zaid,29.5,67,208.9,Lentil,Rice
Rajasthan,Ajmer,Red Soil,Zaid,39.8,83,184.0,Muskmelon,Pulses
Rajasthan,Ajmer,Sandy Soil,Whole Year,27.6,47,146.3,Banana,Watermelon
Rajasthan,Ajmer,Alluvial Soil,Zaid,38.3,82,72.0,Jute,Wheat
Rajasthan,Ajmer,Alluvial Soil,Kharif,30.8,83,310.4,Maize,Sugarcane
Rajasthan,Alwar,Laterite Soil,Whole Year,20.1,67,162.7,Apple,Coffee
Rajasthan,Alwar,Laterite Soil,Kharif,24.0,44,178.5,Pomegranate,Tea
Rajasthan,Alwar,Black Soil,Kharif,36.6,80,65.4,Mothbeans,Jowar
Rajasthan,Alwar,Loamy Soil,Zaid,36.4,42,97.6,Coffee,Rice
Rajasthan,Alwar,Black Soil,Whole Year,20.6,70,288.7,Cotton,Soybean
Rajasthan,Alwar,Alluvial Soil,Rabi,38.8,56,91.4,Lentil,Maize
Rajasthan,Alwar,Laterite Soil,Kharif,25.5,83,345.4,Jute,Cashew
Rajasthan,Alwar,Alluvial Soil,Whole Year,26.8,92,148.2,Kidneybeans,Sugarcane
Rajasthan,Alwar,Laterite Soil,Zaid,38.2,48,298.3,Mungbean,Cashew
Rajasthan,Alwar,Laterite Soil,Zaid,22.6,88,102.5,Coffee,Coffee
Rajasthan,Alwar,Red Soil,Whole Year,24.0,43,48.5,Blackgram,Groundnut
Rajasthan,Alwar,Laterite Soil,Whole Year,20.9,58,96.5,Cotton,Cashew
Rajasthan,Alwar,Red Soil,Rabi,19.6,49,342.4,Coconut,Groundnut
Rajasthan,Alwar,Loamy Soil,Kharif,18.9,90,252.4,Papaya,Rice
Rajasthan,Alwar,Laterite Soil,Whole Year,27.2,66,34.8,Lentil,Tea
Rajasthan,Alwar,Laterite Soil,Zaid,20.6,40,76.0,Pomegranate,Coffee
Rajasthan,Alwar,Sandy Soil,Zaid,22.9,56,65.6,Apple,Watermelon
Rajasthan,Alwar,Black Soil,Rabi,21.5,76,331.6,Kidneybeans,Jowar
Rajasthan,Alwar,Black Soil,Zaid,22.4,88,152.0,Coconut,Cotton
Rajasthan,Alwar,Red Soil,Whole Year,25.0,74,128.6,Orange,Groundnut
Rajasthan,Banswara,Red Soil,Zaid,27.0,67,128.6,Mungbean,Groundnut
Rajasthan,Banswara,Laterite Soil,Whole Year,21.0,51,296.7,Papaya,Cashew
Rajasthan,Banswara,Sandy Soil,Rabi,26.2,81,257.2,Pomegranate,Watermelon
Rajasthan,Banswara,Alluvial Soil,Whole Year,26.0,58,124.5,Orange,Rice
Rajasthan,Banswara,Sandy Soil,Rabi,35.9,42,121.6,Mungbean,Groundnut
Rajasthan,Banswara,Alluvial Soil,Whole Year,33.6,57,252.2,Watermelon,Sugarcane
Rajasthan,Banswara,Red Soil,Whole Year,33.3,84,57.2,Papaya,Groundnut
Rajasthan,Banswara,Sandy Soil,Whole Year,21.7,53,239.2,Cotton,Watermelon
Rajasthan,Banswara,Laterite Soil,Rabi,37.2,88,268.8,Mungbean,Coffee
Rajasthan,Banswara,Red Soil,Kharif,24.5,52,127.4,Watermelon,Groundnut
Rajasthan,Banswara,Laterite Soil,Whole Year,21.0,71,147.0,Jute,Cashew
Rajasthan,Banswara,Red Soil,Rabi,18.0,65,81.7,Muskmelon,Millets
Rajasthan,Banswara,Alluvial Soil,Kharif,34.7,91,164.2,Chickpea,Maize
Rajasthan,Banswara,Laterite Soil,Zaid,19.5,42,271.0,Jute,Cashew
Rajasthan,Banswara,Red Soil,Zaid,34.7,43,200.2,Maize,Millets
Rajasthan,Banswara,Laterite Soil,Zaid,20.8,71,82.0,Jute,Cashew
Rajasthan,Banswara,Laterite Soil,Whole Year,18.5,66,207.7,Pigeonpeas,Coffee
Rajasthan,Banswara,Red Soil,Zaid,18.3,91,277.6,Coconut,Groundnut
Rajasthan,Banswara,Red Soil,Kharif,22.7,78,286.2,Mango,Pulses
Rajasthan,Banswara,Alluvial Soil,Rabi,34.9,94,137.7,Apple,Wheat
Rajasthan,Baran,Red Soil,Zaid,39.7,63,103.2,Watermelon,Groundnut
Rajasthan,Baran,Laterite Soil,Kharif,38.2,93,69.3,Kidneybeans,Tea
Rajasthan,Baran,Loamy Soil,Whole Year,24.8,59,110.7,Mothbeans,Sugarcane
Rajasthan,Baran,Alluvial Soil,Rabi,35.9,57,247.1,Muskmelon,Maize
Rajasthan,Baran,Alluvial Soil,Rabi,36.3,88,123.1,Papaya,Maize
Rajasthan,Baran,Black Soil,Zaid,23.8,57,307.1,Rice,Soybean
Rajasthan,Baran,Black Soil,Whole Year,23.6,43,233.4,Banana,Cotton
Rajasthan,Baran,Laterite Soil,Rabi,20.8,58,112.8,Grapes,Cashew
Rajasthan,Baran,Loamy Soil,Rabi,33.8,60,146.8,Muskmelon,Rice
Rajasthan,Baran,Red Soil,Rabi,29.6,93,90.3,Muskmelon,Millets
Rajasthan,Baran,Black Soil,Rabi,39.7,83,20.4,Kidneybeans,Soybean
Rajasthan,Baran,Loamy Soil,Rabi,38.5,63,257.1,Coffee,Sugarcane
Rajasthan,Baran,Loamy Soil,Whole Year,36.4,78,179.9,Lentil,Rice
Rajasthan,Baran,Black Soil,Whole Year,39.9,74,100.3,Pomegranate,Cotton
Rajasthan,Baran,Red Soil,Zaid,21.2,44,60.6,Banana,Pulses
Rajasthan,Baran,Sandy Soil,Rabi,33.8,61,178.0,Kidneybeans,Watermelon
Rajasthan,Baran,Black Soil,Rabi,24.3,93,207.4,Grapes,Jowar
Rajasthan,Baran,Loamy Soil,Zaid,38.1,90,252.1,Muskmelon,Wheat
Rajasthan,Baran,Loamy Soil,Zaid,25.1,55,83.3,Muskmelon,Wheat
Rajasthan,Baran,Loamy Soil,Rabi,39.1,89,328.8,Rice,Sugarcane
Rajasthan,Barmer,Sandy Soil,Zaid,24.7,41,116.9,Orange,Groundnut
Rajasthan,Barmer,Sandy Soil,Kharif,27.4,87,32.3,Chickpea,Groundnut
Rajasthan,Barmer,Laterite Soil,Zaid,20.3,74,310.6,Lentil,Cashew
Rajasthan,Barmer,Laterite Soil,Rabi,34.7,94,71.3,Coffee,Cashew
Rajasthan,Barmer,Red Soil,Kharif,39.7,88,122.0,Watermelon,Groundnut
Rajasthan,Barmer,Laterite Soil,Rabi,39.0,58,257.6,Jute,Cashew
Rajasthan,Barmer,Laterite Soil,Rabi,19.8,83,67.6,Orange,Coffee
Rajasthan,Barmer,Black Soil,Zaid,37.6,46,292.4,Orange,Soybean
Rajasthan,Barmer,Red Soil,Whole Year,39.4,86,190.3,Maize,Groundnut
Rajasthan,Barmer,Laterite Soil,Zaid,28.0,93,282.0,Apple,Cashew
Rajasthan,Barmer,Alluvial Soil,Whole Year,24.0,56,25.8,Mango,Wheat
Rajasthan,Barmer,Loamy Soil,Kharif,25.7,80,168.6,Maize,Sugarcane
Rajasthan,Barmer,Sandy Soil,Zaid,32.2,46,244.8,Lentil,Muskmelon
Rajasthan,Barmer,Sandy Soil,Zaid,18.9,43,349.5,Chickpea,Groundnut
Rajasthan,Barmer,Laterite Soil,Rabi,38.7,43,28.8,Pigeonpeas,Coffee
Rajasthan,Barmer,Alluvial Soil,Kharif,23.4,90,78.3,Coconut,Maize
Rajasthan,Barmer,Loamy Soil,Kharif,39.1,50,159.5,Rice,Wheat
Rajasthan,Barmer,Sandy Soil,Rabi,23.6,62,86.9,Mothbeans,Groundnut
Rajasthan,Barmer,Sandy Soil,Whole Year,23.7,64,276.3,Pomegranate,Watermelon
Rajasthan,Barmer,Red Soil,Rabi,33.2,65,96.4,Mungbean,Groundnut
Rajasthan,Bharatpur,Red Soil,Whole Year,36.7,88,127.1,Pomegranate,Groundnut
Rajasthan,Bharatpur,Black Soil,Rabi,25.4,76,80.0,Jute,Jowar
Rajasthan,Bharatpur,Laterite Soil,Whole Year,19.1,86,185.9,Muskmelon,Tea
Rajasthan,Bharatpur,Red Soil,Rabi,21.4,60,210.3,Lentil,Groundnut
Rajasthan,Bharatpur,Alluvial Soil,Zaid,24.7,79,226.7,Coffee,Maize
Rajasthan,Bharatpur,Laterite Soil,Rabi,28.7,71,323.0,Chickpea,Tea
Rajasthan,Bharatpur,Laterite Soil,Rabi,21.6,43,168.6,Chickpea,Tea
Rajasthan,Bharatpur,Red Soil,Rabi,20.0,74,25.2,Lentil,Millets
Rajasthan,Bharatpur,Laterite Soil,Kharif,31.8,49,207.4,Cotton,Coffee
Rajasthan,Bharatpur,Red Soil,Whole Year,38.0,58,105.6,Apple,Groundnut
Rajasthan,Bharatpur,Laterite Soil,Rabi,22.9,58,35.1,Cotton,Cashew
Rajasthan,Bharatpur,Sandy Soil,Zaid,31.1,79,165.9,Watermelon,Watermelon
Rajasthan,Bharatpur,Loamy Soil,Kharif,25.8,43,196.3,Mango,Sugarcane
Rajasthan,Bharatpur,Black Soil,Whole Year,22.5,59,313.7,Maize,Cotton
Rajasthan,Bharatpur,Sandy Soil,Zaid,30.5,43,168.7,Orange,Groundnut
Rajasthan,Bharatpur,Black Soil,Whole Year,32.9,43,258.1,Apple,Jowar
Rajasthan,Bharatpur,Red Soil,Zaid,39.5,59,250.1,Jute,Millets
Rajasthan,Bharatpur,Sandy Soil,Zaid,38.7,63,336.8,Coconut,Watermelon
Rajasthan,Bharatpur,Laterite Soil,Whole Year,36.2,41,262.2,Grapes,Coffee
Rajasthan,Bharatpur,Red Soil,Kharif,24.1,91,193.4,Papaya,Millets
Rajasthan,Bhilwara,Sandy Soil,Zaid,25.0,77,253.5,Lentil,Watermelon
Rajasthan,Bhilwara,Laterite Soil,Whole Year,29.7,92,269.7,Mungbean,Cashew
Rajasthan,Bhilwara,Black Soil,Rabi,22.1,57,137.5,Mungbean,Cotton
Rajasthan,Bhilwara,Laterite Soil,Kharif,38.0,72,37.5,Pomegranate,Tea
Rajasthan,Bhilwara,Red Soil,Kharif,34.9,64,172.6,Pigeonpeas,Millets
Rajasthan,Bhilwara,Loamy Soil,Whole Year,29.8,64,115.8,Blackgram,Maize
Rajasthan,Bhilwara,Sandy Soil,Zaid,25.7,91,337.6,Mango,Muskmelon
Rajasthan,Bhilwara,Sandy Soil,Zaid,29.8,65,137.7,Lentil,Groundnut
Rajasthan,Bhilwara,Loamy Soil,Zaid,36.5,76,181.9,Orange,Maize
Rajasthan,Bhilwara,Sandy Soil,Kharif,30.5,91,64.5,Mungbean,Groundnut
Rajasthan,Bhilwara,Black Soil,Zaid,29.3,61,286.4,Lentil,Soybean
Rajasthan,Bhilwara,Loamy Soil,Whole Year,28.7,42,236.2,Mango,Maize
Rajasthan,Bhilwara,Loamy Soil,Rabi,38.8,87,87.9,Rice,Wheat
Rajasthan,Bhilwara,Alluvial Soil,Rabi,27.5,91,123.1,Apple,Rice
Rajasthan,Bhilwara,Red Soil,Rabi,33.5,46,99.0,Banana,Pulses
Rajasthan,Bhilwara,Black Soil,Rabi,39.1,46,292.9,Watermelon,Jowar
Rajasthan,Bhilwara,Alluvial Soil,Zaid,31.8,64,303.2,Maize,Maize
Rajasthan,Bhilwara,Alluvial Soil,Kharif,21.8,74,127.4,Maize,Maize
Rajasthan,Bhilwara,Laterite Soil,Zaid,29.7,53,232.8,Pomegranate,Coffee
Rajasthan,Bhilwara,Sandy Soil,Kharif,34.1,47,228.7,Apple,Watermelon
Rajasthan,Bikaner,Alluvial Soil,Kharif,20.4,84,337.7,Grapes,Wheat
Rajasthan,Bikaner,Sandy Soil,Rabi,20.5,75,40.1,Watermelon,Muskmelon
Rajasthan,Bikaner,Black Soil,Whole Year,31.0,68,82.3,Mothbeans,Jowar
Rajasthan,Bikaner,Laterite Soil,Whole Year,18.3,72,228.2,Rice,Tea
Rajasthan,Bikaner,Laterite Soil,Whole Year,24.6,92,105.0,Orange,Cashew
Rajasthan,Bikaner,Loamy Soil,Whole Year,36.3,82,51.0,Coconut,Wheat
Rajasthan,Bikaner,Alluvial Soil,Zaid,30.8,88,257.7,Jute,Rice
Rajasthan,Bikaner,Red Soil,Zaid,29.6,86,209.2,Watermelon,Millets
Rajasthan,Bikaner,Sandy Soil,Kharif,25.4,46,32.7,Mango,Groundnut
Rajasthan,Bikaner,Red Soil,Kharif,28.6,43,336.6,Jute,Millets
Rajasthan,Bikaner,Laterite Soil,Whole Year,37.3,63,298.7,Mungbean,Coffee
Rajasthan,Bikaner,Alluvial Soil,Zaid,35.6,51,52.4,Cotton,Rice
Rajasthan,Bikaner,Alluvial Soil,Rabi,30.8,48,203.9,Pigeonpeas,Maize
Rajasthan,Bikaner,Laterite Soil,Rabi,35.6,54,78.1,Rice,Coffee
Rajasthan,Bikaner,Sandy Soil,Zaid,29.6,82,160.7,Muskmelon,Groundnut
Rajasthan,Bikaner,Sandy Soil,Kharif,30.1,90,31.6,Mungbean,Watermelon
Rajasthan,Bikaner,Sandy Soil,Rabi,34.2,77,39.5,Cotton,Muskmelon
Rajasthan,Bikaner,Black Soil,Zaid,29.7,58,32.7,Muskmelon,Soybean
Rajasthan,Bikaner,Alluvial Soil,Zaid,23.1,71,312.9,Grapes,Maize
Rajasthan,Bikaner,Red Soil,Rabi,33.7,68,154.0,Pomegranate,Pulses
Rajasthan,Bundi,Laterite Soil,Zaid,37.1,93,185.1,Banana,Coffee
Rajasthan,Bundi,Loamy Soil,Rabi,39.3,67,163.9,Pigeonpeas,Sugarcane
Rajasthan,Bundi,Laterite Soil,Whole Year,39.2,83,65.6,Mungbean,Tea
Rajasthan,Bundi,Sandy Soil,Rabi,35.1,67,204.6,Kidneybeans,Watermelon
Rajasthan,Bundi,Sandy Soil,Kharif,37.8,54,148.3,Coffee,Muskmelon
Rajasthan,Bundi,Loamy Soil,Kharif,30.1,60,306.0,Lentil,Maize
Rajasthan,Bundi,Black Soil,Rabi,39.6,86,162.9,Lentil,Jowar
Rajasthan,Bundi,Red Soil,Rabi,23.9,42,277.5,Mango,Groundnut
Rajasthan,Bundi,Laterite Soil,Zaid,25.4,86,276.7,Papaya,Cashew
Rajasthan,Bundi,Red Soil,Zaid,34.5,75,114.1,Blackgram,Millets
Rajasthan,Bundi,Alluvial Soil,Whole Year,36.8,95,214.7,Banana,Sugarcane
Rajasthan,Bundi,Loamy Soil,Zaid,33.5,71,91.7,Maize,Maize
Rajasthan,Bundi,Sandy Soil,Rabi,24.5,73,242.6,Coconut,Muskmelon
Rajasthan,Bundi,Laterite Soil,Whole Year,38.5,82,348.0,Blackgram,Cashew
Rajasthan,Bundi,Red Soil,Whole Year,27.4,64,137.4,Pomegranate,Pulses
Rajasthan,Bundi,Laterite Soil,Zaid,29.6,68,302.4,Mothbeans,Cashew
Rajasthan,Bundi,Sandy Soil,Whole Year,25.4,83,89.6,Apple,Groundnut
Rajasthan,Bundi,Black Soil,Zaid,37.7,86,270.9,Coffee,Jowar
Rajasthan,Bundi,Sandy Soil,Rabi,20.0,87,256.7,Papaya,Watermelon
Rajasthan,Bundi,Laterite Soil,Whole Year,20.2,76,43.4,Kidneybeans,Cashew
Rajasthan,Chittorgarh,Laterite Soil,Zaid,32.5,74,347.2,Coffee,Cashew
Rajasthan,Chittorgarh,Red Soil,Zaid,34.5,50,208.2,Banana,Millets
Rajasthan,Chittorgarh,Sandy Soil,Rabi,38.1,48,326.9,Banana,Groundnut
Rajasthan,Chittorgarh,Laterite Soil,Whole Year,38.4,51,224.4,Coconut,Tea
Rajasthan,Chittorgarh,Sandy Soil,Rabi,20.2,88,197.2,Apple,Watermelon
Rajasthan,Chittorgarh,Loamy Soil,Rabi,39.3,93,187.0,Pomegranate,Maize
Rajasthan,Chittorgarh,Laterite Soil,Zaid,24.6,78,288.2,Blackgram,Coffee
Rajasthan,Chittorgarh,Alluvial Soil,Rabi,33.0,70,327.2,Grapes,Maize
Rajasthan,Chittorgarh,Loamy Soil,Zaid,27.3,83,145.3,Blackgram,Maize
Rajasthan,Chittorgarh,Laterite Soil,Whole Year,24.2,83,164.0,Maize,Cashew
Rajasthan,Chittorgarh,Black Soil,Whole Year,25.9,91,114.3,Jute,Soybean
Rajasthan,Chittorgarh,Alluvial Soil,Kharif,26.9,85,239.8,Cotton,Wheat
Rajasthan,Chittorgarh,Black Soil,Zaid,30.1,83,123.7,Cotton,Soybean
Rajasthan,Chittorgarh,Alluvial Soil,Whole Year,27.2,57,199.1,Banana,Wheat
Rajasthan,Chittorgarh,Black Soil,Rabi,34.5,56,201.0,Pomegranate,Jowar
Rajasthan,Chittorgarh,Loamy Soil,Rabi,30.2,74,241.5,Blackgram,Maize
Rajasthan,Chittorgarh,Sandy Soil,Zaid,31.0,77,89.6,Pomegranate,Muskmelon
Rajasthan,Chittorgarh,Loamy Soil,Kharif,33.8,94,228.2,Papaya,Sugarcane
Rajasthan,Chittorgarh,Sandy Soil,Kharif,39.0,45,184.3,Mungbean,Groundnut
Rajasthan,Chittorgarh,Red Soil,Rabi,30.1,59,224.0,Coffee,Millets
Rajasthan,Churu,Black Soil,Kharif,24.6,68,216.1,Grapes,Cotton
Rajasthan,Churu,Red Soil,Zaid,18.6,41,77.5,Maize,Groundnut
Rajasthan,Churu,Alluvial Soil,Rabi,27.4,41,60.6,Pomegranate,Rice
Rajasthan,Churu,Laterite Soil,Kharif,20.3,83,294.7,Rice,Tea
Rajasthan,Churu,Loamy Soil,Rabi,18.1,95,82.7,Rice,Rice
Rajasthan,Churu,Laterite Soil,Whole Year,24.2,75,338.6,Coconut,Tea
Rajasthan,Churu,Laterite Soil,Rabi,21.5,80,122.5,Coffee,Cashew
Rajasthan,Churu,Alluvial Soil,Rabi,34.5,47,28.7,Mango,Wheat
Rajasthan,Churu,Black Soil,Rabi,26.9,73,265.0,Kidneybeans,Soybean
Rajasthan,Churu,Sandy Soil,Kharif,34.3,90,140.5,Mothbeans,Muskmelon
Rajasthan,Churu,Red Soil,Rabi,35.3,57,310.7,Lentil,Millets
Rajasthan,Churu,Laterite Soil,Whole Year,38.5,57,322.7,Mothbeans,Cashew
Rajasthan,Churu,Alluvial Soil,Zaid,25.2,68,290.6,Jute,Rice
Rajasthan,Churu,Laterite Soil,Whole Year,24.3,52,119.3,Pomegranate,Cashew
Rajasthan,Churu,Red Soil,Zaid,19.1,53,225.0,Lentil,Groundnut
Rajasthan,Churu,Red Soil,Rabi,36.5,93,133.9,Apple,Pulses
Rajasthan,Churu,Loamy Soil,Kharif,18.8,49,157.1,Pigeonpeas,Rice
Rajasthan,Churu,Black Soil,Rabi,30.5,54,258.7,Grapes,Soybean
Rajasthan,Churu,Laterite Soil,Whole Year,32.6,87,325.5,Pigeonpeas,Tea
Rajasthan,Churu,Alluvial Soil,Kharif,33.4,46,174.3,Pomegranate,Wheat
Rajasthan,Dausa,Alluvial Soil,Rabi,35.2,74,81.6,Papaya,Maize
Rajasthan,Dausa,Black Soil,Kharif,18.6,78,337.7,Kidneybeans,Cotton
Rajasthan,Dausa,Red Soil,Zaid,28.1,63,39.8,Chickpea,Groundnut
Rajasthan,Dausa,Red Soil,Kharif,23.4,40,194.9,Coffee,Groundnut
Rajasthan,Dausa,Loamy Soil,Zaid,29.9,77,164.9,Papaya,Wheat
Rajasthan,Dausa,Sandy Soil,Whole Year,27.4,42,174.1,Cotton,Watermelon
Rajasthan,Dausa,Red Soil,Kharif,37.1,68,168.3,Jute,Groundnut
Rajasthan,Dausa,Loamy Soil,Kharif,23.2,47,42.6,Mango,Rice
Rajasthan,Dausa,Alluvial Soil,Whole Year,37.8,72,191.0,Orange,Rice
Rajasthan,Dausa,Sandy Soil,Rabi,23.5,83,164.4,Banana,Groundnut
Rajasthan,Dausa,Alluvial Soil,Kharif,23.4,81,262.8,Coffee,Wheat
Rajasthan,Dausa,Black Soil,Zaid,36.7,94,320.5,Watermelon,Jowar
Rajasthan,Dausa,Sandy Soil,Kharif,28.1,60,244.1,Maize,Groundnut
Rajasthan,Dausa,Loamy Soil,Whole Year,25.7,43,218.7,Kidneybeans,Sugarcane
Rajasthan,Dausa,Loamy Soil,Kharif,28.2,48,191.6,Mungbean,Sugarcane
Rajasthan,Dausa,Sandy Soil,Rabi,29.1,60,265.5,Pomegranate,Muskmelon
Rajasthan,Dausa,Laterite Soil,Whole Year,20.8,40,69.5,Cotton,Cashew
Rajasthan,Dausa,Alluvial Soil,Kharif,19.8,78,115.1,Apple,Wheat
Rajasthan,Dausa,Black Soil,Kharif,33.8,52,74.1,Coffee,Jowar
Rajasthan,Dausa,Black Soil,Rabi,19.9,45,87.1,Mango,Jowar
Rajasthan,Dholpur,Alluvial Soil,Zaid,32.5,49,238.4,Orange,Wheat
Rajasthan,Dholpur,Alluvial Soil,Rabi,39.7,71,28.8,Cotton,Sugarcane
Rajasthan,Dholpur,Alluvial Soil,Zaid,21.9,72,177.9,Rice,Rice
Rajasthan,Dholpur,Laterite Soil,Rabi,26.5,52,286.0,Jute,Coffee
Rajasthan,Dholpur,Red Soil,Kharif,24.9,68,62.9,Papaya,Millets
Rajasthan,Dholpur,Alluvial Soil,Whole Year,22.2,68,79.7,Coconut,Maize
Rajasthan,Dholpur,Red Soil,Whole Year,19.9,48,144.9,Maize,Pulses
Rajasthan,Dholpur,Sandy Soil,Rabi,33.9,73,76.9,Muskmelon,Watermelon
Rajasthan,Dholpur,Loamy Soil,Zaid,23.0,83,302.5,Rice,Rice
Rajasthan,Dholpur,Sandy Soil,Rabi,37.3,74,225.6,Jute,Groundnut
Rajasthan,Dholpur,Sandy Soil,Rabi,23.1,56,324.2,Mango,Muskmelon
Rajasthan,Dholpur,Loamy Soil,Whole Year,28.9,94,193.7,Banana,Sugarcane
Rajasthan,Dholpur,Alluvial Soil,Rabi,33.1,42,302.0,Mango,Rice
Rajasthan,Dholpur,Sandy Soil,Kharif,24.6,81,277.1,Rice,Muskmelon
Rajasthan,Dholpur,Red Soil,Zaid,37.3,79,184.7,Chickpea,Groundnut
Rajasthan,Dholpur,Sandy Soil,Kharif,32.7,56,96.4,Orange,Watermelon
Rajasthan,Dholpur,Red Soil,Kharif,26.1,80,199.5,Coconut,Pulses
Rajasthan,Dholpur,Laterite Soil,Kharif,35.3,71,131.1,Pomegranate,Cashew
Rajasthan,Dholpur,Loamy Soil,Whole Year,20.9,70,304.1,Mungbean,Sugarcane
Rajasthan,Dholpur,Sandy Soil,Zaid,24.0,65,249.2,Pigeonpeas,Watermelon
Rajasthan,Dungarpur,Loamy Soil,Whole Year,34.9,90,64.0,Kidneybeans,Sugarcane
Rajasthan,Dungarpur,Alluvial Soil,Kharif,31.3,71,197.5,Papaya,Rice
Rajasthan,Dungarpur,Laterite Soil,Kharif,22.1,90,102.8,Apple,Tea
Rajasthan,Dungarpur,Red Soil,Whole Year,34.0,45,66.5,Lentil,Groundnut
Rajasthan,Dungarpur,Laterite Soil,Kharif,37.4,53,261.1,Pomegranate,Cashew
Rajasthan,Dungarpur,Red Soil,Whole Year,38.9,72,109.5,Jute,Groundnut
Rajasthan,Dungarpur,Alluvial Soil,Whole Year,35.1,94,299.6,Mothbeans,Wheat
Rajasthan,Dungarpur,Black Soil,Zaid,25.4,42,331.7,Pomegranate,Cotton
Rajasthan,Dungarpur,Loamy Soil,Whole Year,39.7,54,113.2,Lentil,Maize
Rajasthan,Dungarpur,Loamy Soil,Zaid,34.7,72,183.9,Mungbean,Sugarcane
Rajasthan,Dungarpur,Red Soil,Whole Year,18.4,53,68.1,Muskmelon,Groundnut
Rajasthan,Dungarpur,Laterite Soil,Zaid,20.0,48,84.2,Papaya,Coffee
Rajasthan,Dungarpur,Laterite Soil,Whole Year,27.2,93,279.6,Apple,Coffee
Rajasthan,Dungarpur,Laterite Soil,Rabi,28.4,41,83.5,Coffee,Coffee
Rajasthan,Dungarpur,Black Soil,Kharif,32.7,44,224.3,Coconut,Cotton
Rajasthan,Dungarpur,Black Soil,Kharif,30.2,50,284.2,Orange,Soybean
Rajasthan,Dungarpur,Laterite Soil,Zaid,27.8,68,38.0,Mothbeans,Tea
Rajasthan,Dungarpur,Sandy Soil,Zaid,34.4,54,239.5,Muskmelon,Muskmelon
Rajasthan,Dungarpur,Alluvial Soil,Whole Year,34.9,90,77.3,Mango,Maize
Rajasthan,Dungarpur,Laterite Soil,Rabi,37.8,70,131.3,Mango,Tea
Rajasthan,Ganganagar,Red Soil,Kharif,29.9,40,205.8,Mango,Millets
Rajasthan,Ganganagar,Laterite Soil,Kharif,20.6,93,59.8,Kidneybeans,Cashew
Rajasthan,Ganganagar,Alluvial Soil,Zaid,30.8,72,302.8,Mothbeans,Wheat
Rajasthan,Ganganagar,Laterite Soil,Rabi,26.8,78,317.9,Pigeonpeas,Tea
Rajasthan,Ganganagar,Laterite Soil,Kharif,26.3,50,224.5,Chickpea,Tea
Rajasthan,Ganganagar,Red Soil,Rabi,22.5,53,301.5,Kidneybeans,Groundnut
Rajasthan,Ganganagar,Black Soil,Whole Year,21.9,58,211.5,Apple,Cotton
Rajasthan,Ganganagar,Sandy Soil,Kharif,36.2,62,156.0,Lentil,Muskmelon
Rajasthan,Ganganagar,Red Soil,Whole Year,31.7,81,285.2,Mothbeans,Groundnut
Rajasthan,Ganganagar,Black Soil,Kharif,34.0,56,233.3,Jute,Jowar
Rajasthan,Ganganagar,Sandy Soil,Kharif,27.2,74,86.2,Cotton,Groundnut
Rajasthan,Ganganagar,Alluvial Soil,Rabi,33.0,66,191.8,Grapes,Sugarcane
Rajasthan,Ganganagar,Loamy Soil,Rabi,20.8,81,195.3,Cotton,Maize
Rajasthan,Ganganagar,Red Soil,Kharif,30.4,91,97.7,Cotton,Millets
Rajasthan,Ganganagar,Loamy Soil,Kharif,31.6,95,100.0,Grapes,Wheat
Rajasthan,Ganganagar,Laterite Soil,Rabi,27.2,61,151.6,Pigeonpeas,Cashew
Rajasthan,Ganganagar,Alluvial Soil,Zaid,39.5,85,271.3,Orange,Wheat
Rajasthan,Ganganagar,Loamy Soil,Whole Year,21.1,90,331.5,Cotton,Rice
Rajasthan,Ganganagar,Laterite Soil,Kharif,20.6,90,215.5,Papaya,Tea
Rajasthan,Ganganagar,Laterite Soil,Whole Year,36.8,56,317.3,Mungbean,Coffee
Rajasthan,Hanumangarh,Red Soil,Kharif,36.5,72,335.6,Mungbean,Groundnut
Rajasthan,Hanumangarh,Black Soil,Kharif,19.2,61,45.4,Coffee,Jowar
Rajasthan,Hanumangarh,Black Soil,Kharif,32.5,73,189.3,Coconut,Jowar
Rajasthan,Hanumangarh,Alluvial Soil,Rabi,36.6,79,235.2,Pomegranate,Maize
Rajasthan,Hanumangarh,Laterite Soil,Whole Year,19.8,52,64.1,Jute,Cashew
Rajasthan,Hanumangarh,Black Soil,Whole Year,27.7,75,308.9,Mango,Jowar
Rajasthan,Hanumangarh,Red Soil,Kharif,30.4,50,212.7,Lentil,Pulses
Rajasthan,Hanumangarh,Laterite Soil,Rabi,19.1,72,341.5,Banana,Tea
Rajasthan,Hanumangarh,Red Soil,Rabi,20.8,69,159.2,Blackgram,Groundnut
Rajasthan,Hanumangarh,Sandy Soil,Zaid,24.5,46,219.0,Mothbeans,Groundnut
Rajasthan,Hanumangarh,Laterite Soil,Rabi,20.9,88,158.5,Cotton,Tea
Rajasthan,Hanumangarh,Loamy Soil,Kharif,26.9,77,98.6,Mango,Maize
Rajasthan,Hanumangarh,Sandy Soil,Zaid,19.2,88,260.1,Apple,Groundnut
Rajasthan,Hanumangarh,Black Soil,Whole Year,30.7,72,161.5,Orange,Soybean
Rajasthan,Hanumangarh,Red Soil,Kharif,35.5,77,206.8,Pomegranate,Groundnut
Rajasthan,Hanumangarh,Laterite Soil,Kharif,20.3,56,63.9,Grapes,Coffee
Rajasthan,Hanumangarh,Sandy Soil,Kharif,36.8,89,78.3,Kidneybeans,Groundnut
Rajasthan,Hanumangarh,Red Soil,Kharif,36.1,81,183.1,Jute,Millets
Rajasthan,Hanumangarh,Loamy Soil,Rabi,33.9,60,114.2,Grapes,Maize
Rajasthan,Hanumangarh,Alluvial Soil,Zaid,21.1,95,334.1,Papaya,Wheat
Rajasthan,Jaipur,Laterite Soil,Rabi,39.7,93,241.9,Kidneybeans,Tea
Rajasthan,Jaipur,Alluvial Soil,Whole Year,25.3,55,259.9,Jute,Wheat
Rajasthan,Jaipur,Laterite Soil,Whole Year,28.9,87,112.3,Coconut,Tea
Rajasthan,Jaipur,Black Soil,Rabi,22.3,65,22.7,Mungbean,Jowar
Rajasthan,Jaipur,Sandy Soil,Whole Year,22.6,84,125.7,Apple,Watermelon
Rajasthan,Jaipur,Alluvial Soil,Whole Year,24.9,46,298.6,Blackgram,Maize
Rajasthan,Jaipur,Sandy Soil,Whole Year,36.9,69,324.9,Jute,Watermelon
Rajasthan,Jaipur,Laterite Soil,Rabi,24.1,54,115.2,Kidneybeans,Cashew
Rajasthan,Jaipur,Red Soil,Zaid,25.3,51,37.8,Orange,Groundnut
Rajasthan,Jaipur,Black Soil,Whole Year,28.2,67,263.7,Mungbean,Cotton
Rajasthan,Jaipur,Alluvial Soil,Zaid,25.7,59,199.7,Mungbean,Rice
Rajasthan,Jaipur,Red Soil,Rabi,22.9,62,91.0,Pigeonpeas,Groundnut
Rajasthan,Jaipur,Alluvial Soil,Rabi,38.9,81,24.8,Pomegranate,Maize
Rajasthan,Jaipur,Laterite Soil,Zaid,22.3,87,90.3,Pigeonpeas,Cashew
Rajasthan,Jaipur,Laterite Soil,Whole Year,23.3,71,152.9,Pigeonpeas,Tea
Rajasthan,Jaipur,Alluvial Soil,Rabi,18.6,85,101.8,Mothbeans,Wheat
Rajasthan,Jaipur,Sandy Soil,Rabi,31.9,70,243.7,Muskmelon,Groundnut
Rajasthan,Jaipur,Alluvial Soil,Whole Year,24.2,75,349.9,Banana,Wheat
Rajasthan,Jaipur,Laterite Soil,Whole Year,32.9,87,119.4,Chickpea,Cashew
Rajasthan,Jaipur,Laterite Soil,Zaid,25.4,51,228.5,Kidneybeans,Cashew
Rajasthan,Jaisalmer,Laterite Soil,Zaid,28.1,48,274.3,Mungbean,Cashew
Rajasthan,Jaisalmer,Laterite Soil,Kharif,24.9,43,124.9,Jute,Tea
Rajasthan,Jaisalmer,Laterite Soil,Kharif,39.6,58,156.2,Muskmelon,Coffee
Rajasthan,Jaisalmer,Laterite Soil,Zaid,33.9,64,39.3,Kidneybeans,Cashew
Rajasthan,Jaisalmer,Loamy Soil,Whole Year,34.3,68,62.8,Pigeonpeas,Maize
Rajasthan,Jaisalmer,Sandy Soil,Rabi,20.1,60,129.7,Rice,Muskmelon
Rajasthan,Jaisalmer,Loamy Soil,Zaid,20.4,52,124.6,Mothbeans,Maize
Rajasthan,Jaisalmer,Loamy Soil,Kharif,38.3,59,323.4,Mango,Sugarcane
Rajasthan,Jaisalmer,Loamy Soil,Zaid,19.3,81,74.7,Muskmelon,Wheat
Rajasthan,Jaisalmer,Alluvial Soil,Whole Year,20.9,82,110.9,Mothbeans,Maize
Rajasthan,Jaisalmer,Red Soil,Whole Year,26.8,67,114.5,Chickpea,Groundnut
Rajasthan,Jaisalmer,Alluvial Soil,Rabi,19.1,79,143.1,Pomegranate,Sugarcane
Rajasthan,Jaisalmer,Black Soil,Kharif,37.7,45,117.9,Rice,Cotton
Rajasthan,Jaisalmer,Loamy Soil,Zaid,24.8,41,295.3,Grapes,Rice
Rajasthan,Jaisalmer,Black Soil,Kharif,25.3,81,49.7,Cotton,Jowar
Rajasthan,Jaisalmer,Red Soil,Rabi,26.9,40,129.4,Chickpea,Millets
Rajasthan,Jaisalmer,Alluvial Soil,Zaid,40.0,45,330.8,Grapes,Maize
Rajasthan,Jaisalmer,Alluvial Soil,Rabi,19.4,54,244.2,Jute,Maize
Rajasthan,Jaisalmer,Loamy Soil,Whole Year,29.5,58,129.1,Pomegranate,Wheat
Rajasthan,Jaisalmer,Black Soil,Kharif,30.3,87,146.6,Jute,Jowar
Rajasthan,Jalore,Sandy Soil,Kharif,36.1,44,97.4,Chickpea,Muskmelon
Rajasthan,Jalore,Laterite Soil,Zaid,18.3,95,40.8,Coconut,Coffee
Rajasthan,Jalore,Red Soil,Rabi,31.1,86,167.6,Grapes,Millets
Rajasthan,Jalore,Red Soil,Whole Year,38.8,58,265.4,Mungbean,Millets
Rajasthan,Jalore,Loamy Soil,Kharif,26.8,90,257.4,Kidneybeans,Rice
Rajasthan,Jalore,Laterite Soil,Whole Year,20.9,71,73.4,Jute,Tea
Rajasthan,Jalore,Loamy Soil,Zaid,39.5,83,206.2,Blackgram,Maize
Rajasthan,Jalore,Red Soil,Whole Year,34.3,76,69.4,Rice,Millets
Rajasthan,Jalore,Loamy Soil,Whole Year,34.2,69,295.6,Orange,Maize
Rajasthan,Jalore,Loamy Soil,Kharif,24.4,59,208.7,Pigeonpeas,Maize
Rajasthan,Jalore,Black Soil,Kharif,26.6,85,110.6,Apple,Soybean
Rajasthan,Jalore,Laterite Soil,Kharif,24.5,40,40.2,Jute,Tea
Rajasthan,Jalore,Black Soil,Zaid,21.7,93,135.6,Mungbean,Cotton
Rajasthan,Jalore,Sandy Soil,Zaid,33.6,69,121.4,Kidneybeans,Watermelon
Rajasthan,Jalore,Laterite Soil,Whole Year,30.9,70,217.9,Rice,Coffee
Rajasthan,Jalore,Black Soil,Zaid,32.1,51,250.4,Apple,Cotton
Rajasthan,Jalore,Laterite Soil,Zaid,25.7,53,221.3,Jute,Tea
Rajasthan,Jalore,Laterite Soil,Whole Year,23.3,66,231.5,Maize,Cashew
Rajasthan,Jalore,Sandy Soil,Zaid,29.7,54,321.3,Muskmelon,Muskmelon
Rajasthan,Jalore,Loamy Soil,Whole Year,20.9,73,45.2,Coconut,Sugarcane
Rajasthan,Jhalawar,Black Soil,Kharif,36.1,84,267.5,Coconut,Jowar
Rajasthan,Jhalawar,Loamy Soil,Kharif,21.0,48,84.0,Coconut,Maize
Rajasthan,Jhalawar,Laterite Soil,Zaid,29.5,70,224.3,Maize,Coffee
Rajasthan,Jhalawar,Red Soil,Whole Year,23.5,63,345.8,Orange,Pulses
Rajasthan,Jhalawar,Red Soil,Whole Year,26.7,80,193.7,Coffee,Millets
Rajasthan,Jhalawar,Alluvial Soil,Rabi,34.7,80,141.5,Grapes,Sugarcane
Rajasthan,Jhalawar,Laterite Soil,Rabi,24.5,90,255.2,Coffee,Tea
Rajasthan,Jhalawar,Black Soil,Kharif,37.6,94,247.5,Mothbeans,Cotton
Rajasthan,Jhalawar,Loamy Soil,Rabi,28.1,94,284.5,Maize,Rice
Rajasthan,Jhalawar,Sandy Soil,Zaid,23.7,88,194.6,Coffee,Groundnut
Rajasthan,Jhalawar,Black Soil,Rabi,21.0,77,230.0,Papaya,Soybean
Rajasthan,Jhalawar,Alluvial Soil,Rabi,22.1,68,78.4,Jute,Wheat
Rajasthan,Jhalawar,Laterite Soil,Kharif,33.5,78,201.6,Jute,Cashew
Rajasthan,Jhalawar,Sandy Soil,Zaid,20.6,41,333.1,Banana,Groundnut
Rajasthan,Jhalawar,Red Soil,Zaid,19.9,49,255.2,Grapes,Pulses
Rajasthan,Jhalawar,Loamy Soil,Kharif,31.8,70,85.0,Chickpea,Sugarcane
Rajasthan,Jhalawar,Red Soil,Zaid,31.6,83,36.5,Banana,Pulses
Rajasthan,Jhalawar,Black Soil,Zaid,34.1,66,47.9,Muskmelon,Soybean
Rajasthan,Jhalawar,Black Soil,Kharif,26.7,69,304.0,Papaya,Cotton
Rajasthan,Jhalawar,Alluvial Soil,Zaid,18.7,54,303.8,Maize,Wheat
Rajasthan,Jhunjhunu,Laterite Soil,Kharif,25.8,84,235.9,Kidneybeans,Coffee
Rajasthan,Jhunjhunu,Loamy Soil,Kharif,19.7,50,323.8,Coconut,Rice
Rajasthan,Jhunjhunu,Red Soil,Whole Year,24.0,61,192.2,Muskmelon,Pulses
Rajasthan,Jhunjhunu,Sandy Soil,Zaid,18.7,67,244.3,Grapes,Groundnut
Rajasthan,Jhunjhunu,Laterite Soil,Whole Year,25.8,71,267.4,Blackgram,Cashew
Rajasthan,Jhunjhunu,Red Soil,Rabi,23.3,67,61.6,Pigeonpeas,Millets
Rajasthan,Jhunjhunu,Loamy Soil,Zaid,39.7,51,294.2,Mango,Wheat
Rajasthan,Jhunjhunu,Loamy Soil,Kharif,25.8,73,185.3,Mungbean,Sugarcane
Rajasthan,Jhunjhunu,Laterite Soil,Kharif,31.1,83,282.0,Cotton,Cashew
Rajasthan,Jhunjhunu,Loamy Soil,Whole Year,30.0,77,344.6,Kidneybeans,Maize
Rajasthan,Jhunjhunu,Red Soil,Zaid,29.5,85,315.1,Jute,Millets
Rajasthan,Jhunjhunu,Loamy Soil,Rabi,38.6,82,37.1,Coffee,Sugarcane
Rajasthan,Jhunjhunu,Alluvial Soil,Whole Year,20.3,49,198.1,Pigeonpeas,Sugarcane
Rajasthan,Jhunjhunu,Laterite Soil,Whole Year,34.7,69,319.3,Coconut,Coffee
Rajasthan,Jhunjhunu,Alluvial Soil,Whole Year,39.7,49,202.8,Mungbean,Rice
Rajasthan,Jhunjhunu,Alluvial Soil,Whole Year,32.4,83,46.9,Kidneybeans,Rice
Rajasthan,Jhunjhunu,Red Soil,Kharif,33.1,81,269.4,Mungbean,Groundnut
Rajasthan,Jhunjhunu,Loamy Soil,Kharif,32.7,60,58.4,Pigeonpeas,Maize
Rajasthan,Jhunjhunu,Red Soil,Zaid,23.1,74,117.0,Coconut,Millets
Rajasthan,Jhunjhunu,Alluvial Soil,Rabi,35.5,45,252.3,Mango,Maize
Rajasthan,Jodhpur,Sandy Soil,Kharif,27.6,62,225.7,Mungbean,Muskmelon
Rajasthan,Jodhpur,Sandy Soil,Rabi,29.0,65,169.0,Kidneybeans,Watermelon
Rajasthan,Jodhpur,Loamy Soil,Kharif,33.8,45,227.6,Mothbeans,Maize
Rajasthan,Jodhpur,Black Soil,Kharif,18.5,61,66.0,Grapes,Jowar
Rajasthan,Jodhpur,Loamy Soil,Kharif,29.3,52,278.2,Mango,Sugarcane
Rajasthan,Jodhpur,Alluvial Soil,Zaid,36.4,57,300.3,Kidneybeans,Sugarcane
Rajasthan,Jodhpur,Alluvial Soil,Kharif,20.4,68,58.7,Mothbeans,Sugarcane
Rajasthan,Jodhpur,Red Soil,Zaid,28.7,59,159.4,Jute,Pulses
Rajasthan,Jodhpur,Laterite Soil,Zaid,24.6,80,35.5,Coconut,Cashew
Rajasthan,Jodhpur,Black Soil,Kharif,20.3,54,303.7,Coffee,Cotton
Rajasthan,Jodhpur,Black Soil,Zaid,20.5,43,43.3,Papaya,Jowar
Rajasthan,Jodhpur,Laterite Soil,Zaid,35.9,47,63.5,Chickpea,Tea
Rajasthan,Jodhpur,Sandy Soil,Whole Year,27.5,77,146.3,Orange,Watermelon
Rajasthan,Jodhpur,Sandy Soil,Rabi,33.6,53,111.0,Lentil,Muskmelon
Rajasthan,Jodhpur,Loamy Soil,Kharif,36.9,60,225.5,Watermelon,Wheat
Rajasthan,Jodhpur,Black Soil,Zaid,37.1,90,28.3,Chickpea,Cotton
Rajasthan,Jodhpur,Laterite Soil,Rabi,19.5,43,316.8,Mango,Tea
Rajasthan,Jodhpur,Laterite Soil,Zaid,35.5,88,29.7,Banana,Tea
Rajasthan,Jodhpur,Alluvial Soil,Kharif,22.0,78,47.5,Mango,Wheat
Rajasthan,Jodhpur,Sandy Soil,Zaid,21.2,41,231.7,Mungbean,Groundnut
Rajasthan,Karauli,Laterite Soil,Whole Year,31.3,51,52.2,Coconut,Coffee
Rajasthan,Karauli,Sandy Soil,Zaid,34.8,51,67.6,Pomegranate,Groundnut
Rajasthan,Karauli,Loamy Soil,Kharif,31.3,78,170.9,Mungbean,Wheat
Rajasthan,Karauli,Loamy Soil,Rabi,31.1,59,162.4,Blackgram,Sugarcane
Rajasthan,Karauli,Black Soil,Rabi,27.7,86,338.4,Chickpea,Jowar
Rajasthan,Karauli,Sandy Soil,Rabi,26.9,45,32.3,Watermelon,Muskmelon
Rajasthan,Karauli,Red Soil,Rabi,37.6,42,172.8,Maize,Groundnut
Rajasthan,Karauli,Black Soil,Zaid,19.1,68,95.2,Papaya,Jowar
Rajasthan,Karauli,Black Soil,Rabi,18.7,85,159.8,Blackgram,Cotton
Rajasthan,Karauli,Loamy Soil,Whole Year,32.8,49,289.1,Muskmelon,Maize
Rajasthan,Karauli,Sandy Soil,Zaid,23.3,55,54.2,Maize,Muskmelon
Rajasthan,Karauli,Red Soil,Whole Year,28.7,86,83.0,Lentil,Pulses
Rajasthan,Karauli,Laterite Soil,Zaid,34.7,73,333.9,Blackgram,Coffee
Rajasthan,Karauli,Black Soil,Kharif,38.7,70,243.5,Chickpea,Soybean
Rajasthan,Karauli,Laterite Soil,Whole Year,32.7,54,134.7,Mungbean,Cashew
Rajasthan,Karauli,Black Soil,Zaid,21.0,81,341.1,Orange,Soybean
Rajasthan,Karauli,Alluvial Soil,Zaid,38.5,46,210.7,Lentil,Maize
Rajasthan,Karauli,Red Soil,Zaid,37.7,57,212.0,Apple,Groundnut
Rajasthan,Karauli,Red Soil,Zaid,31.8,81,274.9,Kidneybeans,Millets
Rajasthan,Karauli,Alluvial Soil,Whole Year,27.4,83,46.7,Kidneybeans,Wheat
Rajasthan,Kota,Alluvial Soil,Rabi,31.5,72,270.7,Blackgram,Maize
Rajasthan,Kota,Laterite Soil,Kharif,39.5,41,303.3,Jute,Tea
Rajasthan,Kota,Black Soil,Rabi,22.4,75,96.5,Mungbean,Jowar
Rajasthan,Kota,Loamy Soil,Whole Year,26.3,62,271.2,Mango,Maize
Rajasthan,Kota,Black Soil,Kharif,23.2,57,77.7,Maize,Jowar
Rajasthan,Kota,Sandy Soil,Rabi,34.3,92,224.0,Kidneybeans,Muskmelon
Rajasthan,Kota,Sandy Soil,Zaid,30.9,66,156.8,Mango,Groundnut
Rajasthan,Kota,Alluvial Soil,Kharif,32.4,82,263.5,Pigeonpeas,Wheat
Rajasthan,Kota,Alluvial Soil,Rabi,34.2,61,139.2,Apple,Rice
Rajasthan,Kota,Loamy Soil,Kharif,36.0,44,317.3,Blackgram,Rice
Rajasthan,Kota,Loamy Soil,Zaid,28.7,49,131.2,Chickpea,Maize
Rajasthan,Kota,Red Soil,Kharif,23.9,72,314.6,Pomegranate,Pulses
Rajasthan,Kota,Laterite Soil,Zaid,34.0,83,239.2,Kidneybeans,Tea
Rajasthan,Kota,Alluvial Soil,Whole Year,36.1,42,284.5,Apple,Rice
Rajasthan,Kota,Red Soil,Rabi,30.5,82,267.7,Orange,Millets
Rajasthan,Kota,Black Soil,Zaid,31.0,71,194.8,Rice,Cotton
Rajasthan,Kota,Red Soil,Rabi,25.8,85,242.8,Banana,Millets
Rajasthan,Kota,Alluvial Soil,Whole Year,35.7,59,58.2,Mothbeans,Sugarcane
Rajasthan,Kota,Loamy Soil,Rabi,24.7,78,221.7,Chickpea,Sugarcane
Rajasthan,Kota,Laterite Soil,Zaid,35.4,81,149.1,Lentil,Cashew
Rajasthan,Nagaur,Laterite Soil,Whole Year,23.2,73,131.0,Mothbeans,Tea
Rajasthan,Nagaur,Black Soil,Rabi,19.6,50,174.0,Chickpea,Soybean
Rajasthan,Nagaur,Black Soil,Whole Year,27.3,77,286.6,Chickpea,Cotton
Rajasthan,Nagaur,Loamy Soil,Zaid,20.6,87,86.5,Blackgram,Wheat
Rajasthan,Nagaur,Red Soil,Rabi,20.5,60,124.5,Mango,Groundnut
Rajasthan,Nagaur,Sandy Soil,Kharif,22.2,50,325.2,Blackgram,Watermelon
Rajasthan,Nagaur,Loamy Soil,Rabi,34.6,45,308.4,Orange,Maize
Rajasthan,Nagaur,Alluvial Soil,Zaid,29.3,63,303.9,Rice,Rice
Rajasthan,Nagaur,Sandy Soil,Zaid,38.3,87,74.0,Coconut,Muskmelon
Rajasthan,Nagaur,Loamy Soil,Kharif,33.4,87,332.6,Blackgram,Sugarcane
Rajasthan,Nagaur,Laterite Soil,Zaid,35.3,81,323.8,Maize,Coffee
Rajasthan,Nagaur,Laterite Soil,Whole Year,25.2,64,100.7,Chickpea,Cashew
Rajasthan,Nagaur,Red Soil,Rabi,20.5,44,268.9,Watermelon,Pulses
Rajasthan,Nagaur,Alluvial Soil,Kharif,24.5,63,154.0,Pomegranate,Rice
Rajasthan,Nagaur,Red Soil,Rabi,30.2,66,86.7,Pigeonpeas,Millets
Rajasthan,Nagaur,Laterite Soil,Whole Year,25.8,77,118.0,Cotton,Tea
Rajasthan,Nagaur,Laterite Soil,Whole Year,32.3,78,209.0,Cotton,Tea
Rajasthan,Nagaur,Laterite Soil,Rabi,22.8,76,67.9,Cotton,Tea
Rajasthan,Nagaur,Sandy Soil,Zaid,31.4,92,118.5,Maize,Groundnut
Rajasthan,Nagaur,Sandy Soil,Whole Year,37.6,92,187.0,Mothbeans,Groundnut
Rajasthan,Pali,Sandy Soil,Rabi,36.4,68,177.6,Rice,Groundnut
Rajasthan,Pali,Alluvial Soil,Rabi,18.5,64,341.3,Kidneybeans,Wheat
Rajasthan,Pali,Black Soil,Kharif,32.3,88,205.3,Orange,Cotton
Rajasthan,Pali,Sandy Soil,Zaid,28.1,81,264.0,Orange,Muskmelon
Rajasthan,Pali,Loamy Soil,Zaid,18.1,48,39.1,Mango,Sugarcane
Rajasthan,Pali,Laterite Soil,Kharif,26.4,65,222.6,Kidneybeans,Tea
Rajasthan,Pali,Red Soil,Whole Year,20.2,71,272.0,Papaya,Pulses
Rajasthan,Pali,Sandy Soil,Zaid,30.3,55,188.4,Mothbeans,Watermelon
Rajasthan,Pali,Black Soil,Zaid,35.3,61,24.4,Pigeonpeas,Soybean
Rajasthan,Pali,Sandy Soil,Whole Year,40.0,92,110.5,Rice,Groundnut
Rajasthan,Pali,Black Soil,Whole Year,27.2,95,265.0,Grapes,Soybean
Rajasthan,Pali,Loamy Soil,Zaid,27.6,77,43.5,Orange,Rice
Rajasthan,Pali,Black Soil,Zaid,34.4,44,280.2,Apple,Cotton
Rajasthan,Pali,Sandy Soil,Zaid,20.8,90,300.7,Grapes,Watermelon
Rajasthan,Pali,Black Soil,Zaid,30.3,57,228.1,Banana,Cotton
Rajasthan,Pali,Laterite Soil,Kharif,33.2,43,95.3,Coconut,Cashew
Rajasthan,Pali,Loamy Soil,Whole Year,22.8,71,282.6,Orange,Wheat
Rajasthan,Pali,Red Soil,Whole Year,19.7,72,44.0,Papaya,Groundnut
Rajasthan,Pali,Alluvial Soil,Kharif,35.7,83,113.9,Mothbeans,Maize
Rajasthan,Pali,Alluvial Soil,Rabi,27.9,60,66.5,Papaya,Sugarcane
Rajasthan,Pratapgarh,Laterite Soil,Kharif,33.0,93,162.1,Mungbean,Coffee
Rajasthan,Pratapgarh,Alluvial Soil,Zaid,30.0,86,272.6,Kidneybeans,Sugarcane
Rajasthan,Pratapgarh,Laterite Soil,Rabi,33.1,64,231.6,Blackgram,Tea
Rajasthan,Pratapgarh,Laterite Soil,Zaid,38.1,69,332.9,Mango,Tea
Rajasthan,Pratapgarh,Alluvial Soil,Whole Year,20.3,75,313.3,Papaya,Sugarcane
Rajasthan,Pratapgarh,Sandy Soil,Rabi,25.2,55,210.0,Pomegranate,Groundnut
Rajasthan,Pratapgarh,Sandy Soil,Rabi,33.8,81,86.7,Chickpea,Watermelon
Rajasthan,Pratapgarh,Red Soil,Rabi,21.3,72,192.8,Muskmelon,Pulses
Rajasthan,Pratapgarh,Sandy Soil,Whole Year,27.8,69,29.9,Orange,Watermelon
Rajasthan,Pratapgarh,Sandy Soil,Rabi,29.4,47,181.3,Grapes,Watermelon
Rajasthan,Pratapgarh,Loamy Soil,Rabi,39.0,61,302.0,Kidneybeans,Sugarcane
Rajasthan,Pratapgarh,Sandy Soil,Whole Year,27.7,67,326.7,Mungbean,Groundnut
Rajasthan,Pratapgarh,Alluvial Soil,Whole Year,30.8,40,178.2,Coffee,Wheat
Rajasthan,Pratapgarh,Red Soil,Whole Year,24.8,88,125.1,Blackgram,Groundnut
Rajasthan,Pratapgarh,Sandy Soil,Rabi,27.1,56,340.9,Lentil,Watermelon
Rajasthan,Pratapgarh,Red Soil,Zaid,24.2,70,310.8,Papaya,Groundnut
Rajasthan,Pratapgarh,Red Soil,Zaid,32.2,56,220.5,Muskmelon,Groundnut
Rajasthan,Pratapgarh,Laterite Soil,Whole Year,29.7,48,195.9,Mungbean,Coffee
Rajasthan,Pratapgarh,Sandy Soil,Zaid,22.3,90,71.1,Cotton,Muskmelon
Rajasthan,Pratapgarh,Alluvial Soil,Whole Year,25.6,58,84.7,Kidneybeans,Maize
Rajasthan,Rajsamand,Sandy Soil,Kharif,37.2,40,328.0,Jute,Watermelon
Rajasthan,Rajsamand,Alluvial Soil,Whole Year,22.7,54,32.7,Apple,Wheat
Rajasthan,Rajsamand,Black Soil,Rabi,29.4,87,129.9,Mango,Cotton
Rajasthan,Rajsamand,Laterite Soil,Zaid,36.6,84,37.2,Lentil,Tea
Rajasthan,Rajsamand,Black Soil,Zaid,25.0,58,319.8,Kidneybeans,Soybean
Rajasthan,Rajsamand,Alluvial Soil,Rabi,23.7,51,126.3,Apple,Rice
Rajasthan,Rajsamand,Loamy Soil,Zaid,38.2,78,135.1,Kidneybeans,Wheat
Rajasthan,Rajsamand,Loamy Soil,Whole Year,21.5,64,255.6,Mothbeans,Rice
Rajasthan,Rajsamand,Laterite Soil,Kharif,19.3,92,124.3,Watermelon,Coffee
Rajasthan,Rajsamand,Loamy Soil,Zaid,31.9,71,126.1,Rice,Maize
Rajasthan,Rajsamand,Red Soil,Rabi,24.9,65,317.6,Papaya,Millets
Rajasthan,Rajsamand,Black Soil,Whole Year,24.5,82,25.2,Banana,Jowar
Rajasthan,Rajsamand,Black Soil,Whole Year,36.4,77,80.6,Papaya,Soybean
Rajasthan,Rajsamand,Alluvial Soil,Kharif,23.8,63,246.9,Coconut,Rice
Rajasthan,Rajsamand,Loamy Soil,Whole Year,38.1,44,102.4,Kidneybeans,Wheat
Rajasthan,Rajsamand,Laterite Soil,Whole Year,36.6,73,109.6,Papaya,Cashew
Rajasthan,Rajsamand,Loamy Soil,Kharif,22.6,87,285.0,Rice,Rice
Rajasthan,Rajsamand,Red Soil,Whole Year,26.4,47,146.8,Jute,Pulses
Rajasthan,Rajsamand,Alluvial Soil,Kharif,37.4,68,341.7,Watermelon,Maize
Rajasthan,Rajsamand,Laterite Soil,Whole Year,37.9,89,332.1,Grapes,Cashew
Rajasthan,Sawai Madhopur,Red Soil,Zaid,32.6,75,200.0,Chickpea,Pulses
Rajasthan,Sawai Madhopur,Loamy Soil,Zaid,37.3,61,83.1,Mothbeans,Wheat
Rajasthan,Sawai Madhopur,Red Soil,Rabi,20.8,56,144.1,Cotton,Pulses
Rajasthan,Sawai Madhopur,Sandy Soil,Whole Year,23.1,94,344.6,Coffee,Muskmelon
Rajasthan,Sawai Madhopur,Sandy Soil,Rabi,35.2,60,59.5,Coffee,Groundnut
Rajasthan,Sawai Madhopur,Loamy Soil,Kharif,32.9,40,309.3,Blackgram,Sugarcane
Rajasthan,Sawai Madhopur,Alluvial Soil,Zaid,25.8,58,183.2,Pomegranate,Wheat
Rajasthan,Sawai Madhopur,Red Soil,Whole Year,26.8,75,146.0,Jute,Pulses
Rajasthan,Sawai Madhopur,Red Soil,Kharif,37.0,49,343.7,Apple,Millets
Rajasthan,Sawai Madhopur,Alluvial Soil,Zaid,24.6,52,96.7,Watermelon,Maize
Rajasthan,Sawai Madhopur,Alluvial Soil,Kharif,26.9,82,125.8,Grapes,Maize
Rajasthan,Sawai Madhopur,Laterite Soil,Kharif,29.5,91,302.2,Apple,Coffee
Rajasthan,Sawai Madhopur,Black Soil,Kharif,19.2,80,272.7,Pomegranate,Jowar
Rajasthan,Sawai Madhopur,Alluvial Soil,Kharif,20.8,75,322.4,Coconut,Sugarcane
Rajasthan,Sawai Madhopur,Red Soil,Rabi,34.1,67,100.6,Kidneybeans,Pulses
Rajasthan,Sawai Madhopur,Loamy Soil,Whole Year,32.0,66,21.6,Papaya,Maize
Rajasthan,Sawai Madhopur,Alluvial Soil,Rabi,18.1,50,100.9,Watermelon,Sugarcane
Rajasthan,Sawai Madhopur,Sandy Soil,Whole Year,27.4,82,27.4,Apple,Watermelon
Rajasthan,Sawai Madhopur,Red Soil,Whole Year,19.3,55,65.4,Coconut,Groundnut
Rajasthan,Sawai Madhopur,Sandy Soil,Rabi,35.3,44,285.2,Coffee,Watermelon
Rajasthan,Sikar,Loamy Soil,Rabi,39.6,70,262.9,Maize,Sugarcane
Rajasthan,Sikar,Red Soil,Kharif,23.9,45,38.8,Pigeonpeas,Pulses
Rajasthan,Sikar,Black Soil,Zaid,26.4,66,189.3,Apple,Cotton
Rajasthan,Sikar,Sandy Soil,Kharif,36.7,92,239.4,Watermelon,Groundnut
Rajasthan,Sikar,Red Soil,Zaid,36.8,91,281.3,Rice,Millets
Rajasthan,Sikar,Laterite Soil,Rabi,27.7,41,101.8,Watermelon,Tea
Rajasthan,Sikar,Red Soil,Whole Year,39.1,55,50.1,Coconut,Pulses
Rajasthan,Sikar,Red Soil,Zaid,26.9,89,156.2,Rice,Millets
Rajasthan,Sikar,Alluvial Soil,Rabi,25.8,52,241.1,Cotton,Sugarcane
Rajasthan,Sikar,Alluvial Soil,Whole Year,29.0,59,288.3,Chickpea,Sugarcane
Rajasthan,Sikar,Sandy Soil,Whole Year,37.1,52,203.5,Watermelon,Groundnut
Rajasthan,Sikar,Red Soil,Zaid,27.4,84,164.2,Lentil,Pulses
Rajasthan,Sikar,Laterite Soil,Kharif,24.2,49,186.5,Blackgram,Cashew
Rajasthan,Sikar,Red Soil,Zaid,32.7,62,270.0,Chickpea,Millets
Rajasthan,Sikar,Loamy Soil,Kharif,38.3,60,278.0,Jute,Maize
Rajasthan,Sikar,Loamy Soil,Zaid,19.7,61,282.7,Cotton,Maize
Rajasthan,Sikar,Black Soil,Whole Year,23.1,91,204.0,Coffee,Soybean
Rajasthan,Sikar,Loamy Soil,Rabi,20.8,93,261.6,Blackgram,Rice
Rajasthan,Sikar,Alluvial Soil,Zaid,18.3,54,49.2,Orange,Maize
Rajasthan,Sikar,Loamy Soil,Kharif,33.3,45,311.0,Cotton,Maize
Rajasthan,Sirohi,Red Soil,Zaid,34.4,48,237.7,Apple,Pulses
Rajasthan,Sirohi,Sandy Soil,Zaid,32.1,76,211.2,Orange,Groundnut
Rajasthan,Sirohi,Loamy Soil,Rabi,38.6,68,80.6,Coconut,Rice
Rajasthan,Sirohi,Loamy Soil,Kharif,19.7,84,38.6,Apple,Rice
Rajasthan,Sirohi,Red Soil,Whole Year,26.3,64,171.6,Watermelon,Millets
Rajasthan,Sirohi,Laterite Soil,Kharif,29.8,83,250.6,Pomegranate,Tea
Rajasthan,Sirohi,Loamy Soil,Kharif,32.1,58,22.1,Chickpea,Wheat
Rajasthan,Sirohi,Sandy Soil,Zaid,37.5,67,324.4,Grapes,Muskmelon
Rajasthan,Sirohi,Alluvial Soil,Kharif,26.7,92,25.8,Muskmelon,Wheat
Rajasthan,Sirohi,Alluvial Soil,Rabi,20.4,58,65.8,Blackgram,Sugarcane
Rajasthan,Sirohi,Loamy Soil,Kharif,36.3,45,152.0,Blackgram,Maize
Rajasthan,Sirohi,Red Soil,Whole Year,22.8,75,296.7,Maize,Millets
Rajasthan,Sirohi,Loamy Soil,Rabi,31.3,81,303.2,Lentil,Sugarcane
Rajasthan,Sirohi,Alluvial Soil,Kharif,39.9,50,240.1,Pigeonpeas,Sugarcane
Rajasthan,Sirohi,Loamy Soil,Rabi,37.5,75,40.9,Chickpea,Sugarcane
Rajasthan,Sirohi,Laterite Soil,Whole Year,30.9,60,245.8,Coffee,Coffee
Rajasthan,Sirohi,Black Soil,Kharif,26.5,59,128.2,Lentil,Cotton
Rajasthan,Sirohi,Red Soil,Rabi,30.1,44,303.7,Pigeonpeas,Groundnut
Rajasthan,Sirohi,Laterite Soil,Zaid,22.2,45,126.2,Orange,Tea
Rajasthan,Sirohi,Red Soil,Whole Year,35.5,45,224.4,Pigeonpeas,Groundnut
Rajasthan,Tonk,Alluvial Soil,Whole Year,27.7,87,45.2,Orange,Maize
Rajasthan,Tonk,Red Soil,Kharif,28.4,70,122.9,Pomegranate,Pulses
Rajasthan,Tonk,Red Soil,Whole Year,21.1,84,257.1,Mothbeans,Pulses
Rajasthan,Tonk,Black Soil,Whole Year,18.4,93,212.2,Watermelon,Soybean
Rajasthan,Tonk,Loamy Soil,Zaid,25.2,60,286.8,Jute,Rice
Rajasthan,Tonk,Alluvial Soil,Whole Year,25.4,46,263.5,Mothbeans,Maize
Rajasthan,Tonk,Red Soil,Kharif,26.0,62,229.8,Banana,Groundnut
Rajasthan,Tonk,Red Soil,Zaid,22.9,52,32.7,Coconut,Pulses
Rajasthan,Tonk,Sandy Soil,Rabi,23.4,45,344.3,Pomegranate,Watermelon
Rajasthan,Tonk,Laterite Soil,Kharif,36.2,94,54.5,Mango,Coffee
Rajasthan,Tonk,Laterite Soil,Kharif,37.5,72,227.1,Grapes,Tea
Rajasthan,Tonk,Sandy Soil,Kharif,35.6,58,315.3,Apple,Muskmelon
Rajasthan,Tonk,Sandy Soil,Rabi,27.6,78,45.3,Rice,Muskmelon
Rajasthan,Tonk,Red Soil,Zaid,33.6,92,275.8,Orange,Groundnut
Rajasthan,Tonk,Sandy Soil,Rabi,23.8,68,128.9,Cotton,Muskmelon
Rajasthan,Tonk,Red Soil,Zaid,19.2,53,289.3,Muskmelon,Pulses
Rajasthan,Tonk,Laterite Soil,Whole Year,38.2,57,291.8,Mango,Cashew
Rajasthan,Tonk,Loamy Soil,Rabi,37.3,71,238.7,Mango,Sugarcane
Rajasthan,Tonk,Laterite Soil,Rabi,29.8,46,280.2,Mungbean,Tea
Rajasthan,Tonk,Sandy Soil,Kharif,24.3,48,24.5,Pomegranate,Watermelon
Rajasthan,Udaipur,Alluvial Soil,Kharif,34.3,69,86.2,Kidneybeans,Maize
Rajasthan,Udaipur,Black Soil,Zaid,38.0,49,146.0,Muskmelon,Cotton
Rajasthan,Udaipur,Loamy Soil,Whole Year,34.7,82,342.9,Grapes,Sugarcane
Rajasthan,Udaipur,Red Soil,Whole Year,18.8,64,283.1,Blackgram,Groundnut
Rajasthan,Udaipur,Loamy Soil,Kharif,20.6,42,162.3,Jute,Wheat
Rajasthan,Udaipur,Sandy Soil,Rabi,19.1,86,160.3,Chickpea,Muskmelon
Rajasthan,Udaipur,Laterite Soil,Kharif,32.0,81,66.5,Muskmelon,Coffee
Rajasthan,Udaipur,Red Soil,Zaid,27.3,54,210.9,Grapes,Groundnut
Rajasthan,Udaipur,Laterite Soil,Rabi,32.8,49,127.3,Rice,Cashew
Rajasthan,Udaipur,Red Soil,Kharif,26.6,59,150.8,Banana,Millets
Rajasthan,Udaipur,Loamy Soil,Zaid,31.7,79,341.9,Watermelon,Wheat
Rajasthan,Udaipur,Black Soil,Rabi,40.0,89,162.7,Mothbeans,Jowar
Rajasthan,Udaipur,Sandy Soil,Kharif,18.1,87,142.5,Coffee,Groundnut
Rajasthan,Udaipur,Black Soil,Zaid,20.0,74,207.3,Maize,Jowar
Rajasthan,Udaipur,Red Soil,Kharif,22.2,92,336.5,Mothbeans,Groundnut
Rajasthan,Udaipur,Red Soil,Rabi,34.3,68,340.1,Mango,Millets
Rajasthan,Udaipur,Black Soil,Whole Year,30.3,81,239.6,Coconut,Cotton
Rajasthan,Udaipur,Alluvial Soil,Zaid,31.4,83,149.0,Coconut,Wheat
Rajasthan,Udaipur,Red Soil,Rabi,34.2,41,124.0,Maize,Pulses
Rajasthan,Udaipur,Laterite Soil,Kharif,20.2,48,291.8,Orange,Cashew
Punjab,Amritsar,Sandy Soil,Kharif,28.3,78,343.6,Maize,Watermelon
Punjab,Amritsar,Loamy Soil,Kharif,28.4,66,263.4,Blackgram,Rice
Punjab,Amritsar,Loamy Soil,Zaid,33.1,73,333.8,Pigeonpeas,Sugarcane
Punjab,Amritsar,Alluvial Soil,Kharif,26.6,48,126.4,Rice,Maize
Punjab,Amritsar,Alluvial Soil,Zaid,31.0,95,162.2,Coffee,Wheat
Punjab,Amritsar,Loamy Soil,Zaid,34.0,57,287.3,Mungbean,Maize
Punjab,Amritsar,Red Soil,Rabi,31.5,79,37.6,Mungbean,Groundnut
Punjab,Amritsar,Sandy Soil,Rabi,33.4,61,73.7,Mango,Groundnut
Punjab,Amritsar,Loamy Soil,Zaid,18.1,60,223.3,Blackgram,Maize
Punjab,Amritsar,Alluvial Soil,Kharif,26.8,56,272.2,Coffee,Maize
Punjab,Amritsar,Black Soil,Kharif,23.5,65,54.3,Orange,Cotton
Punjab,Amritsar,Red Soil,Kharif,32.3,71,84.2,Kidneybeans,Groundnut
Punjab,Amritsar,Loamy Soil,Rabi,26.6,88,25.5,Banana,Maize
Punjab,Amritsar,Alluvial Soil,Rabi,24.2,95,125.6,Muskmelon,Sugarcane
Punjab,Amritsar,Loamy Soil,Kharif,31.5,61,55.8,Maize,Maize
Punjab,Amritsar,Alluvial Soil,Whole Year,34.0,73,124.9,Apple,Sugarcane
Punjab,Amritsar,Red Soil,Rabi,37.5,60,31.9,Blackgram,Pulses
Punjab,Amritsar,Red Soil,Zaid,32.6,57,69.6,Pomegranate,Pulses
Punjab,Amritsar,Laterite Soil,Rabi,35.8,79,129.0,Pomegranate,Cashew
Punjab,Amritsar,Loamy Soil,Zaid,39.2,67,205.2,Banana,Sugarcane
Punjab,Barnala,Sandy Soil,Zaid,36.7,54,69.7,Pigeonpeas,Watermelon
Punjab,Barnala,Alluvial Soil,Zaid,18.3,61,310.9,Lentil,Sugarcane
Punjab,Barnala,Laterite Soil,Rabi,34.1,90,269.7,Coffee,Cashew
Punjab,Barnala,Alluvial Soil,Kharif,31.9,46,234.2,Lentil,Sugarcane
Punjab,Barnala,Sandy Soil,Zaid,29.4,77,310.1,Papaya,Muskmelon
Punjab,Barnala,Alluvial Soil,Whole Year,38.9,72,102.6,Mungbean,Sugarcane
Punjab,Barnala,Sandy Soil,Zaid,30.1,87,118.2,Coffee,Watermelon
Punjab,Barnala,Laterite Soil,Rabi,26.9,40,295.1,Grapes,Cashew
Punjab,Barnala,Red Soil,Kharif,21.6,44,74.5,Mungbean,Millets
Punjab,Barnala,Loamy Soil,Rabi,26.0,87,330.6,Blackgram,Maize
Punjab,Barnala,Sandy Soil,Zaid,37.7,71,62.4,Lentil,Watermelon
Punjab,Barnala,Laterite Soil,Rabi,33.0,94,233.3,Blackgram,Coffee
Punjab,Barnala,Red Soil,Kharif,19.2,80,344.0,Coffee,Groundnut
Punjab,Barnala,Laterite Soil,Whole Year,39.4,82,344.0,Mungbean,Cashew
Punjab,Barnala,Black Soil,Rabi,20.0,75,187.1,Papaya,Cotton
Punjab,Barnala,Alluvial Soil,Whole Year,30.7,51,152.2,Grapes,Maize
Punjab,Barnala,Loamy Soil,Kharif,22.0,41,339.2,Mothbeans,Wheat
Punjab,Barnala,Laterite Soil,Zaid,24.7,67,197.4,Lentil,Tea
Punjab,Barnala,Alluvial Soil,Zaid,32.8,53,52.3,Orange,Rice
Punjab,Barnala,Black Soil,Kharif,23.4,42,322.9,Banana,Jowar
Punjab,Bathinda,Loamy Soil,Rabi,20.6,45,318.9,Pomegranate,Sugarcane
Punjab,Bathinda,Loamy Soil,Zaid,38.7,69,294.0,Banana,Sugarcane
Punjab,Bathinda,Sandy Soil,Whole Year,34.2,83,44.4,Pomegranate,Groundnut
Punjab,Bathinda,Laterite Soil,Kharif,34.0,83,278.1,Blackgram,Cashew
Punjab,Bathinda,Loamy Soil,Zaid,33.6,41,229.7,Watermelon,Wheat
Punjab,Bathinda,Loamy Soil,Whole Year,28.5,79,301.7,Mungbean,Sugarcane
Punjab,Bathinda,Red Soil,Rabi,33.0,70,109.5,Rice,Millets
Punjab,Bathinda,Sandy Soil,Zaid,21.6,62,240.7,Chickpea,Groundnut
Punjab,Bathinda,Laterite Soil,Zaid,31.2,58,261.5,Coffee,Tea
Punjab,Bathinda,Red Soil,Whole Year,32.4,90,174.8,Lentil,Groundnut
Punjab,Bathinda,Black Soil,Whole Year,31.2,74,290.4,Lentil,Cotton
Punjab,Bathinda,Alluvial Soil,Whole Year,34.3,76,59.5,Orange,Maize
Punjab,Bathinda,Red Soil,Kharif,32.7,47,339.4,Banana,Millets
Punjab,Bathinda,Laterite Soil,Kharif,19.2,49,45.5,Papaya,Coffee
Punjab,Bathinda,Laterite Soil,Rabi,24.9,48,123.1,Lentil,Tea
Punjab,Bathinda,Alluvial Soil,Zaid,34.5,61,65.9,Jute,Sugarcane
Punjab,Bathinda,Red Soil,Rabi,31.7,46,93.5,Jute,Pulses
Punjab,Bathinda,Laterite Soil,Zaid,32.2,89,198.4,Grapes,Tea
Punjab,Bathinda,Laterite Soil,Zaid,28.8,41,185.0,Mango,Tea
Punjab,Bathinda,Red Soil,Whole Year,37.4,89,160.7,Mango,Groundnut
Punjab,Faridkot,Loamy Soil,Whole Year,25.6,58,156.7,Mothbeans,Sugarcane
Punjab,Faridkot,Loamy Soil,Rabi,25.7,56,62.7,Muskmelon,Maize
Punjab,Faridkot,Sandy Soil,Whole Year,30.3,44,321.1,Mungbean,Muskmelon
Punjab,Faridkot,Black Soil,Whole Year,19.2,74,332.4,Papaya,Jowar
Punjab,Faridkot,Alluvial Soil,Kharif,34.7,50,296.2,Maize,Sugarcane
Punjab,Faridkot,Black Soil,Rabi,24.0,65,300.3,Jute,Soybean
Punjab,Faridkot,Black Soil,Whole Year,35.0,67,318.9,Lentil,Jowar
Punjab,Faridkot,Loamy Soil,Rabi,32.7,47,180.7,Cotton,Sugarcane
Punjab,Faridkot,Red Soil,Kharif,37.2,52,115.3,Coconut,Pulses
Punjab,Faridkot,Red Soil,Zaid,26.0,58,139.7,Cotton,Pulses
Punjab,Faridkot,Red Soil,Whole Year,38.7,84,113.3,Watermelon,Groundnut
Punjab,Faridkot,Red Soil,Kharif,37.3,91,256.0,Mothbeans,Pulses
Punjab,Faridkot,Alluvial Soil,Kharif,18.0,47,210.6,Pigeonpeas,Rice
Punjab,Faridkot,Alluvial Soil,Rabi,35.2,93,296.7,Chickpea,Rice
Punjab,Faridkot,Red Soil,Rabi,18.0,87,134.0,Mothbeans,Groundnut
Punjab,Faridkot,Laterite Soil,Whole Year,23.5,46,253.4,Mothbeans,Cashew
Punjab,Faridkot,Alluvial Soil,Kharif,26.6,65,338.8,Banana,Maize
Punjab,Faridkot,Alluvial Soil,Zaid,31.6,53,141.9,Orange,Wheat
Punjab,Faridkot,Sandy Soil,Rabi,26.4,66,47.6,Kidneybeans,Watermelon
Punjab,Faridkot,Laterite Soil,Kharif,33.6,61,135.2,Cotton,Cashew
Punjab,Fatehgarh Sahib,Alluvial Soil,Kharif,34.1,46,309.8,Lentil,Wheat
Punjab,Fatehgarh Sahib,Loamy Soil,Kharif,21.6,42,320.4,Watermelon,Sugarcane
Punjab,Fatehgarh Sahib,Black Soil,Zaid,28.2,90,172.1,Maize,Soybean
Punjab,Fatehgarh Sahib,Alluvial Soil,Rabi,29.8,76,92.6,Coconut,Rice
Punjab,Fatehgarh Sahib,Red Soil,Kharif,30.3,90,117.4,Kidneybeans,Millets
Punjab,Fatehgarh Sahib,Alluvial Soil,Zaid,22.6,71,128.7,Coconut,Maize
Punjab,Fatehgarh Sahib,Alluvial Soil,Zaid,38.7,46,246.0,Coconut,Maize
Punjab,Fatehgarh Sahib,Sandy Soil,Whole Year,19.6,73,319.1,Chickpea,Muskmelon
Punjab,Fatehgarh Sahib,Black Soil,Whole Year,18.0,71,188.9,Rice,Jowar
Punjab,Fatehgarh Sahib,Laterite Soil,Whole Year,27.7,57,273.6,Rice,Tea
Punjab,Fatehgarh Sahib,Red Soil,Zaid,32.7,87,54.8,Maize,Pulses
Punjab,Fatehgarh Sahib,Red Soil,Kharif,32.8,89,154.9,Muskmelon,Millets
Punjab,Fatehgarh Sahib,Sandy Soil,Zaid,36.4,80,46.2,Coconut,Watermelon
Punjab,Fatehgarh Sahib,Black Soil,Zaid,27.4,69,227.2,Maize,Jowar
Punjab,Fatehgarh Sahib,Laterite Soil,Kharif,30.0,87,279.6,Maize,Cashew
Punjab,Fatehgarh Sahib,Black Soil,Rabi,35.9,53,189.1,Jute,Cotton
Punjab,Fatehgarh Sahib,Loamy Soil,Rabi,37.2,62,228.9,Coffee,Sugarcane
Punjab,Fatehgarh Sahib,Black Soil,Kharif,26.3,57,49.5,Pomegranate,Soybean
Punjab,Fatehgarh Sahib,Loamy Soil,Whole Year,19.0,49,342.5,Rice,Sugarcane
Punjab,Fatehgarh Sahib,Alluvial Soil,Whole Year,18.8,43,338.6,Mothbeans,Sugarcane
Punjab,Fazilka,Red Soil,Kharif,24.7,41,222.5,Maize,Millets
Punjab,Fazilka,Alluvial Soil,Kharif,23.5,57,98.3,Blackgram,Sugarcane
Punjab,Fazilka,Red Soil,Zaid,19.3,57,115.6,Apple,Millets
Punjab,Fazilka,Sandy Soil,Rabi,37.5,58,287.6,Muskmelon,Muskmelon
Punjab,Fazilka,Alluvial Soil,Whole Year,29.2,48,214.5,Mothbeans,Rice
Punjab,Fazilka,Alluvial Soil,Kharif,39.0,62,252.8,Coffee,Rice
Punjab,Fazilka,Loamy Soil,Kharif,36.3,67,321.7,Watermelon,Maize
Punjab,Fazilka,Laterite Soil,Rabi,18.9,50,160.1,Kidneybeans,Cashew
Punjab,Fazilka,Sandy Soil,Rabi,32.8,91,97.1,Mothbeans,Groundnut
Punjab,Fazilka,Loamy Soil,Whole Year,35.7,44,293.2,Muskmelon,Maize
Punjab,Fazilka,Red Soil,Zaid,25.4,79,132.4,Apple,Pulses
Punjab,Fazilka,Black Soil,Rabi,29.2,73,191.1,Lentil,Cotton
Punjab,Fazilka,Loamy Soil,Kharif,20.0,40,299.7,Banana,Wheat
Punjab,Fazilka,Laterite Soil,Zaid,19.7,50,188.3,Muskmelon,Cashew
Punjab,Fazilka,Red Soil,Kharif,27.2,82,165.9,Lentil,Pulses
Punjab,Fazilka,Laterite Soil,Whole Year,28.1,90,191.1,Rice,Coffee
Punjab,Fazilka,Red Soil,Kharif,22.8,89,39.6,Mango,Millets
Punjab,Fazilka,Alluvial Soil,Rabi,22.6,93,293.4,Jute,Rice
Punjab,Fazilka,Sandy Soil,Rabi,37.9,59,82.8,Papaya,Muskmelon
Punjab,Fazilka,Alluvial Soil,Kharif,35.8,68,177.0,Papaya,Rice
Punjab,Firozpur,Loamy Soil,Whole Year,25.3,86,279.4,Pigeonpeas,Rice
Punjab,Firozpur,Loamy Soil,Rabi,26.1,85,171.3,Jute,Sugarcane
Punjab,Firozpur,Red Soil,Whole Year,25.9,51,39.6,Jute,Groundnut
Punjab,Firozpur,Red Soil,Rabi,25.8,62,286.9,Coffee,Millets
Punjab,Firozpur,Laterite Soil,Whole Year,33.5,59,35.1,Watermelon,Cashew
Punjab,Firozpur,Black Soil,Zaid,26.6,84,317.9,Coconut,Cotton
Punjab,Firozpur,Loamy Soil,Rabi,35.6,72,197.9,Mothbeans,Sugarcane
Punjab,Firozpur,Red Soil,Whole Year,33.2,59,342.0,Muskmelon,Pulses
Punjab,Firozpur,Red Soil,Rabi,20.3,54,338.3,Maize,Pulses
Punjab,Firozpur,Red Soil,Rabi,21.4,77,306.1,Pigeonpeas,Groundnut
Punjab,Firozpur,Laterite Soil,Zaid,33.1,62,145.6,Coconut,Coffee
Punjab,Firozpur,Red Soil,Whole Year,26.9,63,111.5,Blackgram,Pulses
Punjab,Firozpur,Laterite Soil,Zaid,21.8,81,254.0,Papaya,Coffee
Punjab,Firozpur,Red Soil,Zaid,30.0,74,305.7,Rice,Millets
Punjab,Firozpur,Red Soil,Zaid,34.9,72,52.1,Coffee,Millets
Punjab,Firozpur,Sandy Soil,Rabi,25.6,92,303.9,Grapes,Groundnut
Punjab,Firozpur,Black Soil,Whole Year,34.1,56,248.6,Mango,Jowar
Punjab,Firozpur,Laterite Soil,Kharif,39.7,49,73.2,Cotton,Coffee
Punjab,Firozpur,Loamy Soil,Zaid,23.3,88,267.9,Jute,Wheat
Punjab,Firozpur,Alluvial Soil,Rabi,23.6,55,167.5,Banana,Sugarcane
Punjab,Gurdaspur,Black Soil,Whole Year,28.3,83,79.2,Orange,Cotton
Punjab,Gurdaspur,Sandy Soil,Kharif,29.8,63,288.2,Papaya,Muskmelon
Punjab,Gurdaspur,Loamy Soil,Whole Year,37.0,50,65.5,Apple,Wheat
Punjab,Gurdaspur,Laterite Soil,Kharif,30.6,69,115.5,Chickpea,Tea
Punjab,Gurdaspur,Alluvial Soil,Kharif,36.4,62,46.9,Mungbean,Maize
Punjab,Gurdaspur,Black Soil,Zaid,36.3,72,78.2,Banana,Jowar
Punjab,Gurdaspur,Alluvial Soil,Zaid,32.4,49,102.6,Cotton,Wheat
Punjab,Gurdaspur,Laterite Soil,Zaid,32.6,92,33.9,Rice,Coffee
Punjab,Gurdaspur,Laterite Soil,Whole Year,32.3,87,228.4,Pomegranate,Tea
Punjab,Gurdaspur,Laterite Soil,Rabi,31.1,81,290.5,Rice,Cashew
Punjab,Gurdaspur,Laterite Soil,Rabi,34.0,76,45.4,Mungbean,Cashew
Punjab,Gurdaspur,Loamy Soil,Rabi,37.5,54,90.1,Cotton,Rice
Punjab,Gurdaspur,Laterite Soil,Whole Year,21.9,68,322.3,Kidneybeans,Coffee
Punjab,Gurdaspur,Red Soil,Zaid,18.5,90,328.3,Watermelon,Groundnut
Punjab,Gurdaspur,Laterite Soil,Kharif,23.7,41,330.6,Mango,Tea
Punjab,Gurdaspur,Alluvial Soil,Rabi,36.4,89,286.7,Coffee,Wheat
Punjab,Gurdaspur,Sandy Soil,Rabi,33.1,46,144.4,Chickpea,Muskmelon
Punjab,Gurdaspur,Alluvial Soil,Kharif,26.5,76,324.3,Mothbeans,Maize
Punjab,Gurdaspur,Sandy Soil,Kharif,35.4,72,85.6,Jute,Muskmelon
Punjab,Gurdaspur,Red Soil,Kharif,28.4,78,163.3,Lentil,Millets
Punjab,Hoshiarpur,Sandy Soil,Rabi,20.7,79,173.1,Pigeonpeas,Watermelon
Punjab,Hoshiarpur,Black Soil,Zaid,26.7,65,291.5,Orange,Soybean
Punjab,Hoshiarpur,Laterite Soil,Kharif,33.5,67,21.9,Cotton,Coffee
Punjab,Hoshiarpur,Sandy Soil,Rabi,29.9,66,336.9,Coffee,Groundnut
Punjab,Hoshiarpur,Laterite Soil,Whole Year,34.0,71,199.4,Coconut,Tea
Punjab,Hoshiarpur,Alluvial Soil,Whole Year,23.0,83,129.0,Apple,Maize
Punjab,Hoshiarpur,Alluvial Soil,Rabi,20.2,66,174.6,Grapes,Wheat
Punjab,Hoshiarpur,Alluvial Soil,Rabi,35.5,50,285.6,Muskmelon,Sugarcane
Punjab,Hoshiarpur,Black Soil,Kharif,32.3,79,68.6,Lentil,Jowar
Punjab,Hoshiarpur,Loamy Soil,Rabi,29.0,56,269.0,Pigeonpeas,Rice
Punjab,Hoshiarpur,Laterite Soil,Kharif,35.3,54,296.3,Watermelon,Tea
Punjab,Hoshiarpur,Black Soil,Whole Year,29.5,51,343.5,Jute,Jowar
Punjab,Hoshiarpur,Red Soil,Zaid,28.7,58,27.8,Rice,Pulses
Punjab,Hoshiarpur,Black Soil,Whole Year,22.3,95,263.8,Papaya,Soybean
Punjab,Hoshiarpur,Loamy Soil,Rabi,32.7,72,203.0,Mango,Maize
Punjab,Hoshiarpur,Sandy Soil,Rabi,26.4,42,83.2,Papaya,Watermelon
Punjab,Hoshiarpur,Red Soil,Rabi,19.2,78,143.3,Papaya,Groundnut
Punjab,Hoshiarpur,Black Soil,Zaid,29.8,62,61.7,Mungbean,Cotton
Punjab,Hoshiarpur,Laterite Soil,Zaid,30.2,68,347.1,Maize,Coffee
Punjab,Hoshiarpur,Laterite Soil,Whole Year,24.1,54,176.9,Jute,Tea
Punjab,Jalandhar,Black Soil,Kharif,36.3,86,187.2,Rice,Jowar
Punjab,Jalandhar,Laterite Soil,Kharif,35.6,71,103.9,Kidneybeans,Tea
Punjab,Jalandhar,Laterite Soil,Kharif,38.0,73,210.2,Pigeonpeas,Coffee
Punjab,Jalandhar,Alluvial Soil,Whole Year,29.4,51,33.3,Mango,Rice
Punjab,Jalandhar,Black Soil,Rabi,25.3,56,77.6,Coconut,Soybean
Punjab,Jalandhar,Loamy Soil,Rabi,30.9,65,79.6,Rice,Rice
Punjab,Jalandhar,Sandy Soil,Kharif,27.8,54,230.7,Pigeonpeas,Watermelon
Punjab,Jalandhar,Laterite Soil,Kharif,20.5,41,346.0,Jute,Tea
Punjab,Jalandhar,Alluvial Soil,Whole Year,30.0,41,124.8,Mungbean,Maize
Punjab,Jalandhar,Sandy Soil,Whole Year,31.3,50,332.0,Pomegranate,Muskmelon
Punjab,Jalandhar,Alluvial Soil,Zaid,30.2,88,344.6,Rice,Rice
Punjab,Jalandhar,Black Soil,Whole Year,27.3,60,249.5,Grapes,Soybean
Punjab,Jalandhar,Laterite Soil,Whole Year,18.9,79,151.9,Maize,Coffee
Punjab,Jalandhar,Sandy Soil,Kharif,20.0,58,61.7,Maize,Muskmelon
Punjab,Jalandhar,Red Soil,Whole Year,37.5,64,117.3,Mothbeans,Millets
Punjab,Jalandhar,Alluvial Soil,Kharif,33.8,80,334.5,Pomegranate,Maize
Punjab,Jalandhar,Sandy Soil,Zaid,18.5,81,67.9,Coconut,Watermelon
Punjab,Jalandhar,Sandy Soil,Kharif,25.3,57,32.7,Orange,Watermelon
Punjab,Jalandhar,Laterite Soil,Kharif,27.2,47,347.5,Mango,Cashew
Punjab,Jalandhar,Loamy Soil,Zaid,35.3,57,67.4,Orange,Rice
Punjab,Kapurthala,Laterite Soil,Kharif,22.9,63,102.5,Blackgram,Cashew
Punjab,Kapurthala,Laterite Soil,Kharif,33.8,56,224.0,Pomegranate,Cashew
Punjab,Kapurthala,Alluvial Soil,Whole Year,23.4,67,204.6,Lentil,Sugarcane
Punjab,Kapurthala,Sandy Soil,Rabi,20.7,68,272.5,Muskmelon,Watermelon
Punjab,Kapurthala,Black Soil,Whole Year,33.2,44,275.5,Chickpea,Soybean
Punjab,Kapurthala,Alluvial Soil,Kharif,37.6,46,349.9,Lentil,Sugarcane
Punjab,Kapurthala,Laterite Soil,Rabi,28.5,72,150.9,Mothbeans,Tea
Punjab,Kapurthala,Alluvial Soil,Whole Year,30.7,59,60.9,Chickpea,Sugarcane
Punjab,Kapurthala,Black Soil,Whole Year,33.6,95,123.2,Rice,Jowar
Punjab,Kapurthala,Alluvial Soil,Rabi,25.5,65,246.7,Coconut,Maize
Punjab,Kapurthala,Laterite Soil,Zaid,29.9,77,105.8,Kidneybeans,Coffee
Punjab,Kapurthala,Sandy Soil,Zaid,28.9,67,70.0,Watermelon,Groundnut
Punjab,Kapurthala,Black Soil,Whole Year,31.5,83,306.4,Mungbean,Jowar
Punjab,Kapurthala,Alluvial Soil,Whole Year,18.7,65,134.2,Lentil,Rice
Punjab,Kapurthala,Loamy Soil,Whole Year,24.6,42,349.0,Maize,Rice
Punjab,Kapurthala,Sandy Soil,Rabi,18.9,75,68.0,Rice,Watermelon
Punjab,Kapurthala,Laterite Soil,Zaid,20.9,46,309.9,Kidneybeans,Coffee
Punjab,Kapurthala,Sandy Soil,Rabi,27.4,80,279.9,Kidneybeans,Muskmelon
Punjab,Kapurthala,Laterite Soil,Kharif,22.0,76,123.8,Mango,Tea
Punjab,Kapurthala,Sandy Soil,Whole Year,25.5,71,336.9,Maize,Watermelon
Punjab,Ludhiana,Alluvial Soil,Kharif,35.2,93,195.0,Coffee,Sugarcane
Punjab,Ludhiana,Alluvial Soil,Whole Year,32.6,73,107.4,Pomegranate,Maize
Punjab,Ludhiana,Alluvial Soil,Rabi,23.7,93,125.6,Pigeonpeas,Rice
Punjab,Ludhiana,Loamy Soil,Whole Year,32.9,84,61.3,Maize,Maize
Punjab,Ludhiana,Black Soil,Rabi,20.2,59,24.4,Maize,Jowar
Punjab,Ludhiana,Black Soil,Kharif,33.3,42,224.4,Apple,Soybean
Punjab,Ludhiana,Sandy Soil,Kharif,32.8,59,47.6,Papaya,Watermelon
Punjab,Ludhiana,Sandy Soil,Zaid,35.4,52,309.3,Apple,Groundnut
Punjab,Ludhiana,Laterite Soil,Zaid,24.0,66,106.1,Coconut,Tea
Punjab,Ludhiana,Alluvial Soil,Zaid,18.9,69,285.4,Jute,Rice
Punjab,Ludhiana,Sandy Soil,Whole Year,37.9,80,203.1,Mungbean,Watermelon
Punjab,Ludhiana,Sandy Soil,Rabi,38.1,77,156.3,Banana,Groundnut
Punjab,Ludhiana,Alluvial Soil,Zaid,26.5,94,146.9,Mango,Wheat
Punjab,Ludhiana,Alluvial Soil,Zaid,34.9,84,74.5,Rice,Rice
Punjab,Ludhiana,Loamy Soil,Kharif,31.4,90,303.5,Lentil,Maize
Punjab,Ludhiana,Loamy Soil,Zaid,24.6,77,36.6,Coconut,Rice
Punjab,Ludhiana,Black Soil,Whole Year,34.7,65,102.9,Watermelon,Soybean
Punjab,Ludhiana,Loamy Soil,Rabi,25.9,48,329.4,Jute,Sugarcane
Punjab,Ludhiana,Alluvial Soil,Whole Year,30.2,70,106.3,Lentil,Rice
Punjab,Ludhiana,Red Soil,Whole Year,35.7,88,162.4,Pomegranate,Groundnut
Punjab,Malerkotla,Loamy Soil,Kharif,39.5,73,266.6,Pomegranate,Maize
Punjab,Malerkotla,Red Soil,Zaid,19.2,61,143.5,Rice,Groundnut
Punjab,Malerkotla,Laterite Soil,Kharif,24.3,78,238.1,Pomegranate,Cashew
Punjab,Malerkotla,Black Soil,Whole Year,23.3,55,80.9,Grapes,Soybean
Punjab,Malerkotla,Loamy Soil,Rabi,31.0,80,208.9,Chickpea,Wheat
Punjab,Malerkotla,Loamy Soil,Zaid,30.9,90,341.5,Apple,Maize
Punjab,Malerkotla,Red Soil,Whole Year,39.5,61,40.7,Rice,Pulses
Punjab,Malerkotla,Laterite Soil,Rabi,26.6,40,90.7,Muskmelon,Tea
Punjab,Malerkotla,Sandy Soil,Rabi,29.6,75,70.7,Apple,Muskmelon
Punjab,Malerkotla,Laterite Soil,Zaid,22.5,52,285.8,Mungbean,Cashew
Punjab,Malerkotla,Red Soil,Rabi,27.1,49,80.1,Maize,Groundnut
Punjab,Malerkotla,Laterite Soil,Kharif,22.7,53,268.3,Muskmelon,Cashew
Punjab,Malerkotla,Loamy Soil,Kharif,28.3,71,32.0,Mungbean,Rice
Punjab,Malerkotla,Laterite Soil,Zaid,32.4,71,127.1,Maize,Coffee
Punjab,Malerkotla,Laterite Soil,Zaid,29.1,77,300.8,Orange,Coffee
Punjab,Malerkotla,Black Soil,Whole Year,32.7,82,238.8,Watermelon,Jowar
Punjab,Malerkotla,Red Soil,Kharif,23.4,56,52.0,Coconut,Groundnut
Punjab,Malerkotla,Sandy Soil,Zaid,37.9,46,146.5,Maize,Groundnut
Punjab,Malerkotla,Sandy Soil,Whole Year,39.6,88,206.2,Mothbeans,Groundnut
Punjab,Malerkotla,Alluvial Soil,Kharif,33.4,79,141.3,Blackgram,Maize
Punjab,Mansa,Alluvial Soil,Whole Year,34.2,43,298.6,Watermelon,Maize
Punjab,Mansa,Loamy Soil,Kharif,39.4,54,20.6,Cotton,Rice
Punjab,Mansa,Laterite Soil,Kharif,20.3,66,42.6,Grapes,Tea
Punjab,Mansa,Laterite Soil,Whole Year,36.6,59,283.3,Jute,Cashew
Punjab,Mansa,Loamy Soil,Zaid,27.4,83,72.1,Kidneybeans,Wheat
Punjab,Mansa,Red Soil,Kharif,34.1,42,342.2,Cotton,Millets
Punjab,Mansa,Sandy Soil,Whole Year,36.3,69,259.4,Orange,Muskmelon
Punjab,Mansa,Alluvial Soil,Zaid,39.3,83,55.2,Maize,Rice
Punjab,Mansa,Laterite Soil,Kharif,30.7,45,165.4,Banana,Cashew
Punjab,Mansa,Alluvial Soil,Zaid,37.4,57,241.1,Coffee,Wheat
Punjab,Mansa,Laterite Soil,Whole Year,18.6,64,79.6,Maize,Coffee
Punjab,Mansa,Laterite Soil,Zaid,20.4,84,33.7,Mungbean,Tea
Punjab,Mansa,Black Soil,Zaid,36.8,69,83.5,Orange,Soybean
Punjab,Mansa,Laterite Soil,Kharif,31.6,76,289.2,Papaya,Coffee
Punjab,Mansa,Alluvial Soil,Zaid,39.3,55,323.0,Kidneybeans,Maize
Punjab,Mansa,Laterite Soil,Rabi,39.9,49,244.0,Maize,Cashew
Punjab,Mansa,Alluvial Soil,Whole Year,30.6,83,23.0,Pomegranate,Sugarcane
Punjab,Mansa,Red Soil,Zaid,31.0,63,154.9,Watermelon,Groundnut
Punjab,Mansa,Black Soil,Kharif,20.2,82,238.7,Cotton,Soybean
Punjab,Mansa,Black Soil,Whole Year,30.7,58,41.1,Coffee,Jowar
Punjab,Moga,Red Soil,Kharif,24.5,43,322.7,Maize,Millets
Punjab,Moga,Red Soil,Rabi,20.1,42,30.7,Mothbeans,Millets
Punjab,Moga,Alluvial Soil,Whole Year,24.9,94,342.1,Banana,Sugarcane
Punjab,Moga,Alluvial Soil,Zaid,18.7,78,202.2,Papaya,Wheat
Punjab,Moga,Sandy Soil,Kharif,36.6,50,230.3,Coffee,Groundnut
Punjab,Moga,Red Soil,Zaid,18.2,75,231.4,Kidneybeans,Groundnut
Punjab,Moga,Alluvial Soil,Zaid,29.3,78,155.5,Muskmelon,Rice
Punjab,Moga,Loamy Soil,Kharif,38.2,75,135.2,Maize,Wheat
Punjab,Moga,Laterite Soil,Zaid,23.5,93,37.8,Kidneybeans,Tea
Punjab,Moga,Red Soil,Whole Year,39.3,90,195.0,Chickpea,Millets
Punjab,Moga,Loamy Soil,Whole Year,22.0,63,112.2,Rice,Maize
Punjab,Moga,Laterite Soil,Kharif,37.1,80,77.4,Pomegranate,Tea
Punjab,Moga,Laterite Soil,Rabi,31.3,91,72.8,Lentil,Cashew
Punjab,Moga,Alluvial Soil,Kharif,26.7,82,189.4,Banana,Wheat
Punjab,Moga,Alluvial Soil,Zaid,34.3,84,51.0,Apple,Sugarcane
Punjab,Moga,Laterite Soil,Rabi,19.7,42,182.0,Chickpea,Coffee
Punjab,Moga,Laterite Soil,Whole Year,35.5,83,261.0,Mango,Tea
Punjab,Moga,Laterite Soil,Whole Year,18.2,60,84.7,Kidneybeans,Coffee
Punjab,Moga,Sandy Soil,Kharif,22.5,79,337.8,Coffee,Muskmelon
Punjab,Moga,Alluvial Soil,Whole Year,33.6,71,258.7,Cotton,Sugarcane
Punjab,Patiala,Loamy Soil,Zaid,26.7,86,29.0,Lentil,Wheat
Punjab,Patiala,Laterite Soil,Zaid,36.0,44,233.2,Grapes,Tea
Punjab,Patiala,Red Soil,Rabi,20.1,87,342.8,Rice,Pulses
Punjab,Patiala,Alluvial Soil,Zaid,24.8,90,125.0,Lentil,Rice
Punjab,Patiala,Red Soil,Rabi,25.2,69,258.8,Coffee,Pulses
Punjab,Patiala,Laterite Soil,Kharif,22.1,79,323.9,Apple,Cashew
Punjab,Patiala,Black Soil,Zaid,27.7,70,297.8,Apple,Soybean
Punjab,Patiala,Sandy Soil,Kharif,23.3,84,224.7,Orange,Groundnut
Punjab,Patiala,Sandy Soil,Zaid,27.8,55,244.2,Watermelon,Muskmelon
Punjab,Patiala,Loamy Soil,Rabi,23.5,78,82.0,Watermelon,Maize
Punjab,Patiala,Laterite Soil,Rabi,39.0,94,291.7,Rice,Cashew
Punjab,Patiala,Laterite Soil,Kharif,39.9,53,247.7,Chickpea,Cashew
Punjab,Patiala,Laterite Soil,Rabi,27.3,51,155.2,Maize,Coffee
Punjab,Patiala,Black Soil,Rabi,23.4,51,57.9,Mungbean,Cotton
Punjab,Patiala,Black Soil,Zaid,38.7,59,302.0,Coconut,Cotton
Punjab,Patiala,Loamy Soil,Whole Year,34.6,53,234.3,Banana,Wheat
Punjab,Patiala,Red Soil,Rabi,37.1,84,166.2,Lentil,Pulses
Punjab,Patiala,Laterite Soil,Whole Year,31.2,74,251.6,Orange,Cashew
Punjab,Patiala,Alluvial Soil,Kharif,24.0,60,300.1,Apple,Wheat
Punjab,Patiala,Laterite Soil,Rabi,38.0,65,230.6,Lentil,Cashew
Punjab,Rupnagar,Sandy Soil,Kharif,35.1,90,127.2,Blackgram,Groundnut
Punjab,Rupnagar,Red Soil,Zaid,31.7,54,63.2,Coconut,Groundnut
Punjab,Rupnagar,Red Soil,Kharif,19.5,58,286.3,Lentil,Pulses
Punjab,Rupnagar,Alluvial Soil,Whole Year,25.5,47,178.6,Cotton,Wheat
Punjab,Rupnagar,Alluvial Soil,Zaid,28.7,52,25.6,Mango,Sugarcane
Punjab,Rupnagar,Black Soil,Whole Year,21.5,79,307.4,Apple,Soybean
Punjab,Rupnagar,Black Soil,Rabi,26.7,81,100.5,Watermelon,Cotton
Punjab,Rupnagar,Alluvial Soil,Kharif,36.8,66,251.3,Watermelon,Maize
Punjab,Rupnagar,Sandy Soil,Zaid,22.3,52,248.9,Pigeonpeas,Watermelon
Punjab,Rupnagar,Alluvial Soil,Kharif,24.6,51,321.2,Coconut,Wheat
Punjab,Rupnagar,Alluvial Soil,Whole Year,25.1,74,323.7,Pigeonpeas,Wheat
Punjab,Rupnagar,Black Soil,Whole Year,30.8,47,71.0,Mungbean,Jowar
Punjab,Rupnagar,Red Soil,Whole Year,24.0,44,261.3,Pomegranate,Millets
Punjab,Rupnagar,Alluvial Soil,Whole Year,25.4,63,130.5,Blackgram,Rice
Punjab,Rupnagar,Sandy Soil,Rabi,20.4,88,193.0,Mothbeans,Watermelon
Punjab,Rupnagar,Red Soil,Rabi,18.2,42,237.5,Chickpea,Pulses
Punjab,Rupnagar,Alluvial Soil,Zaid,20.7,46,207.6,Mothbeans,Maize
Punjab,Rupnagar,Red Soil,Whole Year,21.0,87,71.2,Pomegranate,Groundnut
Punjab,Rupnagar,Alluvial Soil,Whole Year,31.5,92,234.0,Watermelon,Rice
Punjab,Rupnagar,Red Soil,Whole Year,38.9,72,107.5,Grapes,Pulses
Punjab,Sahibzada Ajit Singh Nagar,Alluvial Soil,Whole Year,34.8,55,318.8,Banana,Wheat
Punjab,Sahibzada Ajit Singh Nagar,Alluvial Soil,Zaid,39.9,91,36.4,Papaya,Wheat
Punjab,Sahibzada Ajit Singh Nagar,Loamy Soil,Kharif,19.3,79,237.9,Mothbeans,Wheat
Punjab,Sahibzada Ajit Singh Nagar,Black Soil,Kharif,23.6,85,162.8,Orange,Jowar
Punjab,Sahibzada Ajit Singh Nagar,Alluvial Soil,Zaid,33.8,77,265.3,Mango,Wheat
Punjab,Sahibzada Ajit Singh Nagar,Loamy Soil,Kharif,25.7,63,245.0,Coconut,Sugarcane
Punjab,Sahibzada Ajit Singh Nagar,Laterite Soil,Whole Year,18.0,82,266.4,Mothbeans,Cashew
Punjab,Sahibzada Ajit Singh Nagar,Black Soil,Zaid,37.8,55,149.3,Chickpea,Cotton
Punjab,Sahibzada Ajit Singh Nagar,Loamy Soil,Zaid,33.3,65,245.6,Blackgram,Rice
Punjab,Sahibzada Ajit Singh Nagar,Black Soil,Zaid,19.6,90,97.3,Maize,Jowar
Punjab,Sahibzada Ajit Singh Nagar,Alluvial Soil,Zaid,29.9,86,189.5,Jute,Sugarcane
Punjab,Sahibzada Ajit Singh Nagar,Laterite Soil,Whole Year,35.5,56,146.3,Grapes,Coffee
Punjab,Sahibzada Ajit Singh Nagar,Sandy Soil,Kharif,32.6,91,281.7,Pomegranate,Muskmelon
Punjab,Sahibzada Ajit Singh Nagar,Black Soil,Rabi,28.7,52,131.8,Banana,Cotton
Punjab,Sahibzada Ajit Singh Nagar,Laterite Soil,Rabi,26.9,83,116.1,Lentil,Coffee
Punjab,Sahibzada Ajit Singh Nagar,Red Soil,Zaid,30.3,81,221.6,Lentil,Millets
Punjab,Sahibzada Ajit Singh Nagar,Laterite Soil,Zaid,21.1,82,295.9,Chickpea,Coffee
Punjab,Sahibzada Ajit Singh Nagar,Laterite Soil,Kharif,28.5,40,104.2,Muskmelon,Tea
Punjab,Sahibzada Ajit Singh Nagar,Alluvial Soil,Kharif,34.9,40,150.4,Mango,Maize
Punjab,Sahibzada Ajit Singh Nagar,Alluvial Soil,Whole Year,37.1,74,229.8,Chickpea,Wheat
Punjab,Sangrur,Black Soil,Rabi,29.5,87,42.5,Muskmelon,Jowar
Punjab,Sangrur,Black Soil,Kharif,36.3,45,87.8,Lentil,Soybean
Punjab,Sangrur,Red Soil,Kharif,29.5,88,185.7,Blackgram,Millets
Punjab,Sangrur,Laterite Soil,Rabi,18.6,80,44.8,Mungbean,Coffee
Punjab,Sangrur,Red Soil,Rabi,23.1,52,58.1,Rice,Pulses
Punjab,Sangrur,Loamy Soil,Whole Year,35.8,80,195.8,Pigeonpeas,Wheat
Punjab,Sangrur,Alluvial Soil,Zaid,35.8,47,238.4,Banana,Sugarcane
Punjab,Sangrur,Loamy Soil,Kharif,26.9,86,138.5,Watermelon,Maize
Punjab,Sangrur,Black Soil,Zaid,30.6,81,99.3,Coconut,Cotton
Punjab,Sangrur,Sandy Soil,Rabi,26.5,51,202.6,Kidneybeans,Muskmelon
Punjab,Sangrur,Alluvial Soil,Whole Year,27.6,59,321.8,Orange,Wheat
Punjab,Sangrur,Black Soil,Rabi,20.4,61,127.2,Pomegranate,Jowar
Punjab,Sangrur,Red Soil,Whole Year,39.9,44,142.2,Mungbean,Groundnut
Punjab,Sangrur,Alluvial Soil,Zaid,36.5,43,54.8,Mungbean,Wheat
Punjab,Sangrur,Sandy Soil,Kharif,19.0,91,118.9,Coffee,Muskmelon
Punjab,Sangrur,Laterite Soil,Zaid,29.6,87,335.2,Coffee,Cashew
Punjab,Sangrur,Loamy Soil,Kharif,30.0,85,192.0,Mango,Rice
Punjab,Sangrur,Loamy Soil,Whole Year,35.0,83,293.5,Jute,Sugarcane
Punjab,Sangrur,Alluvial Soil,Whole Year,28.1,55,54.4,Kidneybeans,Rice
Punjab,Sangrur,Red Soil,Zaid,26.0,52,291.9,Coffee,Pulses
Punjab,Shahid Bhagat Singh Nagar,Red Soil,Rabi,19.6,42,321.4,Coffee,Pulses
Punjab,Shahid Bhagat Singh Nagar,Alluvial Soil,Rabi,26.2,75,139.2,Pigeonpeas,Wheat
Punjab,Shahid Bhagat Singh Nagar,Laterite Soil,Kharif,32.1,63,103.1,Cotton,Cashew
Punjab,Shahid Bhagat Singh Nagar,Black Soil,Rabi,30.0,62,173.8,Watermelon,Jowar
Punjab,Shahid Bhagat Singh Nagar,Sandy Soil,Rabi,31.1,62,254.4,Mungbean,Groundnut
Punjab,Shahid Bhagat Singh Nagar,Red Soil,Whole Year,19.0,70,151.2,Mungbean,Groundnut
Punjab,Shahid Bhagat Singh Nagar,Loamy Soil,Rabi,25.4,94,88.9,Pigeonpeas,Wheat
Punjab,Shahid Bhagat Singh Nagar,Alluvial Soil,Rabi,20.9,41,261.6,Mungbean,Rice
Punjab,Shahid Bhagat Singh Nagar,Sandy Soil,Rabi,36.1,55,280.6,Chickpea,Muskmelon
Punjab,Shahid Bhagat Singh Nagar,Black Soil,Zaid,35.7,65,348.5,Rice,Jowar
Punjab,Shahid Bhagat Singh Nagar,Sandy Soil,Zaid,39.1,95,120.6,Mothbeans,Groundnut
Punjab,Shahid Bhagat Singh Nagar,Laterite Soil,Zaid,35.8,93,310.9,Apple,Cashew
Punjab,Shahid Bhagat Singh Nagar,Laterite Soil,Rabi,29.3,78,194.7,Lentil,Coffee
Punjab,Shahid Bhagat Singh Nagar,Loamy Soil,Rabi,30.4,56,22.7,Muskmelon,Wheat
Punjab,Shahid Bhagat Singh Nagar,Red Soil,Kharif,26.3,40,39.5,Jute,Pulses
Punjab,Shahid Bhagat Singh Nagar,Laterite Soil,Kharif,31.7,84,220.9,Blackgram,Cashew
Punjab,Shahid Bhagat Singh Nagar,Sandy Soil,Whole Year,19.0,49,291.4,Mothbeans,Watermelon
Punjab,Shahid Bhagat Singh Nagar,Red Soil,Whole Year,30.1,71,262.2,Chickpea,Groundnut
Punjab,Shahid Bhagat Singh Nagar,Alluvial Soil,Whole Year,39.6,83,138.5,Lentil,Rice
Punjab,Shahid Bhagat Singh Nagar,Sandy Soil,Whole Year,35.5,87,189.1,Coconut,Watermelon
Punjab,Sri Muktsar Sahib,Black Soil,Whole Year,37.0,59,120.3,Chickpea,Cotton
Punjab,Sri Muktsar Sahib,Alluvial Soil,Whole Year,27.3,92,258.3,Banana,Wheat
Punjab,Sri Muktsar Sahib,Laterite Soil,Rabi,20.0,44,235.1,Coffee,Tea
Punjab,Sri Muktsar Sahib,Loamy Soil,Zaid,28.9,95,61.7,Kidneybeans,Rice
Punjab,Sri Muktsar Sahib,Sandy Soil,Zaid,33.4,72,98.8,Pigeonpeas,Groundnut
Punjab,Sri Muktsar Sahib,Red Soil,Whole Year,21.4,62,25.2,Cotton,Millets
Punjab,Sri Muktsar Sahib,Red Soil,Zaid,27.5,52,228.1,Banana,Groundnut
Punjab,Sri Muktsar Sahib,Loamy Soil,Rabi,34.7,62,247.6,Rice,Rice
Punjab,Sri Muktsar Sahib,Black Soil,Kharif,27.4,89,82.6,Coffee,Cotton
Punjab,Sri Muktsar Sahib,Loamy Soil,Rabi,33.2,47,21.2,Jute,Rice
Punjab,Sri Muktsar Sahib,Laterite Soil,Whole Year,23.0,50,219.4,Papaya,Cashew
Punjab,Sri Muktsar Sahib,Black Soil,Rabi,20.9,63,308.0,Rice,Cotton
Punjab,Sri Muktsar Sahib,Laterite Soil,Kharif,25.1,68,118.7,Muskmelon,Coffee
Punjab,Sri Muktsar Sahib,Black Soil,Zaid,18.5,63,129.8,Pomegranate,Soybean
Punjab,Sri Muktsar Sahib,Red Soil,Kharif,36.8,72,180.9,Cotton,Millets
Punjab,Sri Muktsar Sahib,Black Soil,Kharif,29.8,49,114.5,Blackgram,Soybean
Punjab,Sri Muktsar Sahib,Sandy Soil,Kharif,32.7,84,252.3,Cotton,Muskmelon
Punjab,Sri Muktsar Sahib,Loamy Soil,Whole Year,24.7,77,165.6,Pigeonpeas,Wheat
Punjab,Sri Muktsar Sahib,Alluvial Soil,Whole Year,26.7,71,99.3,Mungbean,Sugarcane
Punjab,Sri Muktsar Sahib,Loamy Soil,Rabi,32.7,87,152.1,Jute,Rice
Punjab,Tarn Taran,Loamy Soil,Kharif,29.8,72,47.1,Papaya,Rice
Punjab,Tarn Taran,Sandy Soil,Zaid,22.2,44,63.9,Cotton,Groundnut
Punjab,Tarn Taran,Black Soil,Kharif,34.5,90,192.6,Pigeonpeas,Jowar
Punjab,Tarn Taran,Alluvial Soil,Kharif,28.9,78,191.7,Maize,Wheat
Punjab,Tarn Taran,Black Soil,Rabi,28.1,66,56.0,Pigeonpeas,Jowar
Punjab,Tarn Taran,Loamy Soil,Kharif,27.2,92,215.3,Banana,Maize
Punjab,Tarn Taran,Red Soil,Whole Year,32.6,81,230.1,Mango,Groundnut
Punjab,Tarn Taran,Laterite Soil,Rabi,34.1,76,337.3,Cotton,Coffee
Punjab,Tarn Taran,Sandy Soil,Rabi,31.2,77,142.9,Coconut,Muskmelon
Punjab,Tarn Taran,Black Soil,Zaid,39.8,91,195.6,Maize,Jowar
Punjab,Tarn Taran,Black Soil,Kharif,24.1,92,180.3,Watermelon,Jowar
Punjab,Tarn Taran,Red Soil,Kharif,37.4,58,243.3,Papaya,Pulses
Punjab,Tarn Taran,Black Soil,Zaid,35.0,63,34.3,Pomegranate,Jowar
Punjab,Tarn Taran,Black Soil,Zaid,36.1,94,289.5,Mungbean,Cotton
Punjab,Tarn Taran,Alluvial Soil,Whole Year,29.8,95,135.0,Watermelon,Maize
Punjab,Tarn Taran,Sandy Soil,Zaid,37.8,69,86.5,Orange,Watermelon
Punjab,Tarn Taran,Black Soil,Rabi,18.7,87,190.0,Pomegranate,Jowar
Punjab,Tarn Taran,Laterite Soil,Rabi,30.1,75,339.7,Muskmelon,Coffee
Punjab,Tarn Taran,Laterite Soil,Rabi,27.8,70,299.9,Mothbeans,Cashew
Punjab,Tarn Taran,Loamy Soil,Whole Year,29.4,54,92.3,Blackgram,Rice
Haryana,Ambala,Sandy Soil,Zaid,29.9,64,284.1,Coffee,Watermelon
Haryana,Ambala,Sandy Soil,Kharif,26.6,72,79.0,Kidneybeans,Muskmelon
Haryana,Ambala,Sandy Soil,Rabi,32.0,43,188.7,Lentil,Groundnut
Haryana,Ambala,Laterite Soil,Whole Year,26.8,77,218.7,Grapes,Tea
Haryana,Ambala,Alluvial Soil,Rabi,18.8,43,215.2,Kidneybeans,Maize
Haryana,Ambala,Laterite Soil,Kharif,21.0,86,122.5,Mothbeans,Coffee
Haryana,Ambala,Red Soil,Kharif,19.3,90,48.9,Coffee,Groundnut
Haryana,Ambala,Laterite Soil,Whole Year,34.5,59,219.9,Orange,Tea
Haryana,Ambala,Loamy Soil,Zaid,24.9,70,183.0,Coffee,Maize
Haryana,Ambala,Loamy Soil,Kharif,26.9,65,218.4,Watermelon,Maize
Haryana,Ambala,Red Soil,Whole Year,30.6,48,25.2,Muskmelon,Millets
Haryana,Ambala,Black Soil,Zaid,20.9,92,21.2,Papaya,Cotton
Haryana,Ambala,Laterite Soil,Zaid,22.3,73,53.5,Jute,Cashew
Haryana,Ambala,Black Soil,Rabi,26.1,75,168.7,Pigeonpeas,Soybean
Haryana,Ambala,Loamy Soil,Kharif,30.8,56,271.9,Blackgram,Rice
Haryana,Ambala,Alluvial Soil,Kharif,21.4,45,115.4,Mango,Wheat
Haryana,Ambala,Black Soil,Whole Year,19.5,53,285.0,Pomegranate,Jowar
Haryana,Ambala,Black Soil,Whole Year,35.8,91,21.9,Coffee,Cotton
Haryana,Ambala,Alluvial Soil,Whole Year,27.9,50,255.1,Jute,Rice
Haryana,Ambala,Loamy Soil,Rabi,34.1,71,318.2,Rice,Rice
Haryana,Bhiwani,Red Soil,Whole Year,34.2,75,83.5,Lentil,Pulses
Haryana,Bhiwani,Laterite Soil,Zaid,27.6,83,328.5,Papaya,Coffee
Haryana,Bhiwani,Red Soil,Whole Year,34.7,79,114.9,Grapes,Millets
Haryana,Bhiwani,Laterite Soil,Whole Year,39.7,81,76.3,Mungbean,Tea
Haryana,Bhiwani,Laterite Soil,Whole Year,36.4,56,346.3,Watermelon,Cashew
Haryana,Bhiwani,Sandy Soil,Zaid,27.0,58,338.0,Banana,Muskmelon
Haryana,Bhiwani,Black Soil,Zaid,19.2,95,135.7,Chickpea,Cotton
Haryana,Bhiwani,Sandy Soil,Whole Year,24.9,67,322.4,Mango,Watermelon
Haryana,Bhiwani,Laterite Soil,Kharif,29.2,48,332.3,Mothbeans,Tea
Haryana,Bhiwani,Loamy Soil,Zaid,28.7,44,103.7,Blackgram,Sugarcane
Haryana,Bhiwani,Black Soil,Rabi,38.3,79,269.2,Pigeonpeas,Soybean
Haryana,Bhiwani,Red Soil,Rabi,18.1,79,31.6,Watermelon,Millets
Haryana,Bhiwani,Red Soil,Kharif,34.3,80,150.4,Grapes,Millets
Haryana,Bhiwani,Alluvial Soil,Rabi,31.8,61,333.3,Mungbean,Wheat
Haryana,Bhiwani,Red Soil,Whole Year,22.1,90,114.8,Blackgram,Groundnut
Haryana,Bhiwani,Sandy Soil,Whole Year,27.5,40,46.8,Papaya,Muskmelon
Haryana,Bhiwani,Red Soil,Zaid,38.7,83,71.7,Mango,Pulses
Haryana,Bhiwani,Laterite Soil,Rabi,21.7,44,177.8,Mango,Coffee
Haryana,Bhiwani,Black Soil,Kharif,21.0,58,256.8,Rice,Jowar
Haryana,Bhiwani,Black Soil,Kharif,37.3,68,244.0,Orange,Cotton
Haryana,Charkhi Dadri,Laterite Soil,Zaid,32.8,95,151.5,Lentil,Cashew
Haryana,Charkhi Dadri,Loamy Soil,Zaid,34.6,73,278.3,Chickpea,Rice
Haryana,Charkhi Dadri,Red Soil,Kharif,36.6,43,244.5,Kidneybeans,Millets
Haryana,Charkhi Dadri,Alluvial Soil,Whole Year,23.9,46,214.6,Coffee,Rice
Haryana,Charkhi Dadri,Laterite Soil,Whole Year,32.4,42,313.7,Rice,Coffee
Haryana,Charkhi Dadri,Sandy Soil,Rabi,38.4,62,128.0,Mothbeans,Muskmelon
Haryana,Charkhi Dadri,Red Soil,Rabi,29.6,60,227.0,Coconut,Pulses
Haryana,Charkhi Dadri,Laterite Soil,Zaid,24.9,40,316.8,Watermelon,Cashew
Haryana,Charkhi Dadri,Sandy Soil,Zaid,18.3,87,321.0,Mothbeans,Groundnut
Haryana,Charkhi Dadri,Red Soil,Zaid,27.1,65,75.3,Blackgram,Groundnut
Haryana,Charkhi Dadri,Alluvial Soil,Whole Year,20.3,45,251.3,Banana,Rice
Haryana,Charkhi Dadri,Sandy Soil,Whole Year,18.2,46,206.7,Jute,Muskmelon
Haryana,Charkhi Dadri,Alluvial Soil,Kharif,36.0,76,304.6,Orange,Sugarcane
Haryana,Charkhi Dadri,Alluvial Soil,Zaid,20.6,75,194.0,Pomegranate,Wheat
Haryana,Charkhi Dadri,Sandy Soil,Rabi,32.2,49,152.9,Cotton,Watermelon
Haryana,Charkhi Dadri,Red Soil,Whole Year,30.6,78,266.2,Mungbean,Millets
Haryana,Charkhi Dadri,Black Soil,Zaid,39.5,77,134.1,Blackgram,Cotton
Haryana,Charkhi Dadri,Loamy Soil,Rabi,21.7,48,239.7,Blackgram,Rice
Haryana,Charkhi Dadri,Loamy Soil,Kharif,21.6,92,190.9,Pigeonpeas,Wheat
Haryana,Charkhi Dadri,Alluvial Soil,Zaid,28.7,75,272.1,Mungbean,Maize
Haryana,Faridabad,Laterite Soil,Rabi,35.6,54,177.8,Blackgram,Cashew
Haryana,Faridabad,Loamy Soil,Kharif,19.9,70,278.6,Blackgram,Wheat
Haryana,Faridabad,Laterite Soil,Zaid,27.6,91,30.2,Watermelon,Cashew
Haryana,Faridabad,Black Soil,Kharif,30.1,59,198.2,Grapes,Jowar
Haryana,Faridabad,Sandy Soil,Zaid,26.6,69,90.6,Rice,Muskmelon
Haryana,Faridabad,Red Soil,Whole Year,22.0,82,279.1,Coconut,Pulses
Haryana,Faridabad,Loamy Soil,Zaid,28.2,52,220.3,Blackgram,Maize
Haryana,Faridabad,Laterite Soil,Kharif,20.2,95,72.2,Pomegranate,Tea
Haryana,Faridabad,Alluvial Soil,Zaid,22.7,43,139.0,Watermelon,Sugarcane
Haryana,Faridabad,Laterite Soil,Zaid,36.9,86,213.5,Mango,Cashew
Haryana,Faridabad,Black Soil,Zaid,34.8,62,90.4,Pigeonpeas,Jowar
Haryana,Faridabad,Sandy Soil,Whole Year,31.2,80,309.1,Maize,Muskmelon
Haryana,Faridabad,Black Soil,Rabi,38.4,81,96.9,Mothbeans,Jowar
Haryana,Faridabad,Black Soil,Rabi,27.8,74,268.6,Mothbeans,Jowar
Haryana,Faridabad,Alluvial Soil,Rabi,39.6,88,260.8,Banana,Sugarcane
Haryana,Faridabad,Sandy Soil,Rabi,26.0,70,177.7,Lentil,Groundnut
Haryana,Faridabad,Laterite Soil,Kharif,27.4,78,30.0,Pomegranate,Cashew
Haryana,Faridabad,Loamy Soil,Kharif,20.7,48,251.6,Mungbean,Maize
Haryana,Faridabad,Alluvial Soil,Whole Year,34.0,45,294.2,Apple,Wheat
Haryana,Faridabad,Sandy Soil,Rabi,33.9,87,98.4,Watermelon,Groundnut
Haryana,Fatehabad,Black Soil,Kharif,35.3,54,325.2,Watermelon,Soybean
Haryana,Fatehabad,Red Soil,Whole Year,39.2,82,25.4,Watermelon,Pulses
Haryana,Fatehabad,Sandy Soil,Kharif,22.0,68,49.3,Pigeonpeas,Groundnut
Haryana,Fatehabad,Red Soil,Rabi,26.9,84,229.2,Apple,Pulses
Haryana,Fatehabad,Black Soil,Zaid,30.8,72,283.0,Mungbean,Soybean
Haryana,Fatehabad,Red Soil,Zaid,37.8,87,20.6,Cotton,Millets
Haryana,Fatehabad,Red Soil,Rabi,34.7,95,223.7,Mungbean,Pulses
Haryana,Fatehabad,Red Soil,Zaid,33.8,60,110.9,Mango,Millets
Haryana,Fatehabad,Red Soil,Rabi,37.5,55,203.1,Pomegranate,Millets
Haryana,Fatehabad,Loamy Soil,Whole Year,25.1,48,229.9,Apple,Maize
Haryana,Fatehabad,Laterite Soil,Whole Year,32.5,54,274.3,Papaya,Coffee
Haryana,Fatehabad,Black Soil,Whole Year,33.5,92,45.8,Coconut,Cotton
Haryana,Fatehabad,Red Soil,Kharif,23.5,88,224.0,Rice,Millets
Haryana,Fatehabad,Alluvial Soil,Whole Year,24.8,55,131.5,Papaya,Wheat
Haryana,Fatehabad,Loamy Soil,Rabi,31.5,68,280.7,Chickpea,Wheat
Haryana,Fatehabad,Red Soil,Kharif,24.4,49,202.9,Cotton,Millets
Haryana,Fatehabad,Laterite Soil,Kharif,35.7,62,87.6,Mango,Cashew
Haryana,Fatehabad,Red Soil,Rabi,21.1,71,112.5,Mothbeans,Groundnut
Haryana,Fatehabad,Red Soil,Rabi,30.4,78,134.5,Mungbean,Groundnut
Haryana,Fatehabad,Loamy Soil,Whole Year,21.6,62,53.6,Banana,Rice
Haryana,Gurugram,Black Soil,Rabi,38.6,91,136.6,Kidneybeans,Jowar
Haryana,Gurugram,Laterite Soil,Whole Year,34.8,49,322.2,Jute,Coffee
Haryana,Gurugram,Red Soil,Kharif,37.9,41,84.8,Mango,Pulses
Haryana,Gurugram,Black Soil,Whole Year,18.6,59,291.6,Blackgram,Jowar
Haryana,Gurugram,Laterite Soil,Whole Year,30.7,66,130.0,Coconut,Coffee
Haryana,Gurugram,Loamy Soil,Kharif,35.1,43,225.3,Blackgram,Wheat
Haryana,Gurugram,Alluvial Soil,Zaid,24.6,90,101.1,Muskmelon,Sugarcane
Haryana,Gurugram,Alluvial Soil,Rabi,32.1,54,61.7,Papaya,Sugarcane
Haryana,Gurugram,Alluvial Soil,Zaid,24.7,88,180.8,Grapes,Sugarcane
Haryana,Gurugram,Laterite Soil,Kharif,32.2,81,231.9,Rice,Coffee
Haryana,Gurugram,Black Soil,Rabi,38.5,70,96.0,Mango,Soybean
Haryana,Gurugram,Sandy Soil,Kharif,36.4,93,172.3,Blackgram,Watermelon
Haryana,Gurugram,Sandy Soil,Rabi,35.7,83,172.7,Mungbean,Groundnut
Haryana,Gurugram,Red Soil,Rabi,27.8,76,43.1,Pomegranate,Groundnut
Haryana,Gurugram,Laterite Soil,Rabi,21.2,73,297.2,Banana,Cashew
Haryana,Gurugram,Laterite Soil,Zaid,36.5,78,108.1,Pomegranate,Cashew
Haryana,Gurugram,Black Soil,Zaid,19.4,58,269.9,Cotton,Cotton
Haryana,Gurugram,Loamy Soil,Kharif,28.4,71,299.8,Orange,Maize
Haryana,Gurugram,Red Soil,Whole Year,39.1,40,61.8,Kidneybeans,Pulses
Haryana,Gurugram,Red Soil,Zaid,37.0,88,225.0,Coconut,Millets
Haryana,Hisar,Red Soil,Kharif,31.6,60,283.2,Orange,Millets
Haryana,Hisar,Red Soil,Whole Year,19.3,51,153.6,Coconut,Groundnut
Haryana,Hisar,Black Soil,Whole Year,31.4,51,94.3,Pigeonpeas,Jowar
Haryana,Hisar,Laterite Soil,Kharif,23.7,63,195.7,Maize,Coffee
Haryana,Hisar,Alluvial Soil,Kharif,39.2,67,298.8,Pigeonpeas,Rice
Haryana,Hisar,Alluvial Soil,Zaid,21.9,69,343.4,Papaya,Sugarcane
Haryana,Hisar,Black Soil,Rabi,28.4,78,318.0,Jute,Cotton
Haryana,Hisar,Sandy Soil,Whole Year,32.5,88,120.7,Coffee,Watermelon
Haryana,Hisar,Alluvial Soil,Whole Year,30.4,70,343.5,Mungbean,Rice
Haryana,Hisar,Sandy Soil,Whole Year,36.4,65,138.2,Blackgram,Groundnut
Haryana,Hisar,Black Soil,Rabi,24.9,59,65.8,Coconut,Soybean
Haryana,Hisar,Sandy Soil,Zaid,19.5,50,299.7,Pigeonpeas,Groundnut
Haryana,Hisar,Alluvial Soil,Kharif,20.1,58,203.6,Cotton,Rice
Haryana,Hisar,Black Soil,Kharif,35.5,65,121.8,Pigeonpeas,Soybean
Haryana,Hisar,Red Soil,Zaid,36.9,69,111.0,Lentil,Groundnut
Haryana,Hisar,Laterite Soil,Rabi,38.1,72,129.7,Banana,Tea
Haryana,Hisar,Red Soil,Rabi,22.8,58,112.2,Apple,Millets
Haryana,Hisar,Red Soil,Rabi,28.0,82,139.5,Jute,Pulses
Haryana,Hisar,Alluvial Soil,Whole Year,26.6,68,38.3,Blackgram,Sugarcane
Haryana,Hisar,Alluvial Soil,Rabi,27.3,59,313.1,Grapes,Rice
Haryana,Jhajjar,Loamy Soil,Whole Year,26.2,71,64.8,Pigeonpeas,Wheat
Haryana,Jhajjar,Red Soil,Whole Year,35.2,40,324.7,Chickpea,Pulses
Haryana,Jhajjar,Loamy Soil,Rabi,24.1,67,122.9,Rice,Sugarcane
Haryana,Jhajjar,Loamy Soil,Rabi,22.5,64,158.9,Blackgram,Wheat
Haryana,Jhajjar,Laterite Soil,Kharif,24.2,63,297.5,Coffee,Coffee
Haryana,Jhajjar,Red Soil,Rabi,38.8,75,144.8,Orange,Groundnut
Haryana,Jhajjar,Black Soil,Kharif,18.9,72,45.2,Maize,Jowar
Haryana,Jhajjar,Loamy Soil,Rabi,37.1,84,111.2,Pigeonpeas,Wheat
Haryana,Jhajjar,Sandy Soil,Zaid,20.2,57,64.8,Coffee,Groundnut
Haryana,Jhajjar,Alluvial Soil,Whole Year,21.7,83,86.1,Papaya,Sugarcane
Haryana,Jhajjar,Red Soil,Rabi,33.1,59,194.5,Apple,Groundnut
Haryana,Jhajjar,Red Soil,Rabi,18.1,94,268.5,Watermelon,Millets
Haryana,Jhajjar,Black Soil,Zaid,39.6,72,312.1,Kidneybeans,Jowar
Haryana,Jhajjar,Loamy Soil,Whole Year,20.9,68,322.2,Chickpea,Sugarcane
Haryana,Jhajjar,Red Soil,Kharif,19.4,59,103.9,Coconut,Groundnut
Haryana,Jhajjar,Alluvial Soil,Whole Year,34.0,47,102.5,Coffee,Wheat
Haryana,Jhajjar,Alluvial Soil,Whole Year,39.4,44,347.8,Mango,Maize
Haryana,Jhajjar,Loamy Soil,Rabi,31.4,55,23.8,Watermelon,Sugarcane
Haryana,Jhajjar,Black Soil,Zaid,36.6,53,248.0,Lentil,Soybean
Haryana,Jhajjar,Black Soil,Rabi,37.5,47,147.5,Watermelon,Jowar
Haryana,Jind,Alluvial Soil,Kharif,18.1,73,225.5,Papaya,Sugarcane
Haryana,Jind,Alluvial Soil,Whole Year,23.2,58,50.6,Jute,Sugarcane
Haryana,Jind,Black Soil,Kharif,21.2,82,327.6,Chickpea,Cotton
Haryana,Jind,Red Soil,Rabi,39.5,84,297.6,Coffee,Millets
Haryana,Jind,Black Soil,Kharif,39.6,62,69.0,Kidneybeans,Cotton
Haryana,Jind,Laterite Soil,Zaid,18.7,92,198.1,Mothbeans,Coffee
Haryana,Jind,Red Soil,Kharif,33.5,73,128.7,Pomegranate,Pulses
Haryana,Jind,Laterite Soil,Zaid,22.0,41,199.7,Chickpea,Coffee
Haryana,Jind,Sandy Soil,Kharif,19.1,66,52.5,Banana,Watermelon
Haryana,Jind,Black Soil,Rabi,32.4,55,135.8,Apple,Cotton
Haryana,Jind,Alluvial Soil,Whole Year,34.0,86,144.8,Mungbean,Rice
Haryana,Jind,Red Soil,Rabi,25.2,61,281.8,Banana,Pulses
Haryana,Jind,Sandy Soil,Kharif,32.0,83,201.4,Coffee,Groundnut
Haryana,Jind,Loamy Soil,Zaid,19.3,92,307.4,Muskmelon,Wheat
Haryana,Jind,Laterite Soil,Kharif,23.4,54,298.1,Banana,Cashew
Haryana,Jind,Laterite Soil,Kharif,38.2,47,241.0,Banana,Cashew
Haryana,Jind,Loamy Soil,Zaid,29.7,62,62.2,Kidneybeans,Sugarcane
Haryana,Jind,Sandy Soil,Kharif,28.8,87,67.2,Coffee,Groundnut
Haryana,Jind,Laterite Soil,Zaid,19.9,93,23.3,Mothbeans,Tea
Haryana,Jind,Black Soil,Kharif,36.9,94,289.7,Orange,Cotton
Haryana,Kaithal,Sandy Soil,Zaid,34.6,50,77.9,Maize,Watermelon
Haryana,Kaithal,Red Soil,Zaid,29.8,61,71.3,Maize,Groundnut
Haryana,Kaithal,Sandy Soil,Kharif,19.7,66,144.9,Maize,Muskmelon
Haryana,Kaithal,Sandy Soil,Rabi,27.8,66,310.8,Mango,Groundnut
Haryana,Kaithal,Alluvial Soil,Rabi,26.4,83,301.5,Coconut,Maize
Haryana,Kaithal,Red Soil,Kharif,22.1,50,99.7,Papaya,Millets
Haryana,Kaithal,Alluvial Soil,Zaid,18.7,83,320.0,Coconut,Wheat
Haryana,Kaithal,Sandy Soil,Whole Year,31.0,70,204.2,Coconut,Watermelon
Haryana,Kaithal,Alluvial Soil,Whole Year,25.0,54,115.2,Rice,Maize
Haryana,Kaithal,Laterite Soil,Rabi,34.5,89,185.4,Maize,Tea
Haryana,Kaithal,Red Soil,Whole Year,24.2,59,288.3,Lentil,Pulses
Haryana,Kaithal,Loamy Soil,Rabi,31.1,73,280.3,Coconut,Wheat
Haryana,Kaithal,Laterite Soil,Zaid,37.1,44,264.1,Papaya,Cashew
Haryana,Kaithal,Laterite Soil,Rabi,29.8,45,178.2,Coconut,Cashew
Haryana,Kaithal,Laterite Soil,Rabi,39.4,82,309.9,Jute,Cashew
Haryana,Kaithal,Red Soil,Whole Year,22.1,71,35.8,Maize,Pulses
Haryana,Kaithal,Alluvial Soil,Zaid,30.9,66,162.4,Muskmelon,Rice
Haryana,Kaithal,Loamy Soil,Rabi,22.7,68,326.8,Watermelon,Rice
Haryana,Kaithal,Loamy Soil,Zaid,27.2,74,60.5,Blackgram,Rice
Haryana,Kaithal,Loamy Soil,Rabi,38.4,63,117.9,Maize,Rice
Haryana,Karnal,Loamy Soil,Kharif,32.5,84,279.2,Kidneybeans,Wheat
Haryana,Karnal,Loamy Soil,Whole Year,29.4,61,80.6,Orange,Rice
Haryana,Karnal,Red Soil,Whole Year,36.2,44,201.3,Mango,Millets
Haryana,Karnal,Alluvial Soil,Whole Year,25.9,78,162.5,Chickpea,Rice
Haryana,Karnal,Laterite Soil,Rabi,28.4,87,222.8,Banana,Coffee
Haryana,Karnal,Alluvial Soil,Kharif,37.3,90,91.9,Mothbeans,Sugarcane
Haryana,Karnal,Red Soil,Zaid,29.9,75,82.9,Mothbeans,Groundnut
Haryana,Karnal,Alluvial Soil,Rabi,33.5,70,173.9,Chickpea,Sugarcane
Haryana,Karnal,Sandy Soil,Kharif,35.2,56,327.8,Rice,Muskmelon
Haryana,Karnal,Red Soil,Kharif,33.6,43,77.6,Watermelon,Millets
Haryana,Karnal,Alluvial Soil,Kharif,32.7,45,131.3,Lentil,Maize
Haryana,Karnal,Sandy Soil,Kharif,38.6,90,24.8,Papaya,Watermelon
Haryana,Karnal,Alluvial Soil,Zaid,22.6,46,45.0,Maize,Wheat
Haryana,Karnal,Laterite Soil,Rabi,24.5,84,231.7,Orange,Coffee
Haryana,Karnal,Laterite Soil,Rabi,22.0,84,142.1,Maize,Coffee
Haryana,Karnal,Sandy Soil,Whole Year,22.0,84,129.5,Pigeonpeas,Watermelon
Haryana,Karnal,Red Soil,Zaid,36.1,55,316.4,Pomegranate,Millets
Haryana,Karnal,Sandy Soil,Rabi,37.5,85,221.4,Apple,Groundnut
Haryana,Karnal,Laterite Soil,Whole Year,22.4,46,71.3,Apple,Cashew
Haryana,Karnal,Sandy Soil,Rabi,38.8,82,289.4,Rice,Groundnut
Haryana,Kurukshetra,Black Soil,Zaid,20.1,51,292.6,Chickpea,Jowar
Haryana,Kurukshetra,Laterite Soil,Kharif,20.6,81,125.3,Muskmelon,Tea
Haryana,Kurukshetra,Loamy Soil,Zaid,28.7,93,209.5,Rice,Maize
Haryana,Kurukshetra,Loamy Soil,Whole Year,32.8,55,170.0,Lentil,Rice
Haryana,Kurukshetra,Black Soil,Whole Year,19.4,78,293.7,Maize,Jowar
Haryana,Kurukshetra,Red Soil,Zaid,26.4,65,38.3,Pigeonpeas,Groundnut
Haryana,Kurukshetra,Alluvial Soil,Zaid,24.6,66,284.3,Pomegranate,Sugarcane
Haryana,Kurukshetra,Alluvial Soil,Whole Year,26.1,91,53.7,Kidneybeans,Maize
Haryana,Kurukshetra,Alluvial Soil,Zaid,29.9,82,77.6,Muskmelon,Rice
Haryana,Kurukshetra,Laterite Soil,Kharif,37.4,54,62.1,Mungbean,Coffee
Haryana,Kurukshetra,Loamy Soil,Rabi,31.0,87,48.5,Kidneybeans,Maize
Haryana,Kurukshetra,Loamy Soil,Rabi,34.0,49,205.7,Apple,Maize
Haryana,Kurukshetra,Loamy Soil,Kharif,33.5,95,49.4,Muskmelon,Sugarcane
Haryana,Kurukshetra,Loamy Soil,Rabi,25.4,92,74.6,Lentil,Maize
Haryana,Kurukshetra,Laterite Soil,Rabi,27.0,44,271.7,Watermelon,Cashew
Haryana,Kurukshetra,Laterite Soil,Kharif,36.0,51,39.4,Orange,Tea
Haryana,Kurukshetra,Laterite Soil,Whole Year,33.7,62,85.9,Muskmelon,Coffee
Haryana,Kurukshetra,Red Soil,Kharif,25.4,55,191.2,Chickpea,Groundnut
Haryana,Kurukshetra,Laterite Soil,Rabi,34.2,77,324.9,Maize,Coffee
Haryana,Kurukshetra,Loamy Soil,Kharif,35.9,76,340.4,Maize,Maize
Haryana,Mahendragarh,Sandy Soil,Kharif,39.4,66,312.7,Muskmelon,Watermelon
Haryana,Mahendragarh,Alluvial Soil,Whole Year,32.7,60,271.5,Kidneybeans,Rice
Haryana,Mahendragarh,Sandy Soil,Kharif,34.3,91,305.7,Mothbeans,Muskmelon
Haryana,Mahendragarh,Sandy Soil,Zaid,31.8,95,160.4,Mothbeans,Watermelon
Haryana,Mahendragarh,Laterite Soil,Whole Year,22.1,80,215.1,Mothbeans,Tea
Haryana,Mahendragarh,Black Soil,Rabi,31.2,89,145.1,Jute,Jowar
Haryana,Mahendragarh,Sandy Soil,Kharif,38.9,72,71.3,Rice,Watermelon
Haryana,Mahendragarh,Laterite Soil,Rabi,25.8,95,230.0,Pomegranate,Coffee
Haryana,Mahendragarh,Loamy Soil,Rabi,32.7,78,102.9,Mungbean,Sugarcane
Haryana,Mahendragarh,Loamy Soil,Zaid,37.6,78,216.7,Watermelon,Rice
Haryana,Mahendragarh,Alluvial Soil,Whole Year,24.5,67,101.3,Cotton,Sugarcane
Haryana,Mahendragarh,Loamy Soil,Whole Year,21.6,60,304.8,Apple,Sugarcane
Haryana,Mahendragarh,Sandy Soil,Whole Year,28.1,69,81.0,Banana,Groundnut
Haryana,Mahendragarh,Alluvial Soil,Zaid,22.1,70,184.3,Papaya,Sugarcane
Haryana,Mahendragarh,Sandy Soil,Rabi,33.7,82,182.6,Coffee,Watermelon
Haryana,Mahendragarh,Loamy Soil,Zaid,39.4,73,30.9,Mango,Maize
Haryana,Mahendragarh,Laterite Soil,Rabi,39.0,40,284.9,Mothbeans,Cashew
Haryana,Mahendragarh,Alluvial Soil,Kharif,31.0,48,144.0,Pomegranate,Rice
Haryana,Mahendragarh,Red Soil,Zaid,37.5,60,86.9,Kidneybeans,Millets
Haryana,Mahendragarh,Black Soil,Rabi,22.2,75,56.7,Coconut,Cotton
Haryana,Nuh,Black Soil,Whole Year,31.1,61,86.3,Blackgram,Soybean
Haryana,Nuh,Sandy Soil,Rabi,31.0,82,321.7,Apple,Muskmelon
Haryana,Nuh,Loamy Soil,Kharif,32.4,68,338.6,Grapes,Wheat
Haryana,Nuh,Black Soil,Kharif,36.3,92,99.4,Lentil,Cotton
Haryana,Nuh,Laterite Soil,Kharif,23.1,52,210.6,Chickpea,Cashew
Haryana,Nuh,Loamy Soil,Rabi,39.7,58,345.9,Jute,Sugarcane
Haryana,Nuh,Sandy Soil,Kharif,18.6,72,248.6,Jute,Watermelon
Haryana,Nuh,Sandy Soil,Whole Year,36.1,47,77.7,Jute,Watermelon
Haryana,Nuh,Black Soil,Rabi,37.9,55,245.1,Mango,Soybean
Haryana,Nuh,Loamy Soil,Rabi,18.3,50,346.9,Mango,Maize
Haryana,Nuh,Loamy Soil,Zaid,33.5,61,34.7,Chickpea,Maize
Haryana,Nuh,Red Soil,Whole Year,29.8,78,138.0,Coconut,Groundnut
Haryana,Nuh,Loamy Soil,Kharif,34.8,50,57.5,Banana,Rice
Haryana,Nuh,Loamy Soil,Rabi,32.2,41,290.7,Orange,Rice
Haryana,Nuh,Black Soil,Whole Year,26.7,72,64.2,Coconut,Cotton
Haryana,Nuh,Black Soil,Zaid,28.1,92,182.3,Kidneybeans,Jowar
Haryana,Nuh,Loamy Soil,Whole Year,21.2,41,42.4,Pigeonpeas,Rice
Haryana,Nuh,Red Soil,Whole Year,28.9,74,348.2,Blackgram,Pulses
Haryana,Nuh,Red Soil,Rabi,22.5,49,154.5,Maize,Groundnut
Haryana,Nuh,Sandy Soil,Rabi,27.6,94,155.1,Orange,Muskmelon
Haryana,Palwal,Laterite Soil,Zaid,37.1,87,229.7,Lentil,Cashew
Haryana,Palwal,Red Soil,Whole Year,25.3,71,125.0,Muskmelon,Groundnut
Haryana,Palwal,Alluvial Soil,Zaid,32.5,78,258.0,Coconut,Rice
Haryana,Palwal,Black Soil,Zaid,28.7,42,22.4,Coffee,Jowar
Haryana,Palwal,Alluvial Soil,Whole Year,31.3,85,309.7,Banana,Maize
Haryana,Palwal,Black Soil,Kharif,35.8,83,114.0,Cotton,Cotton
Haryana,Palwal,Black Soil,Zaid,22.9,81,171.8,Pomegranate,Soybean
Haryana,Palwal,Loamy Soil,Zaid,24.5,60,167.7,Mungbean,Rice
Haryana,Palwal,Loamy Soil,Whole Year,27.1,55,53.3,Chickpea,Rice
Haryana,Palwal,Black Soil,Whole Year,28.1,72,102.4,Pigeonpeas,Cotton
Haryana,Palwal,Laterite Soil,Whole Year,37.1,56,89.7,Kidneybeans,Coffee
Haryana,Palwal,Sandy Soil,Kharif,30.4,84,247.9,Pomegranate,Groundnut
Haryana,Palwal,Black Soil,Rabi,30.4,49,345.6,Jute,Jowar
Haryana,Palwal,Red Soil,Kharif,26.0,57,114.7,Kidneybeans,Millets
Haryana,Palwal,Sandy Soil,Whole Year,29.4,81,138.4,Mungbean,Groundnut
Haryana,Palwal,Black Soil,Whole Year,24.6,46,77.0,Mango,Jowar
Haryana,Palwal,Red Soil,Rabi,19.6,47,95.7,Rice,Pulses
Haryana,Palwal,Black Soil,Kharif,36.4,77,38.8,Cotton,Jowar
Haryana,Palwal,Laterite Soil,Rabi,21.4,69,44.9,Mungbean,Cashew
Haryana,Palwal,Sandy Soil,Kharif,28.0,47,288.8,Mango,Watermelon
Haryana,Panchkula,Loamy Soil,Zaid,27.0,83,35.5,Pigeonpeas,Wheat
Haryana,Panchkula,Laterite Soil,Zaid,26.4,74,164.4,Jute,Cashew
Haryana,Panchkula,Black Soil,Rabi,39.7,64,56.8,Muskmelon,Soybean
Haryana,Panchkula,Sandy Soil,Whole Year,30.5,40,65.6,Lentil,Watermelon
Haryana,Panchkula,Sandy Soil,Rabi,26.4,69,228.7,Lentil,Muskmelon
Haryana,Panchkula,Laterite Soil,Whole Year,22.8,85,344.5,Cotton,Tea
Haryana,Panchkula,Loamy Soil,Zaid,31.0,61,308.8,Watermelon,Maize
Haryana,Panchkula,Alluvial Soil,Whole Year,35.4,85,266.8,Mango,Wheat
Haryana,Panchkula,Sandy Soil,Rabi,33.9,93,71.9,Orange,Groundnut
Haryana,Panchkula,Red Soil,Kharif,28.1,67,132.5,Blackgram,Groundnut
Haryana,Panchkula,Black Soil,Whole Year,32.2,67,27.4,Apple,Jowar
Haryana,Panchkula,Loamy Soil,Rabi,26.8,64,102.9,Pigeonpeas,Sugarcane
Haryana,Panchkula,Alluvial Soil,Kharif,30.4,87,171.6,Jute,Sugarcane
Haryana,Panchkula,Red Soil,Whole Year,21.0,49,169.9,Banana,Pulses
Haryana,Panchkula,Black Soil,Zaid,28.0,58,106.3,Muskmelon,Jowar
Haryana,Panchkula,Red Soil,Whole Year,38.8,52,232.6,Maize,Millets
Haryana,Panchkula,Sandy Soil,Kharif,23.1,79,115.9,Rice,Watermelon
Haryana,Panchkula,Black Soil,Kharif,28.5,83,346.0,Grapes,Cotton
Haryana,Panchkula,Loamy Soil,Rabi,36.9,53,159.1,Papaya,Maize
Haryana,Panchkula,Red Soil,Rabi,37.9,80,145.9,Kidneybeans,Pulses
Haryana,Panipat,Black Soil,Rabi,36.0,93,240.7,Blackgram,Cotton
Haryana,Panipat,Laterite Soil,Rabi,30.1,40,163.4,Coconut,Cashew
Haryana,Panipat,Black Soil,Whole Year,39.4,90,328.2,Mothbeans,Soybean
Haryana,Panipat,Red Soil,Whole Year,25.8,52,215.3,Pomegranate,Millets
Haryana,Panipat,Loamy Soil,Whole Year,20.9,68,305.9,Pomegranate,Rice
Haryana,Panipat,Alluvial Soil,Zaid,24.1,62,34.9,Papaya,Sugarcane
Haryana,Panipat,Loamy Soil,Whole Year,26.0,58,162.5,Mango,Maize
Haryana,Panipat,Black Soil,Kharif,30.8,90,50.0,Mothbeans,Cotton
Haryana,Panipat,Sandy Soil,Rabi,22.8,73,54.3,Watermelon,Groundnut
Haryana,Panipat,Alluvial Soil,Whole Year,31.2,79,117.7,Pigeonpeas,Maize
Haryana,Panipat,Loamy Soil,Zaid,26.8,46,273.3,Maize,Maize
Haryana,Panipat,Sandy Soil,Zaid,30.4,49,95.3,Pigeonpeas,Watermelon
Haryana,Panipat,Loamy Soil,Whole Year,31.4,93,69.9,Kidneybeans,Wheat
Haryana,Panipat,Loamy Soil,Whole Year,21.5,52,305.2,Coconut,Maize
Haryana,Panipat,Laterite Soil,Rabi,32.2,64,159.5,Mothbeans,Cashew
Haryana,Panipat,Sandy Soil,Zaid,36.8,57,266.3,Cotton,Muskmelon
Haryana,Panipat,Alluvial Soil,Zaid,20.7,62,228.5,Chickpea,Maize
Haryana,Panipat,Loamy Soil,Whole Year,27.9,79,58.9,Jute,Maize
Haryana,Panipat,Laterite Soil,Zaid,38.6,74,203.3,Papaya,Coffee
Haryana,Panipat,Red Soil,Whole Year,26.0,43,247.3,Coconut,Groundnut
Haryana,Rewari,Loamy Soil,Zaid,22.6,72,100.8,Pigeonpeas,Maize
Haryana,Rewari,Red Soil,Zaid,23.0,60,168.3,Orange,Pulses
Haryana,Rewari,Alluvial Soil,Whole Year,30.0,40,349.6,Mungbean,Wheat
Haryana,Rewari,Laterite Soil,Rabi,18.0,65,320.0,Chickpea,Tea
Haryana,Rewari,Black Soil,Zaid,23.0,53,108.6,Papaya,Jowar
Haryana,Rewari,Black Soil,Zaid,26.1,82,41.6,Cotton,Jowar
Haryana,Rewari,Alluvial Soil,Kharif,24.1,59,72.4,Rice,Wheat
Haryana,Rewari,Red Soil,Kharif,29.7,81,297.7,Cotton,Millets
Haryana,Rewari,Alluvial Soil,Kharif,27.7,77,22.7,Kidneybeans,Maize
Haryana,Rewari,Loamy Soil,Zaid,21.5,92,323.3,Kidneybeans,Wheat
Haryana,Rewari,Black Soil,Rabi,38.6,55,324.3,Coffee,Jowar
Haryana,Rewari,Laterite Soil,Whole Year,26.7,81,83.4,Cotton,Coffee
Haryana,Rewari,Alluvial Soil,Rabi,31.6,86,299.7,Pomegranate,Maize
Haryana,Rewari,Loamy Soil,Rabi,20.3,45,282.4,Papaya,Wheat
Haryana,Rewari,Red Soil,Whole Year,34.3,83,59.3,Mothbeans,Pulses
Haryana,Rewari,Laterite Soil,Kharif,19.4,73,51.0,Cotton,Tea
Haryana,Rewari,Black Soil,Whole Year,21.3,91,301.6,Jute,Soybean
Haryana,Rewari,Alluvial Soil,Zaid,23.8,63,222.7,Maize,Maize
Haryana,Rewari,Red Soil,Kharif,37.9,56,208.9,Chickpea,Pulses
Haryana,Rewari,Black Soil,Kharif,26.8,87,345.2,Pigeonpeas,Cotton
Haryana,Rohtak,Alluvial Soil,Kharif,24.4,93,27.2,Papaya,Wheat
Haryana,Rohtak,Alluvial Soil,Rabi,24.4,51,213.5,Coconut,Wheat
Haryana,Rohtak,Laterite Soil,Zaid,23.6,45,98.3,Grapes,Cashew
Haryana,Rohtak,Laterite Soil,Rabi,20.3,91,171.7,Mothbeans,Coffee
Haryana,Rohtak,Loamy Soil,Rabi,19.9,62,133.2,Pigeonpeas,Wheat
Haryana,Rohtak,Loamy Soil,Zaid,34.9,85,290.2,Cotton,Wheat
Haryana,Rohtak,Sandy Soil,Rabi,36.6,40,137.4,Grapes,Watermelon
Haryana,Rohtak,Red Soil,Whole Year,36.1,50,324.4,Muskmelon,Groundnut
Haryana,Rohtak,Sandy Soil,Whole Year,29.1,45,104.9,Pomegranate,Groundnut
Haryana,Rohtak,Black Soil,Whole Year,26.7,74,333.5,Blackgram,Jowar
Haryana,Rohtak,Laterite Soil,Rabi,30.9,85,302.6,Lentil,Cashew
Haryana,Rohtak,Black Soil,Rabi,21.9,51,195.6,Mothbeans,Jowar
Haryana,Rohtak,Red Soil,Zaid,28.9,47,88.7,Maize,Pulses
Haryana,Rohtak,Sandy Soil,Whole Year,27.6,75,307.3,Grapes,Muskmelon
Haryana,Rohtak,Sandy Soil,Kharif,36.4,44,183.9,Chickpea,Watermelon
Haryana,Rohtak,Loamy Soil,Rabi,34.6,88,199.5,Blackgram,Rice
Haryana,Rohtak,Red Soil,Whole Year,31.0,65,84.5,Pomegranate,Groundnut
Haryana,Rohtak,Red Soil,Zaid,37.1,91,280.4,Cotton,Millets
Haryana,Rohtak,Red Soil,Whole Year,21.2,71,230.4,Papaya,Groundnut
Haryana,Rohtak,Sandy Soil,Rabi,34.1,77,23.6,Apple,Watermelon
Haryana,Sirsa,Laterite Soil,Kharif,19.6,90,329.4,Orange,Coffee
Haryana,Sirsa,Laterite Soil,Rabi,28.8,54,234.2,Coconut,Coffee
Haryana,Sirsa,Red Soil,Zaid,24.4,76,180.4,Papaya,Millets
Haryana,Sirsa,Black Soil,Zaid,32.8,81,320.0,Mango,Cotton
Haryana,Sirsa,Loamy Soil,Whole Year,19.2,65,27.9,Apple,Maize
Haryana,Sirsa,Laterite Soil,Rabi,36.0,45,163.2,Muskmelon,Coffee
Haryana,Sirsa,Red Soil,Whole Year,31.8,88,235.6,Blackgram,Pulses
Haryana,Sirsa,Loamy Soil,Kharif,24.3,73,52.1,Orange,Wheat
Haryana,Sirsa,Laterite Soil,Rabi,20.8,80,177.8,Muskmelon,Coffee
Haryana,Sirsa,Loamy Soil,Rabi,36.6,77,255.8,Cotton,Maize
Haryana,Sirsa,Black Soil,Rabi,24.1,85,113.4,Cotton,Cotton
Haryana,Sirsa,Loamy Soil,Rabi,27.4,90,108.9,Mungbean,Wheat
Haryana,Sirsa,Alluvial Soil,Whole Year,20.8,61,122.6,Muskmelon,Wheat
Haryana,Sirsa,Loamy Soil,Whole Year,36.9,52,100.1,Rice,Wheat
Haryana,Sirsa,Red Soil,Whole Year,33.1,54,157.7,Banana,Groundnut
Haryana,Sirsa,Sandy Soil,Whole Year,33.8,45,220.4,Papaya,Muskmelon
Haryana,Sirsa,Sandy Soil,Whole Year,38.4,84,119.8,Pomegranate,Watermelon
Haryana,Sirsa,Alluvial Soil,Kharif,39.7,49,255.7,Orange,Rice
Haryana,Sirsa,Loamy Soil,Rabi,30.8,93,142.0,Blackgram,Maize
Haryana,Sirsa,Black Soil,Rabi,26.3,51,27.1,Muskmelon,Jowar
Haryana,Sonipat,Laterite Soil,Rabi,36.7,53,204.3,Papaya,Coffee
Haryana,Sonipat,Alluvial Soil,Whole Year,32.1,73,296.3,Coffee,Rice
Haryana,Sonipat,Black Soil,Whole Year,19.9,77,238.2,Maize,Soybean
Haryana,Sonipat,Red Soil,Rabi,27.8,40,340.1,Banana,Pulses
Haryana,Sonipat,Red Soil,Whole Year,32.6,61,149.7,Muskmelon,Groundnut
Haryana,Sonipat,Alluvial Soil,Whole Year,18.4,55,345.9,Watermelon,Maize
Haryana,Sonipat,Black Soil,Zaid,31.2,49,62.4,Cotton,Jowar
Haryana,Sonipat,Alluvial Soil,Whole Year,30.8,41,102.1,Mango,Sugarcane
Haryana,Sonipat,Laterite Soil,Rabi,21.4,41,218.2,Mango,Cashew
Haryana,Sonipat,Loamy Soil,Whole Year,24.7,55,109.0,Mango,Sugarcane
Haryana,Sonipat,Alluvial Soil,Whole Year,37.2,69,176.5,Muskmelon,Wheat
Haryana,Sonipat,Red Soil,Whole Year,38.1,69,120.6,Muskmelon,Pulses
Haryana,Sonipat,Sandy Soil,Kharif,38.2,57,337.6,Muskmelon,Muskmelon
Haryana,Sonipat,Sandy Soil,Kharif,30.7,85,258.9,Coffee,Watermelon
Haryana,Sonipat,Loamy Soil,Kharif,26.3,78,77.1,Cotton,Wheat
Haryana,Sonipat,Black Soil,Whole Year,38.1,40,332.6,Maize,Soybean
Haryana,Sonipat,Loamy Soil,Zaid,36.9,71,164.9,Maize,Wheat
Haryana,Sonipat,Red Soil,Rabi,25.6,60,240.5,Coffee,Groundnut
Haryana,Sonipat,Red Soil,Whole Year,37.6,45,125.2,Papaya,Millets
Haryana,Sonipat,Alluvial Soil,Zaid,20.1,61,28.4,Papaya,Sugarcane
Haryana,Yamunanagar,Alluvial Soil,Zaid,20.8,50,200.5,Maize,Sugarcane
Haryana,Yamunanagar,Red Soil,Whole Year,22.1,43,108.2,Mothbeans,Pulses
Haryana,Yamunanagar,Black Soil,Kharif,19.6,69,63.6,Jute,Soybean
Haryana,Yamunanagar,Laterite Soil,Zaid,39.3,61,196.4,Pigeonpeas,Cashew
Haryana,Yamunanagar,Black Soil,Zaid,33.0,88,56.9,Pigeonpeas,Soybean
Haryana,Yamunanagar,Loamy Soil,Whole Year,35.2,52,186.5,Coffee,Wheat
Haryana,Yamunanagar,Laterite Soil,Kharif,26.6,45,240.5,Orange,Coffee
Haryana,Yamunanagar,Sandy Soil,Kharif,32.2,86,232.9,Banana,Groundnut
Haryana,Yamunanagar,Loamy Soil,Zaid,26.1,69,187.4,Muskmelon,Wheat
Haryana,Yamunanagar,Alluvial Soil,Whole Year,33.2,64,153.3,Chickpea,Wheat
Haryana,Yamunanagar,Laterite Soil,Rabi,31.1,83,180.7,Mango,Coffee
Haryana,Yamunanagar,Alluvial Soil,Rabi,39.0,60,222.7,Watermelon,Wheat
Haryana,Yamunanagar,Alluvial Soil,Kharif,23.1,44,288.7,Pomegranate,Maize
Haryana,Yamunanagar,Sandy Soil,Kharif,23.2,51,129.4,Jute,Groundnut
Haryana,Yamunanagar,Black Soil,Zaid,29.0,66,95.0,Muskmelon,Cotton
Haryana,Yamunanagar,Sandy Soil,Zaid,21.9,42,239.3,Grapes,Groundnut
Haryana,Yamunanagar,Sandy Soil,Kharif,24.6,52,43.3,Chickpea,Groundnut
Haryana,Yamunanagar,Red Soil,Kharif,33.1,53,115.0,Mothbeans,Groundnut
Haryana,Yamunanagar,Alluvial Soil,Kharif,32.7,79,32.4,Mungbean,Rice
Haryana,Yamunanagar,Alluvial Soil,Zaid,36.4,91,125.9,Maize,Maize
Bihar,Araria,Black Soil,Rabi,25.2,91,215.0,Papaya,Cotton
Bihar,Araria,Loamy Soil,Whole Year,36.5,42,248.9,Mungbean,Maize
Bihar,Araria,Sandy Soil,Rabi,27.0,88,81.4,Kidneybeans,Watermelon
Bihar,Araria,Laterite Soil,Kharif,38.4,85,163.0,Mango,Tea
Bihar,Araria,Alluvial Soil,Whole Year,19.1,78,99.8,Apple,Rice
Bihar,Araria,Sandy Soil,Zaid,23.4,51,206.3,Grapes,Groundnut
Bihar,Araria,Alluvial Soil,Zaid,33.8,93,116.4,Pigeonpeas,Wheat
Bihar,Araria,Loamy Soil,Kharif,28.2,44,73.5,Pigeonpeas,Maize
Bihar,Araria,Red Soil,Kharif,19.6,58,39.2,Rice,Groundnut
Bihar,Araria,Black Soil,Whole Year,29.0,75,181.8,Coffee,Cotton
Bihar,Araria,Red Soil,Zaid,24.6,67,114.6,Banana,Groundnut
Bihar,Araria,Sandy Soil,Zaid,21.7,42,43.4,Muskmelon,Groundnut
Bihar,Araria,Alluvial Soil,Zaid,25.6,89,320.7,Orange,Rice
Bihar,Araria,Sandy Soil,Kharif,31.0,68,87.4,Banana,Muskmelon
Bihar,Araria,Sandy Soil,Kharif,19.2,76,327.7,Maize,Groundnut
Bihar,Araria,Alluvial Soil,Whole Year,24.0,59,330.2,Pomegranate,Maize
Bihar,Araria,Laterite Soil,Rabi,26.2,81,348.9,Kidneybeans,Coffee
Bihar,Araria,Laterite Soil,Zaid,35.0,83,24.3,Muskmelon,Coffee
Bihar,Araria,Black Soil,Zaid,22.1,75,192.6,Rice,Cotton
Bihar,Araria,Red Soil,Zaid,22.7,81,261.9,Kidneybeans,Groundnut
Bihar,Arwal,Laterite Soil,Rabi,28.0,71,212.0,Jute,Cashew
Bihar,Arwal,Loamy Soil,Kharif,22.1,77,340.3,Jute,Sugarcane
Bihar,Arwal,Sandy Soil,Whole Year,32.9,89,55.9,Mothbeans,Groundnut
Bihar,Arwal,Alluvial Soil,Zaid,21.6,51,66.3,Chickpea,Wheat
Bihar,Arwal,Loamy Soil,Rabi,19.1,52,100.3,Banana,Wheat
Bihar,Arwal,Sandy Soil,Kharif,32.2,83,238.7,Jute,Watermelon
Bihar,Arwal,Alluvial Soil,Zaid,31.8,48,223.5,Rice,Wheat
Bihar,Arwal,Red Soil,Whole Year,35.9,44,201.9,Papaya,Pulses
Bihar,Arwal,Laterite Soil,Kharif,19.1,46,133.8,Chickpea,Cashew
Bihar,Arwal,Black Soil,Zaid,18.1,45,104.3,Mungbean,Jowar
Bihar,Arwal,Red Soil,Kharif,20.7,91,263.6,Maize,Millets
Bihar,Arwal,Loamy Soil,Kharif,33.1,92,305.7,Papaya,Rice
Bihar,Arwal,Red Soil,Kharif,28.9,56,157.9,Pigeonpeas,Pulses
Bihar,Arwal,Sandy Soil,Whole Year,30.4,77,272.4,Jute,Groundnut
Bihar,Arwal,Red Soil,Whole Year,20.8,54,196.2,Cotton,Groundnut
Bihar,Arwal,Laterite Soil,Kharif,33.5,68,339.2,Orange,Cashew
Bihar,Arwal,Red Soil,Rabi,37.3,81,311.2,Jute,Groundnut
Bihar,Arwal,Sandy Soil,Rabi,19.8,52,110.3,Chickpea,Muskmelon
Bihar,Arwal,Loamy Soil,Zaid,24.9,63,113.2,Rice,Wheat
Bihar,Arwal,Sandy Soil,Kharif,38.5,43,170.1,Watermelon,Watermelon
Bihar,Aurangabad,Laterite Soil,Rabi,32.1,63,214.0,Coconut,Tea
Bihar,Aurangabad,Loamy Soil,Whole Year,35.9,60,225.2,Blackgram,Maize
Bihar,Aurangabad,Sandy Soil,Rabi,33.2,62,144.6,Orange,Watermelon
Bihar,Aurangabad,Laterite Soil,Kharif,32.7,41,334.7,Apple,Cashew
Bihar,Aurangabad,Loamy Soil,Whole Year,39.3,83,186.6,Mothbeans,Maize
Bihar,Aurangabad,Laterite Soil,Rabi,29.0,93,37.7,Grapes,Coffee
Bihar,Aurangabad,Red Soil,Zaid,23.3,68,149.0,Chickpea,Pulses
Bihar,Aurangabad,Sandy Soil,Rabi,35.4,69,20.3,Mango,Muskmelon
Bihar,Aurangabad,Sandy Soil,Zaid,23.3,81,308.7,Rice,Muskmelon
Bihar,Aurangabad,Loamy Soil,Kharif,20.8,68,79.0,Rice,Sugarcane
Bihar,Aurangabad,Black Soil,Rabi,33.2,83,123.2,Banana,Jowar
Bihar,Aurangabad,Red Soil,Zaid,30.9,85,228.4,Chickpea,Millets
Bihar,Aurangabad,Sandy Soil,Kharif,20.3,55,240.1,Rice,Muskmelon
Bihar,Aurangabad,Laterite Soil,Whole Year,33.9,78,59.7,Jute,Tea
Bihar,Aurangabad,Laterite Soil,Whole Year,30.6,76,36.1,Pigeonpeas,Tea
Bihar,Aurangabad,Alluvial Soil,Rabi,32.4,65,68.1,Orange,Sugarcane
Bihar,Aurangabad,Laterite Soil,Zaid,28.9,53,50.3,Grapes,Cashew
Bihar,Aurangabad,Sandy Soil,Rabi,39.5,46,237.1,Apple,Groundnut
Bihar,Aurangabad,Red Soil,Rabi,21.8,58,154.1,Grapes,Pulses
Bihar,Aurangabad,Laterite Soil,Rabi,38.4,94,148.3,Chickpea,Coffee
Bihar,Banka,Alluvial Soil,Whole Year,40.0,56,312.4,Banana,Sugarcane
Bihar,Banka,Alluvial Soil,Zaid,21.6,60,205.9,Pigeonpeas,Wheat
Bihar,Banka,Sandy Soil,Kharif,28.2,69,65.2,Papaya,Watermelon
Bihar,Banka,Red Soil,Zaid,21.8,74,316.5,Maize,Pulses
Bihar,Banka,Black Soil,Rabi,39.0,87,44.6,Maize,Soybean
Bihar,Banka,Black Soil,Whole Year,28.0,57,68.1,Rice,Jowar
Bihar,Banka,Sandy Soil,Rabi,29.2,71,80.2,Chickpea,Groundnut
Bihar,Banka,Loamy Soil,Zaid,18.1,53,212.8,Lentil,Sugarcane
Bihar,Banka,Black Soil,Kharif,23.5,74,283.0,Kidneybeans,Cotton
Bihar,Banka,Black Soil,Zaid,25.0,88,195.2,Mungbean,Soybean
Bihar,Banka,Black Soil,Zaid,38.6,56,29.1,Watermelon,Cotton
Bihar,Banka,Red Soil,Whole Year,38.7,73,64.0,Orange,Pulses
Bihar,Banka,Sandy Soil,Whole Year,27.2,72,99.0,Papaya,Muskmelon
Bihar,Banka,Black Soil,Kharif,25.8,51,325.5,Banana,Jowar
Bihar,Banka,Loamy Soil,Kharif,26.5,69,186.6,Coffee,Rice
Bihar,Banka,Loamy Soil,Rabi,30.7,93,144.6,Maize,Maize
Bihar,Banka,Alluvial Soil,Kharif,21.6,44,98.3,Pomegranate,Maize
Bihar,Banka,Laterite Soil,Whole Year,19.4,65,88.2,Grapes,Cashew
Bihar,Banka,Laterite Soil,Whole Year,20.5,87,338.1,Chickpea,Coffee
Bihar,Banka,Laterite Soil,Rabi,38.7,44,116.5,Kidneybeans,Coffee
Bihar,Begusarai,Sandy Soil,Zaid,24.6,47,128.6,Mothbeans,Muskmelon
Bihar,Begusarai,Sandy Soil,Zaid,19.2,59,278.3,Grapes,Watermelon
Bihar,Begusarai,Sandy Soil,Rabi,18.7,80,101.2,Jute,Watermelon
Bihar,Begusarai,Red Soil,Zaid,25.8,56,236.2,Muskmelon,Pulses
Bihar,Begusarai,Sandy Soil,Rabi,23.2,42,236.4,Watermelon,Groundnut
Bihar,Begusarai,Alluvial Soil,Rabi,25.7,95,330.2,Grapes,Sugarcane
Bihar,Begusarai,Sandy Soil,Whole Year,23.1,88,219.3,Jute,Groundnut
Bihar,Begusarai,Alluvial Soil,Whole Year,36.2,85,138.6,Banana,Wheat
Bihar,Begusarai,Loamy Soil,Whole Year,35.3,95,257.3,Chickpea,Rice
Bihar,Begusarai,Alluvial Soil,Kharif,26.0,51,168.2,Coconut,Wheat
Bihar,Begusarai,Loamy Soil,Whole Year,28.5,85,200.6,Chickpea,Wheat
Bihar,Begusarai,Alluvial Soil,Rabi,37.3,51,93.0,Coffee,Wheat
Bihar,Begusarai,Red Soil,Kharif,39.6,41,210.7,Grapes,Groundnut
Bihar,Begusarai,Laterite Soil,Rabi,34.6,60,151.0,Apple,Coffee
Bihar,Begusarai,Loamy Soil,Kharif,26.7,43,290.7,Blackgram,Rice
Bihar,Begusarai,Loamy Soil,Whole Year,28.9,91,230.0,Mungbean,Maize
Bihar,Begusarai,Loamy Soil,Rabi,22.0,88,224.9,Papaya,Rice
Bihar,Begusarai,Laterite Soil,Kharif,31.6,44,118.1,Mothbeans,Coffee
Bihar,Begusarai,Black Soil,Rabi,30.1,68,40.5,Apple,Soybean
Bihar,Begusarai,Black Soil,Whole Year,29.9,79,71.0,Mothbeans,Jowar
Bihar,Bhagalpur,Sandy Soil,Whole Year,32.7,42,159.3,Rice,Groundnut
Bihar,Bhagalpur,Sandy Soil,Zaid,20.4,86,300.5,Muskmelon,Muskmelon
Bihar,Bhagalpur,Black Soil,Kharif,31.3,84,175.5,Grapes,Jowar
Bihar,Bhagalpur,Red Soil,Zaid,34.5,86,221.2,Pomegranate,Millets
Bihar,Bhagalpur,Alluvial Soil,Zaid,31.3,57,292.6,Lentil,Sugarcane
Bihar,Bhagalpur,Loamy Soil,Kharif,39.5,54,121.4,Cotton,Maize
Bihar,Bhagalpur,Red Soil,Kharif,28.1,43,190.9,Grapes,Pulses
Bihar,Bhagalpur,Laterite Soil,Zaid,18.4,72,182.0,Blackgram,Tea
Bihar,Bhagalpur,Alluvial Soil,Zaid,38.2,66,68.0,Jute,Wheat
Bihar,Bhagalpur,Sandy Soil,Kharif,30.4,77,295.0,Watermelon,Groundnut
Bihar,Bhagalpur,Black Soil,Whole Year,29.3,94,116.1,Mango,Soybean
Bihar,Bhagalpur,Black Soil,Kharif,32.7,74,44.1,Pomegranate,Cotton
Bihar,Bhagalpur,Sandy Soil,Whole Year,30.0,92,317.3,Kidneybeans,Watermelon
Bihar,Bhagalpur,Black Soil,Zaid,31.2,88,181.2,Chickpea,Jowar
Bihar,Bhagalpur,Laterite Soil,Whole Year,25.4,81,175.1,Mango,Coffee
Bihar,Bhagalpur,Loamy Soil,Kharif,28.3,44,20.6,Watermelon,Maize
Bihar,Bhagalpur,Loamy Soil,Zaid,33.2,50,129.6,Rice,Rice
Bihar,Bhagalpur,Red Soil,Kharif,33.7,41,148.1,Watermelon,Millets
Bihar,Bhagalpur,Loamy Soil,Zaid,34.0,46,166.7,Grapes,Maize
Bihar,Bhagalpur,Red Soil,Zaid,24.6,74,115.6,Pomegranate,Groundnut
Bihar,Bhojpur,Laterite Soil,Kharif,31.9,48,220.9,Orange,Tea
Bihar,Bhojpur,Black Soil,Rabi,32.0,92,324.1,Apple,Soybean
Bihar,Bhojpur,Laterite Soil,Kharif,25.5,93,295.6,Rice,Tea
Bihar,Bhojpur,Red Soil,Rabi,20.8,51,79.2,Coffee,Pulses
Bihar,Bhojpur,Loamy Soil,Zaid,22.0,84,126.9,Watermelon,Sugarcane
Bihar,Bhojpur,Alluvial Soil,Kharif,23.1,84,62.8,Maize,Sugarcane
Bihar,Bhojpur,Laterite Soil,Zaid,35.5,51,203.3,Banana,Tea
Bihar,Bhojpur,Laterite Soil,Rabi,35.9,54,121.9,Mungbean,Tea
Bihar,Bhojpur,Loamy Soil,Whole Year,34.5,90,212.3,Apple,Sugarcane
Bihar,Bhojpur,Laterite Soil,Rabi,28.1,48,86.7,Blackgram,Coffee
Bihar,Bhojpur,Black Soil,Zaid,30.9,91,44.1,Grapes,Jowar
Bihar,Bhojpur,Loamy Soil,Rabi,35.4,49,175.9,Papaya,Rice
Bihar,Bhojpur,Loamy Soil,Zaid,26.9,82,237.9,Grapes,Wheat
Bihar,Bhojpur,Loamy Soil,Kharif,28.8,61,204.4,Kidneybeans,Maize
Bihar,Bhojpur,Black Soil,Whole Year,37.6,70,332.5,Pomegranate,Jowar
Bihar,Bhojpur,Black Soil,Kharif,36.7,80,327.2,Mungbean,Cotton
Bihar,Bhojpur,Sandy Soil,Rabi,29.1,56,253.6,Watermelon,Watermelon
Bihar,Bhojpur,Sandy Soil,Whole Year,21.7,43,198.5,Maize,Groundnut
Bihar,Bhojpur,Loamy Soil,Rabi,25.1,82,130.4,Mango,Maize
Bihar,Bhojpur,Laterite Soil,Zaid,28.5,40,178.2,Apple,Cashew
Bihar,Buxar,Laterite Soil,Whole Year,24.9,68,109.0,Chickpea,Coffee
Bihar,Buxar,Black Soil,Kharif,29.6,81,257.3,Maize,Jowar
Bihar,Buxar,Laterite Soil,Rabi,30.0,69,298.8,Papaya,Cashew
Bihar,Buxar,Alluvial Soil,Whole Year,22.5,60,262.8,Rice,Wheat
Bihar,Buxar,Loamy Soil,Rabi,33.6,74,222.7,Kidneybeans,Sugarcane
Bihar,Buxar,Laterite Soil,Kharif,39.1,81,131.9,Watermelon,Tea
Bihar,Buxar,Laterite Soil,Rabi,36.4,67,244.9,Cotton,Tea
Bihar,Buxar,Laterite Soil,Rabi,30.5,57,74.3,Lentil,Cashew
Bihar,Buxar,Sandy Soil,Rabi,35.9,82,55.3,Chickpea,Muskmelon
Bihar,Buxar,Laterite Soil,Zaid,33.1,59,25.4,Muskmelon,Cashew
Bihar,Buxar,Laterite Soil,Kharif,36.5,92,204.4,Grapes,Tea
Bihar,Buxar,Laterite Soil,Kharif,39.0,92,46.5,Mungbean,Tea
Bihar,Buxar,Laterite Soil,Whole Year,33.7,51,143.6,Chickpea,Cashew
Bihar,Buxar,Black Soil,Rabi,21.9,85,128.3,Maize,Cotton
Bihar,Buxar,Laterite Soil,Zaid,22.2,75,302.3,Papaya,Tea
Bihar,Buxar,Red Soil,Rabi,25.4,42,205.2,Cotton,Pulses
Bihar,Buxar,Sandy Soil,Kharif,20.1,72,147.6,Apple,Groundnut
Bihar,Buxar,Laterite Soil,Zaid,19.8,56,344.5,Grapes,Tea
Bihar,Buxar,Loamy Soil,Zaid,26.0,83,130.8,Muskmelon,Maize
Bihar,Buxar,Alluvial Soil,Whole Year,35.3,46,92.8,Apple,Sugarcane
Bihar,Darbhanga,Sandy Soil,Whole Year,24.7,74,125.8,Grapes,Muskmelon
Bihar,Darbhanga,Alluvial Soil,Rabi,37.2,45,259.9,Rice,Sugarcane
Bihar,Darbhanga,Loamy Soil,Zaid,33.3,58,220.4,Jute,Wheat
Bihar,Darbhanga,Loamy Soil,Rabi,38.9,60,45.1,Banana,Rice
Bihar,Darbhanga,Loamy Soil,Whole Year,28.8,51,108.7,Coffee,Sugarcane
Bihar,Darbhanga,Alluvial Soil,Kharif,34.6,85,67.9,Pigeonpeas,Rice
Bihar,Darbhanga,Loamy Soil,Rabi,38.1,75,194.0,Pomegranate,Rice
Bihar,Darbhanga,Alluvial Soil,Rabi,22.5,60,263.2,Banana,Rice
Bihar,Darbhanga,Black Soil,Rabi,39.6,48,224.5,Cotton,Jowar
Bihar,Darbhanga,Laterite Soil,Whole Year,21.6,95,251.4,Mothbeans,Tea
Bihar,Darbhanga,Sandy Soil,Whole Year,35.7,61,34.6,Watermelon,Groundnut
Bihar,Darbhanga,Laterite Soil,Whole Year,33.8,51,32.3,Orange,Cashew
Bihar,Darbhanga,Loamy Soil,Whole Year,25.9,58,63.7,Blackgram,Maize
Bihar,Darbhanga,Alluvial Soil,Zaid,21.7,55,348.1,Cotton,Sugarcane
Bihar,Darbhanga,Red Soil,Whole Year,36.5,90,168.8,Banana,Millets
Bihar,Darbhanga,Laterite Soil,Zaid,28.0,76,302.8,Papaya,Cashew
Bihar,Darbhanga,Laterite Soil,Zaid,32.9,70,198.3,Mothbeans,Tea
Bihar,Darbhanga,Alluvial Soil,Kharif,21.6,73,85.3,Lentil,Sugarcane
Bihar,Darbhanga,Red Soil,Kharif,22.2,80,91.4,Maize,Pulses
Bihar,Darbhanga,Black Soil,Zaid,24.1,66,35.9,Kidneybeans,Jowar
Bihar,East Champaran,Loamy Soil,Rabi,30.1,58,145.0,Coconut,Sugarcane
Bihar,East Champaran,Sandy Soil,Zaid,26.5,74,343.9,Pomegranate,Watermelon
Bihar,East Champaran,Laterite Soil,Rabi,19.5,52,349.3,Orange,Tea
Bihar,East Champaran,Black Soil,Zaid,23.8,79,285.0,Maize,Cotton
Bihar,East Champaran,Laterite Soil,Kharif,37.4,84,312.9,Apple,Cashew
Bihar,East Champaran,Black Soil,Whole Year,31.4,51,248.2,Lentil,Soybean
Bihar,East Champaran,Sandy Soil,Whole Year,37.6,46,120.9,Papaya,Groundnut
Bihar,East Champaran,Alluvial Soil,Whole Year,22.1,84,86.1,Cotton,Maize
Bihar,East Champaran,Loamy Soil,Rabi,24.9,40,188.4,Orange,Rice
Bihar,East Champaran,Sandy Soil,Whole Year,18.3,82,75.6,Kidneybeans,Groundnut
Bihar,East Champaran,Loamy Soil,Rabi,38.0,61,333.3,Coffee,Wheat
Bihar,East Champaran,Sandy Soil,Whole Year,33.4,95,32.5,Blackgram,Groundnut
Bihar,East Champaran,Black Soil,Kharif,34.6,74,110.9,Apple,Jowar
Bihar,East Champaran,Alluvial Soil,Whole Year,18.6,81,197.3,Mothbeans,Wheat
Bihar,East Champaran,Black Soil,Whole Year,29.9,87,321.6,Muskmelon,Soybean
Bihar,East Champaran,Black Soil,Zaid,36.0,45,229.5,Coffee,Cotton
Bihar,East Champaran,Sandy Soil,Rabi,23.1,63,125.7,Papaya,Watermelon
Bihar,East Champaran,Red Soil,Rabi,28.0,41,70.9,Mungbean,Groundnut
Bihar,East Champaran,Laterite Soil,Rabi,18.7,53,118.2,Muskmelon,Tea
Bihar,East Champaran,Laterite Soil,Whole Year,19.7,72,136.0,Coffee,Cashew
Bihar,Gaya,Red Soil,Kharif,35.7,74,122.9,Banana,Groundnut
Bihar,Gaya,Black Soil,Whole Year,36.5,45,302.5,Papaya,Jowar
Bihar,Gaya,Sandy Soil,Rabi,37.0,71,201.5,Kidneybeans,Watermelon
Bihar,Gaya,Laterite Soil,Kharif,33.4,44,232.4,Mothbeans,Coffee
Bihar,Gaya,Sandy Soil,Kharif,36.4,63,249.0,Orange,Groundnut
Bihar,Gaya,Loamy Soil,Zaid,38.0,64,315.5,Muskmelon,Wheat
Bihar,Gaya,Black Soil,Zaid,34.3,74,287.3,Blackgram,Jowar
Bihar,Gaya,Red Soil,Zaid,33.7,59,240.1,Papaya,Groundnut
Bihar,Gaya,Black Soil,Whole Year,21.3,90,37.5,Kidneybeans,Cotton
Bihar,Gaya,Black Soil,Zaid,31.9,72,195.8,Papaya,Jowar
Bihar,Gaya,Laterite Soil,Kharif,38.3,84,209.8,Mango,Tea
Bihar,Gaya,Loamy Soil,Rabi,36.8,84,64.9,Grapes,Rice
Bihar,Gaya,Laterite Soil,Whole Year,18.6,68,156.0,Watermelon,Tea
Bihar,Gaya,Alluvial Soil,Rabi,23.6,95,81.4,Rice,Sugarcane
Bihar,Gaya,Loamy Soil,Zaid,29.9,70,34.2,Chickpea,Rice
Bihar,Gaya,Loamy Soil,Zaid,29.4,80,132.9,Coconut,Sugarcane
Bihar,Gaya,Sandy Soil,Kharif,35.6,45,245.4,Mango,Muskmelon
Bihar,Gaya,Laterite Soil,Kharif,39.2,57,47.8,Chickpea,Tea
Bihar,Gaya,Red Soil,Zaid,37.8,63,181.3,Mungbean,Millets
Bihar,Gaya,Black Soil,Zaid,23.3,47,207.3,Rice,Cotton
Bihar,Gopalganj,Sandy Soil,Kharif,18.9,70,59.7,Mungbean,Muskmelon
Bihar,Gopalganj,Red Soil,Zaid,37.5,79,127.2,Apple,Millets
Bihar,Gopalganj,Sandy Soil,Whole Year,27.6,55,96.0,Apple,Muskmelon
Bihar,Gopalganj,Sandy Soil,Rabi,33.2,63,227.1,Orange,Muskmelon
Bihar,Gopalganj,Laterite Soil,Kharif,33.5,74,241.9,Orange,Cashew
Bihar,Gopalganj,Black Soil,Zaid,31.3,51,292.9,Orange,Soybean
Bihar,Gopalganj,Laterite Soil,Zaid,29.1,53,196.2,Cotton,Cashew
Bihar,Gopalganj,Loamy Soil,Zaid,37.5,72,310.0,Cotton,Rice
Bihar,Gopalganj,Red Soil,Zaid,30.4,67,175.8,Pomegranate,Groundnut
Bihar,Gopalganj,Sandy Soil,Kharif,23.0,68,305.7,Cotton,Muskmelon
Bihar,Gopalganj,Black Soil,Kharif,19.4,76,263.0,Banana,Cotton
Bihar,Gopalganj,Loamy Soil,Zaid,18.9,75,38.7,Papaya,Wheat
Bihar,Gopalganj,Sandy Soil,Zaid,39.6,74,160.4,Pomegranate,Watermelon
Bihar,Gopalganj,Loamy Soil,Rabi,34.4,54,205.6,Chickpea,Sugarcane
Bihar,Gopalganj,Laterite Soil,Rabi,24.7,61,310.9,Watermelon,Cashew
Bihar,Gopalganj,Alluvial Soil,Rabi,31.2,81,222.0,Cotton,Maize
Bihar,Gopalganj,Red Soil,Whole Year,39.7,51,112.0,Apple,Groundnut
Bihar,Gopalganj,Loamy Soil,Zaid,22.5,90,118.6,Mungbean,Maize
Bihar,Gopalganj,Black Soil,Zaid,29.7,88,100.5,Coffee,Soybean
Bihar,Gopalganj,Red Soil,Zaid,20.3,41,263.4,Kidneybeans,Groundnut
Bihar,Jamui,Laterite Soil,Kharif,20.2,76,103.4,Mango,Cashew
Bihar,Jamui,Alluvial Soil,Whole Year,20.1,72,102.5,Coffee,Wheat
Bihar,Jamui,Laterite Soil,Kharif,22.0,77,85.4,Pigeonpeas,Coffee
Bihar,Jamui,Sandy Soil,Zaid,34.2,76,230.4,Maize,Watermelon
Bihar,Jamui,Sandy Soil,Zaid,36.2,67,231.9,Coffee,Muskmelon
Bihar,Jamui,Black Soil,Kharif,35.9,73,209.3,Jute,Soybean
Bihar,Jamui,Red Soil,Rabi,36.9,53,276.5,Banana,Groundnut
Bihar,Jamui,Laterite Soil,Rabi,37.8,69,278.9,Papaya,Cashew
Bihar,Jamui,Laterite Soil,Kharif,26.8,90,220.7,Muskmelon,Tea
Bihar,Jamui,Laterite Soil,Zaid,23.5,43,48.3,Jute,Coffee
Bihar,Jamui,Alluvial Soil,Zaid,34.4,72,43.6,Mothbeans,Wheat
Bihar,Jamui,Black Soil,Kharif,18.3,81,331.4,Grapes,Soybean
Bihar,Jamui,Laterite Soil,Rabi,24.5,52,168.2,Muskmelon,Cashew
Bihar,Jamui,Loamy Soil,Zaid,33.6,72,258.8,Papaya,Wheat
Bihar,Jamui,Laterite Soil,Rabi,39.4,71,296.9,Muskmelon,Tea
Bihar,Jamui,Alluvial Soil,Rabi,37.6,72,128.1,Chickpea,Sugarcane
Bihar,Jamui,Laterite Soil,Zaid,26.4,80,297.7,Jute,Cashew
Bihar,Jamui,Loamy Soil,Zaid,18.7,70,261.2,Blackgram,Sugarcane
Bihar,Jamui,Laterite Soil,Kharif,23.4,44,329.3,Pomegranate,Coffee
Bihar,Jamui,Laterite Soil,Whole Year,30.8,77,39.3,Pigeonpeas,Cashew
Bihar,Jehanabad,Loamy Soil,Rabi,32.1,63,130.3,Coffee,Rice
Bihar,Jehanabad,Red Soil,Whole Year,26.3,73,313.8,Maize,Millets
Bihar,Jehanabad,Red Soil,Whole Year,35.9,49,32.9,Muskmelon,Pulses
Bihar,Jehanabad,Alluvial Soil,Zaid,22.2,72,327.0,Coffee,Rice
Bihar,Jehanabad,Red Soil,Rabi,28.4,73,263.1,Blackgram,Groundnut
Bihar,Jehanabad,Laterite Soil,Kharif,22.7,58,84.2,Coffee,Cashew
Bihar,Jehanabad,Loamy Soil,Whole Year,31.9,71,235.2,Chickpea,Rice
Bihar,Jehanabad,Black Soil,Kharif,22.1,66,283.3,Papaya,Soybean
Bihar,Jehanabad,Sandy Soil,Zaid,34.6,85,238.4,Mungbean,Watermelon
Bihar,Jehanabad,Sandy Soil,Zaid,29.4,71,160.5,Mothbeans,Muskmelon
Bihar,Jehanabad,Sandy Soil,Kharif,32.0,73,194.0,Mango,Watermelon
Bihar,Jehanabad,Laterite Soil,Whole Year,40.0,75,153.0,Mothbeans,Tea
Bihar,Jehanabad,Alluvial Soil,Kharif,38.4,95,87.5,Pigeonpeas,Sugarcane
Bihar,Jehanabad,Red Soil,Zaid,30.4,40,80.9,Banana,Pulses
Bihar,Jehanabad,Black Soil,Whole Year,23.4,61,210.0,Coffee,Soybean
Bihar,Jehanabad,Sandy Soil,Rabi,22.1,94,141.8,Muskmelon,Watermelon
Bihar,Jehanabad,Sandy Soil,Kharif,26.6,74,241.9,Grapes,Groundnut
Bihar,Jehanabad,Red Soil,Zaid,22.3,44,43.3,Mungbean,Pulses
Bihar,Jehanabad,Alluvial Soil,Whole Year,25.2,93,27.3,Muskmelon,Sugarcane
Bihar,Jehanabad,Sandy Soil,Rabi,22.4,75,24.1,Mango,Groundnut
Bihar,Kaimur,Alluvial Soil,Rabi,20.7,75,347.0,Maize,Maize
Bihar,Kaimur,Alluvial Soil,Rabi,35.4,83,98.1,Blackgram,Sugarcane
Bihar,Kaimur,Laterite Soil,Whole Year,22.7,52,266.3,Chickpea,Tea
Bihar,Kaimur,Sandy Soil,Kharif,31.4,61,174.9,Mungbean,Muskmelon
Bihar,Kaimur,Laterite Soil,Zaid,23.8,57,333.5,Grapes,Cashew
Bihar,Kaimur,Red Soil,Kharif,18.7,95,273.4,Mothbeans,Millets
Bihar,Kaimur,Laterite Soil,Kharif,37.5,51,342.6,Blackgram,Cashew
Bihar,Kaimur,Alluvial Soil,Whole Year,39.1,67,144.9,Lentil,Rice
Bihar,Kaimur,Red Soil,Rabi,35.0,87,226.0,Blackgram,Groundnut
Bihar,Kaimur,Laterite Soil,Zaid,23.5,57,144.5,Apple,Tea
Bihar,Kaimur,Sandy Soil,Kharif,26.7,52,276.6,Coconut,Groundnut
Bihar,Kaimur,Alluvial Soil,Kharif,32.6,67,321.8,Jute,Wheat
Bihar,Kaimur,Alluvial Soil,Rabi,26.3,77,185.2,Cotton,Sugarcane
Bihar,Kaimur,Alluvial Soil,Whole Year,25.2,51,146.5,Pigeonpeas,Wheat
Bihar,Kaimur,Red Soil,Whole Year,19.9,52,237.9,Blackgram,Pulses
Bihar,Kaimur,Red Soil,Kharif,26.0,72,242.7,Maize,Pulses
Bihar,Kaimur,Black Soil,Zaid,36.0,43,175.7,Chickpea,Soybean
Bihar,Kaimur,Alluvial Soil,Whole Year,36.6,94,64.0,Muskmelon,Rice
Bihar,Kaimur,Red Soil,Zaid,37.6,56,97.7,Maize,Millets
Bihar,Kaimur,Sandy Soil,Kharif,37.7,86,311.2,Banana,Muskmelon
Bihar,Katihar,Alluvial Soil,Rabi,33.2,69,312.9,Rice,Maize
Bihar,Katihar,Laterite Soil,Zaid,32.6,74,344.2,Kidneybeans,Cashew
Bihar,Katihar,Sandy Soil,Whole Year,31.9,41,255.2,Lentil,Muskmelon
Bihar,Katihar,Alluvial Soil,Kharif,27.6,63,318.4,Jute,Rice
Bihar,Katihar,Black Soil,Rabi,29.7,72,187.4,Pomegranate,Soybean
Bihar,Katihar,Loamy Soil,Kharif,29.8,61,59.7,Banana,Rice
Bihar,Katihar,Black Soil,Zaid,30.8,41,149.8,Coffee,Jowar
Bihar,Katihar,Laterite Soil,Zaid,26.0,95,142.2,Orange,Tea
Bihar,Katihar,Sandy Soil,Whole Year,31.6,81,296.4,Chickpea,Muskmelon
Bihar,Katihar,Loamy Soil,Rabi,26.5,91,27.0,Coffee,Sugarcane
Bihar,Katihar,Black Soil,Whole Year,31.6,78,138.8,Chickpea,Soybean
Bihar,Katihar,Red Soil,Whole Year,36.4,81,143.8,Kidneybeans,Pulses
Bihar,Katihar,Red Soil,Rabi,36.6,89,337.2,Rice,Millets
Bihar,Katihar,Sandy Soil,Kharif,24.4,47,130.6,Rice,Muskmelon
Bihar,Katihar,Red Soil,Kharif,27.9,63,71.7,Papaya,Groundnut
Bihar,Katihar,Red Soil,Rabi,30.7,40,69.2,Pomegranate,Millets
Bihar,Katihar,Sandy Soil,Kharif,24.7,87,211.2,Orange,Watermelon
Bihar,Katihar,Alluvial Soil,Kharif,29.7,71,28.8,Orange,Wheat
Bihar,Katihar,Alluvial Soil,Rabi,39.6,84,181.2,Pomegranate,Sugarcane
Bihar,Katihar,Black Soil,Kharif,28.6,71,273.9,Blackgram,Jowar
Bihar,Khagaria,Loamy Soil,Kharif,35.2,54,202.8,Blackgram,Maize
Bihar,Khagaria,Sandy Soil,Kharif,27.2,85,341.3,Mothbeans,Groundnut
Bihar,Khagaria,Sandy Soil,Whole Year,32.7,47,73.2,Maize,Muskmelon
Bihar,Khagaria,Loamy Soil,Rabi,39.6,87,233.8,Pigeonpeas,Sugarcane
Bihar,Khagaria,Black Soil,Whole Year,26.0,57,187.0,Maize,Cotton
Bihar,Khagaria,Black Soil,Kharif,37.9,83,35.1,Mango,Soybean
Bihar,Khagaria,Black Soil,Rabi,24.1,62,242.4,Mungbean,Soybean
Bihar,Khagaria,Black Soil,Kharif,37.7,51,289.1,Grapes,Jowar
Bihar,Khagaria,Alluvial Soil,Kharif,30.1,66,146.1,Orange,Maize
Bihar,Khagaria,Sandy Soil,Zaid,18.2,86,86.4,Orange,Muskmelon
Bihar,Khagaria,Red Soil,Whole Year,38.4,82,344.0,Cotton,Millets
Bihar,Khagaria,Sandy Soil,Kharif,32.7,69,211.2,Banana,Watermelon
Bihar,Khagaria,Black Soil,Whole Year,27.8,44,235.8,Papaya,Jowar
Bihar,Khagaria,Black Soil,Zaid,31.5,93,245.3,Jute,Soybean
Bihar,Khagaria,Loamy Soil,Kharif,26.9,65,338.3,Pigeonpeas,Maize
Bihar,Khagaria,Sandy Soil,Rabi,23.8,84,217.5,Watermelon,Groundnut
Bihar,Khagaria,Red Soil,Zaid,21.8,63,36.1,Mothbeans,Pulses
Bihar,Khagaria,Laterite Soil,Kharif,30.3,88,329.4,Lentil,Coffee
Bihar,Khagaria,Sandy Soil,Kharif,35.7,91,285.5,Pigeonpeas,Muskmelon
Bihar,Khagaria,Sandy Soil,Kharif,34.7,67,343.3,Chickpea,Muskmelon
Bihar,Kishanganj,Alluvial Soil,Zaid,22.3,76,164.8,Chickpea,Wheat
Bihar,Kishanganj,Loamy Soil,Zaid,32.3,46,225.1,Coconut,Rice
Bihar,Kishanganj,Red Soil,Rabi,26.4,42,83.7,Muskmelon,Millets
Bihar,Kishanganj,Black Soil,Rabi,31.9,72,122.1,Coffee,Jowar
Bihar,Kishanganj,Loamy Soil,Kharif,23.5,45,196.6,Mothbeans,Maize
Bihar,Kishanganj,Black Soil,Zaid,19.4,84,123.4,Jute,Cotton
Bihar,Kishanganj,Alluvial Soil,Rabi,24.9,40,265.6,Mungbean,Maize
Bihar,Kishanganj,Sandy Soil,Rabi,25.8,44,111.4,Lentil,Watermelon
Bihar,Kishanganj,Loamy Soil,Zaid,19.2,64,267.4,Jute,Rice
Bihar,Kishanganj,Loamy Soil,Whole Year,39.9,51,322.9,Orange,Rice
Bihar,Kishanganj,Loamy Soil,Zaid,23.5,46,21.8,Apple,Rice
Bihar,Kishanganj,Alluvial Soil,Rabi,36.6,89,342.8,Rice,Maize
Bihar,Kishanganj,Loamy Soil,Whole Year,30.3,52,247.9,Grapes,Rice
Bihar,Kishanganj,Red Soil,Kharif,27.6,80,20.7,Grapes,Millets
Bihar,Kishanganj,Laterite Soil,Kharif,36.9,54,168.6,Watermelon,Tea
Bihar,Kishanganj,Black Soil,Rabi,18.3,80,278.0,Coconut,Soybean
Bihar,Kishanganj,Sandy Soil,Zaid,31.2,53,109.3,Papaya,Watermelon
Bihar,Kishanganj,Red Soil,Kharif,23.6,95,305.3,Orange,Millets
Bihar,Kishanganj,Red Soil,Rabi,34.0,75,79.8,Jute,Millets
Bihar,Kishanganj,Sandy Soil,Whole Year,31.8,80,45.1,Grapes,Watermelon
Bihar,Lakhisarai,Alluvial Soil,Whole Year,28.2,45,153.1,Pigeonpeas,Wheat
Bihar,Lakhisarai,Sandy Soil,Kharif,34.4,44,86.2,Muskmelon,Watermelon
Bihar,Lakhisarai,Alluvial Soil,Rabi,28.2,56,212.4,Mothbeans,Wheat
Bihar,Lakhisarai,Red Soil,Whole Year,21.8,56,199.0,Maize,Millets
Bihar,Lakhisarai,Laterite Soil,Kharif,27.4,51,123.2,Rice,Cashew
Bihar,Lakhisarai,Loamy Soil,Whole Year,34.4,93,102.6,Papaya,Wheat
Bihar,Lakhisarai,Black Soil,Rabi,38.9,54,125.2,Papaya,Jowar
Bihar,Lakhisarai,Alluvial Soil,Zaid,19.4,88,262.3,Rice,Maize
Bihar,Lakhisarai,Sandy Soil,Rabi,34.5,69,38.4,Papaya,Groundnut
Bihar,Lakhisarai,Alluvial Soil,Kharif,30.2,71,98.2,Banana,Sugarcane
Bihar,Lakhisarai,Laterite Soil,Zaid,31.4,61,24.9,Watermelon,Tea
Bihar,Lakhisarai,Sandy Soil,Rabi,36.3,78,240.5,Lentil,Groundnut
Bihar,Lakhisarai,Red Soil,Zaid,39.2,86,212.7,Coconut,Millets
Bihar,Lakhisarai,Alluvial Soil,Zaid,26.8,68,222.0,Lentil,Maize
Bihar,Lakhisarai,Laterite Soil,Rabi,24.8,57,274.0,Maize,Cashew
Bihar,Lakhisarai,Alluvial Soil,Kharif,19.2,62,110.7,Grapes,Maize
Bihar,Lakhisarai,Laterite Soil,Rabi,38.7,93,82.1,Rice,Coffee
Bihar,Lakhisarai,Red Soil,Zaid,28.7,40,187.7,Orange,Groundnut
Bihar,Lakhisarai,Alluvial Soil,Zaid,30.3,72,68.9,Lentil,Maize
Bihar,Lakhisarai,Laterite Soil,Rabi,34.8,40,295.3,Jute,Coffee
Bihar,Madhepura,Alluvial Soil,Whole Year,23.2,81,321.4,Orange,Wheat
Bihar,Madhepura,Black Soil,Zaid,33.5,81,65.3,Jute,Cotton
Bihar,Madhepura,Sandy Soil,Rabi,38.3,49,247.6,Papaya,Watermelon
Bihar,Madhepura,Black Soil,Kharif,27.9,72,215.9,Jute,Cotton
Bihar,Madhepura,Black Soil,Zaid,38.6,46,33.2,Mothbeans,Cotton
Bihar,Madhepura,Black Soil,Kharif,26.3,90,83.5,Mothbeans,Jowar
Bihar,Madhepura,Black Soil,Whole Year,28.2,83,204.7,Orange,Soybean
Bihar,Madhepura,Loamy Soil,Kharif,25.2,95,312.4,Coffee,Maize
Bihar,Madhepura,Loamy Soil,Zaid,21.5,50,325.7,Pigeonpeas,Maize
Bihar,Madhepura,Alluvial Soil,Rabi,35.1,56,167.6,Maize,Rice
Bihar,Madhepura,Laterite Soil,Zaid,34.5,57,332.2,Muskmelon,Tea
Bihar,Madhepura,Laterite Soil,Kharif,29.6,60,183.0,Grapes,Coffee
Bihar,Madhepura,Loamy Soil,Kharif,31.2,46,278.6,Coconut,Rice
Bihar,Madhepura,Black Soil,Zaid,35.2,74,181.1,Chickpea,Jowar
Bihar,Madhepura,Red Soil,Kharif,20.1,62,121.1,Muskmelon,Groundnut
Bihar,Madhepura,Black Soil,Whole Year,23.1,55,28.7,Coffee,Cotton
Bihar,Madhepura,Laterite Soil,Zaid,19.6,40,123.1,Blackgram,Cashew
Bihar,Madhepura,Alluvial Soil,Rabi,30.8,94,230.9,Banana,Wheat
Bihar,Madhepura,Loamy Soil,Kharif,26.4,84,226.6,Muskmelon,Wheat
Bihar,Madhepura,Black Soil,Rabi,27.5,47,305.0,Chickpea,Jowar
Bihar,Madhubani,Alluvial Soil,Whole Year,26.1,65,341.1,Jute,Maize
Bihar,Madhubani,Loamy Soil,Rabi,18.7,85,142.7,Lentil,Sugarcane
Bihar,Madhubani,Red Soil,Zaid,32.1,77,54.9,Kidneybeans,Groundnut
Bihar,Madhubani,Red Soil,Whole Year,29.4,79,315.7,Blackgram,Millets
Bihar,Madhubani,Alluvial Soil,Zaid,22.1,73,208.1,Grapes,Wheat
Bihar,Madhubani,Sandy Soil,Kharif,35.7,57,345.7,Mungbean,Muskmelon
Bihar,Madhubani,Sandy Soil,Kharif,20.9,59,125.6,Muskmelon,Watermelon
Bihar,Madhubani,Red Soil,Zaid,20.1,66,173.9,Mango,Millets
Bihar,Madhubani,Red Soil,Whole Year,39.8,78,171.2,Coconut,Millets
Bihar,Madhubani,Sandy Soil,Whole Year,20.4,92,327.1,Coffee,Watermelon
Bihar,Madhubani,Red Soil,Whole Year,28.1,67,103.6,Grapes,Groundnut
Bihar,Madhubani,Alluvial Soil,Whole Year,31.1,68,77.6,Coconut,Maize
Bihar,Madhubani,Red Soil,Rabi,31.2,50,212.0,Rice,Groundnut
Bihar,Madhubani,Black Soil,Rabi,21.7,73,122.8,Orange,Soybean
Bihar,Madhubani,Laterite Soil,Rabi,20.3,48,154.4,Banana,Coffee
Bihar,Madhubani,Loamy Soil,Whole Year,32.7,75,64.3,Orange,Rice
Bihar,Madhubani,Black Soil,Zaid,34.6,79,269.8,Coconut,Soybean
Bihar,Madhubani,Sandy Soil,Zaid,30.6,50,227.5,Apple,Groundnut
Bihar,Madhubani,Alluvial Soil,Rabi,27.8,46,88.1,Mango,Rice
Bihar,Madhubani,Sandy Soil,Kharif,31.1,81,182.2,Watermelon,Groundnut
Bihar,Munger,Laterite Soil,Kharif,26.5,91,40.8,Grapes,Coffee
Bihar,Munger,Sandy Soil,Zaid,24.3,56,79.4,Orange,Watermelon
Bihar,Munger,Loamy Soil,Rabi,20.0,53,125.3,Mothbeans,Rice
Bihar,Munger,Loamy Soil,Whole Year,28.9,53,294.4,Pigeonpeas,Wheat
Bihar,Munger,Laterite Soil,Kharif,25.6,61,336.3,Muskmelon,Coffee
Bihar,Munger,Red Soil,Rabi,24.6,69,102.6,Banana,Groundnut
Bihar,Munger,Laterite Soil,Kharif,35.5,69,324.7,Cotton,Coffee
Bihar,Munger,Black Soil,Whole Year,37.3,95,164.4,Apple,Cotton
Bihar,Munger,Black Soil,Rabi,18.4,76,75.2,Mango,Jowar
Bihar,Munger,Alluvial Soil,Rabi,25.7,42,265.9,Rice,Rice
Bihar,Munger,Loamy Soil,Zaid,20.8,68,236.2,Blackgram,Rice
Bihar,Munger,Loamy Soil,Rabi,28.8,79,138.4,Grapes,Rice
Bihar,Munger,Black Soil,Rabi,25.6,90,38.3,Apple,Soybean
Bihar,Munger,Red Soil,Rabi,33.1,90,243.3,Coconut,Groundnut
Bihar,Munger,Sandy Soil,Rabi,19.1,88,132.9,Jute,Groundnut
Bihar,Munger,Sandy Soil,Rabi,38.5,70,48.9,Maize,Groundnut
Bihar,Munger,Red Soil,Rabi,33.5,46,206.0,Orange,Groundnut
Bihar,Munger,Sandy Soil,Kharif,27.1,86,220.8,Cotton,Groundnut
Bihar,Munger,Laterite Soil,Whole Year,35.4,86,104.9,Maize,Tea
Bihar,Munger,Black Soil,Kharif,20.8,83,47.9,Blackgram,Cotton
Bihar,Muzaffarpur,Laterite Soil,Whole Year,36.3,94,339.7,Cotton,Cashew
Bihar,Muzaffarpur,Alluvial Soil,Whole Year,35.4,67,212.8,Grapes,Sugarcane
Bihar,Muzaffarpur,Black Soil,Rabi,24.9,56,60.5,Maize,Cotton
Bihar,Muzaffarpur,Sandy Soil,Kharif,32.1,86,48.9,Mango,Muskmelon
Bihar,Muzaffarpur,Loamy Soil,Kharif,21.2,54,69.9,Maize,Wheat
Bihar,Muzaffarpur,Laterite Soil,Whole Year,28.0,80,47.0,Coconut,Cashew
Bihar,Muzaffarpur,Sandy Soil,Zaid,23.3,77,303.5,Jute,Groundnut
Bihar,Muzaffarpur,Red Soil,Kharif,19.3,74,307.9,Chickpea,Pulses
Bihar,Muzaffarpur,Loamy Soil,Kharif,34.8,46,183.2,Jute,Maize
Bihar,Muzaffarpur,Alluvial Soil,Rabi,38.8,82,215.9,Rice,Sugarcane
Bihar,Muzaffarpur,Red Soil,Rabi,33.6,87,179.8,Cotton,Pulses
Bihar,Muzaffarpur,Laterite Soil,Whole Year,23.4,55,267.5,Papaya,Coffee
Bihar,Muzaffarpur,Red Soil,Rabi,29.8,60,102.8,Maize,Millets
Bihar,Muzaffarpur,Loamy Soil,Rabi,20.7,89,269.2,Coffee,Maize
Bihar,Muzaffarpur,Sandy Soil,Kharif,31.7,74,106.9,Jute,Muskmelon
Bihar,Muzaffarpur,Laterite Soil,Kharif,18.9,85,125.6,Pigeonpeas,Cashew
Bihar,Muzaffarpur,Black Soil,Zaid,28.3,76,276.8,Cotton,Soybean
Bihar,Muzaffarpur,Alluvial Soil,Zaid,32.2,70,183.8,Grapes,Wheat
Bihar,Muzaffarpur,Sandy Soil,Rabi,37.0,63,31.4,Coffee,Groundnut
Bihar,Muzaffarpur,Alluvial Soil,Zaid,39.7,51,152.0,Coconut,Wheat
Bihar,Nalanda,Laterite Soil,Whole Year,35.9,55,197.7,Apple,Coffee
Bihar,Nalanda,Sandy Soil,Rabi,26.1,55,99.1,Muskmelon,Groundnut
Bihar,Nalanda,Loamy Soil,Whole Year,26.4,63,99.7,Grapes,Rice
Bihar,Nalanda,Red Soil,Kharif,36.7,44,349.2,Coconut,Pulses
Bihar,Nalanda,Alluvial Soil,Rabi,25.7,91,313.8,Pomegranate,Rice
Bihar,Nalanda,Sandy Soil,Rabi,23.7,40,108.8,Muskmelon,Groundnut
Bihar,Nalanda,Sandy Soil,Rabi,35.7,79,338.2,Muskmelon,Watermelon
Bihar,Nalanda,Loamy Soil,Kharif,33.7,64,325.3,Chickpea,Rice
Bihar,Nalanda,Loamy Soil,Kharif,35.7,58,226.8,Cotton,Wheat
Bihar,Nalanda,Laterite Soil,Zaid,22.5,63,95.7,Kidneybeans,Cashew
Bihar,Nalanda,Loamy Soil,Kharif,35.9,44,346.9,Chickpea,Rice
Bihar,Nalanda,Sandy Soil,Whole Year,18.5,75,43.9,Pomegranate,Groundnut
Bihar,Nalanda,Black Soil,Kharif,37.2,51,113.9,Rice,Jowar
Bihar,Nalanda,Loamy Soil,Zaid,21.3,90,62.0,Chickpea,Sugarcane
Bihar,Nalanda,Laterite Soil,Kharif,34.7,95,229.5,Jute,Cashew
Bihar,Nalanda,Alluvial Soil,Whole Year,24.8,54,334.3,Coconut,Wheat
Bihar,Nalanda,Laterite Soil,Zaid,18.8,53,213.6,Blackgram,Coffee
Bihar,Nalanda,Red Soil,Zaid,29.4,95,314.1,Coffee,Groundnut
Bihar,Nalanda,Alluvial Soil,Kharif,32.1,46,199.2,Mango,Wheat
Bihar,Nalanda,Alluvial Soil,Whole Year,23.1,57,328.6,Mungbean,Sugarcane
Bihar,Nawada,Alluvial Soil,Zaid,24.6,76,158.2,Apple,Wheat
Bihar,Nawada,Alluvial Soil,Kharif,22.0,54,42.4,Grapes,Rice
Bihar,Nawada,Alluvial Soil,Whole Year,39.4,75,338.3,Apple,Sugarcane
Bihar,Nawada,Laterite Soil,Rabi,28.8,92,280.4,Papaya,Cashew
Bihar,Nawada,Loamy Soil,Kharif,23.4,48,335.3,Chickpea,Rice
Bihar,Nawada,Sandy Soil,Rabi,33.4,66,231.6,Mungbean,Muskmelon
Bihar,Nawada,Red Soil,Rabi,25.1,55,129.0,Apple,Groundnut
Bihar,Nawada,Red Soil,Kharif,36.7,91,129.7,Banana,Pulses
Bihar,Nawada,Alluvial Soil,Kharif,28.8,40,331.9,Chickpea,Maize
Bihar,Nawada,Alluvial Soil,Kharif,32.9,70,95.1,Chickpea,Wheat
Bihar,Nawada,Loamy Soil,Kharif,24.5,57,208.8,Orange,Maize
Bihar,Nawada,Sandy Soil,Kharif,25.9,79,84.8,Coffee,Muskmelon
Bihar,Nawada,Loamy Soil,Rabi,34.2,40,139.5,Pigeonpeas,Rice
Bihar,Nawada,Alluvial Soil,Rabi,22.7,50,330.7,Grapes,Sugarcane
Bihar,Nawada,Loamy Soil,Kharif,33.8,80,196.8,Coconut,Rice
Bihar,Nawada,Laterite Soil,Zaid,27.4,92,186.4,Cotton,Tea
Bihar,Nawada,Sandy Soil,Rabi,27.1,67,110.0,Chickpea,Muskmelon
Bihar,Nawada,Laterite Soil,Zaid,39.4,42,295.2,Mothbeans,Tea
Bihar,Nawada,Loamy Soil,Kharif,21.8,44,224.5,Jute,Maize
Bihar,Nawada,Loamy Soil,Kharif,36.8,64,325.1,Blackgram,Rice
Bihar,Patna,Laterite Soil,Kharif,27.4,85,22.7,Pomegranate,Tea
Bihar,Patna,Alluvial Soil,Kharif,24.0,77,106.7,Cotton,Wheat
Bihar,Patna,Laterite Soil,Whole Year,35.3,74,321.7,Cotton,Coffee
Bihar,Patna,Laterite Soil,Whole Year,31.8,70,97.8,Mungbean,Coffee
Bihar,Patna,Black Soil,Zaid,31.7,48,94.7,Watermelon,Cotton
Bihar,Patna,Loamy Soil,Rabi,36.2,87,189.2,Pigeonpeas,Rice
Bihar,Patna,Alluvial Soil,Whole Year,27.8,82,176.1,Watermelon,Wheat
Bihar,Patna,Sandy Soil,Rabi,36.7,71,29.2,Mango,Watermelon
Bihar,Patna,Alluvial Soil,Zaid,36.0,59,48.1,Lentil,Wheat
Bihar,Patna,Alluvial Soil,Whole Year,33.2,69,288.3,Pomegranate,Rice
Bihar,Patna,Alluvial Soil,Rabi,18.0,63,156.2,Apple,Wheat
Bihar,Patna,Red Soil,Kharif,38.5,83,346.0,Coffee,Pulses
Bihar,Patna,Sandy Soil,Whole Year,33.8,80,144.1,Apple,Muskmelon
Bihar,Patna,Sandy Soil,Rabi,28.5,75,227.0,Chickpea,Groundnut
Bihar,Patna,Laterite Soil,Rabi,34.8,70,96.6,Chickpea,Coffee
Bihar,Patna,Red Soil,Zaid,24.1,85,150.1,Watermelon,Pulses
Bihar,Patna,Alluvial Soil,Whole Year,31.0,46,166.3,Blackgram,Sugarcane
Bihar,Patna,Red Soil,Zaid,30.8,60,92.1,Kidneybeans,Millets
Bihar,Patna,Laterite Soil,Kharif,35.8,78,48.7,Coconut,Cashew
Bihar,Patna,Laterite Soil,Kharif,25.1,68,183.6,Mango,Tea
Bihar,Purnia,Black Soil,Kharif,22.3,92,55.1,Blackgram,Jowar
Bihar,Purnia,Loamy Soil,Kharif,25.5,59,238.7,Coffee,Maize
Bihar,Purnia,Loamy Soil,Rabi,29.0,73,67.2,Mothbeans,Sugarcane
Bihar,Purnia,Loamy Soil,Rabi,35.7,66,279.3,Kidneybeans,Sugarcane
Bihar,Purnia,Sandy Soil,Whole Year,32.5,76,238.9,Apple,Groundnut
Bihar,Purnia,Red Soil,Rabi,28.0,95,47.3,Papaya,Groundnut
Bihar,Purnia,Red Soil,Zaid,34.8,54,270.9,Apple,Groundnut
Bihar,Purnia,Loamy Soil,Whole Year,26.7,78,226.6,Grapes,Wheat
Bihar,Purnia,Laterite Soil,Rabi,23.5,81,33.3,Chickpea,Tea
Bihar,Purnia,Black Soil,Kharif,35.1,68,56.3,Mothbeans,Soybean
Bihar,Purnia,Loamy Soil,Whole Year,34.0,81,289.7,Mothbeans,Maize
Bihar,Purnia,Laterite Soil,Zaid,34.5,54,136.5,Jute,Tea
Bihar,Purnia,Laterite Soil,Kharif,39.0,79,115.3,Mango,Cashew
Bihar,Purnia,Loamy Soil,Kharif,25.6,52,319.0,Blackgram,Sugarcane
Bihar,Purnia,Loamy Soil,Zaid,20.7,82,122.5,Pomegranate,Sugarcane
Bihar,Purnia,Alluvial Soil,Rabi,19.0,49,151.4,Banana,Maize
Bihar,Purnia,Loamy Soil,Whole Year,34.3,50,278.2,Kidneybeans,Wheat
Bihar,Purnia,Laterite Soil,Kharif,20.3,76,240.2,Apple,Cashew
Bihar,Purnia,Red Soil,Zaid,20.8,84,300.3,Banana,Groundnut
Bihar,Purnia,Red Soil,Kharif,29.5,69,340.2,Banana,Groundnut
Bihar,Rohtas,Laterite Soil,Kharif,35.0,57,259.6,Apple,Cashew
Bihar,Rohtas,Loamy Soil,Zaid,28.8,77,303.2,Grapes,Rice
Bihar,Rohtas,Sandy Soil,Kharif,36.3,70,272.2,Maize,Groundnut
Bihar,Rohtas,Laterite Soil,Zaid,27.8,76,27.7,Coconut,Cashew
Bihar,Rohtas,Laterite Soil,Kharif,28.4,70,125.0,Rice,Coffee
Bihar,Rohtas,Loamy Soil,Rabi,30.5,50,189.2,Watermelon,Sugarcane
Bihar,Rohtas,Black Soil,Rabi,38.2,45,224.3,Banana,Soybean
Bihar,Rohtas,Black Soil,Rabi,34.6,60,254.6,Watermelon,Soybean
Bihar,Rohtas,Laterite Soil,Rabi,28.8,74,214.4,Mothbeans,Cashew
Bihar,Rohtas,Loamy Soil,Kharif,38.2,77,239.0,Banana,Sugarcane
Bihar,Rohtas,Laterite Soil,Whole Year,18.2,65,183.7,Watermelon,Cashew
Bihar,Rohtas,Alluvial Soil,Rabi,21.8,94,98.5,Mothbeans,Maize
Bihar,Rohtas,Sandy Soil,Zaid,30.2,95,320.3,Pomegranate,Groundnut
Bihar,Rohtas,Loamy Soil,Whole Year,26.9,89,24.2,Papaya,Sugarcane
Bihar,Rohtas,Black Soil,Kharif,22.1,87,247.1,Mungbean,Jowar
Bihar,Rohtas,Black Soil,Zaid,27.5,82,219.8,Mango,Soybean
Bihar,Rohtas,Black Soil,Zaid,38.2,55,326.5,Mothbeans,Soybean
Bihar,Rohtas,Red Soil,Zaid,24.0,50,249.3,Coconut,Pulses
Bihar,Rohtas,Loamy Soil,Rabi,30.6,44,22.2,Banana,Wheat
Bihar,Rohtas,Laterite Soil,Zaid,24.4,78,274.4,Jute,Cashew
Bihar,Saharsa,Red Soil,Whole Year,24.0,61,261.0,Orange,Groundnut
Bihar,Saharsa,Laterite Soil,Kharif,18.8,60,34.7,Cotton,Coffee
Bihar,Saharsa,Laterite Soil,Zaid,19.8,48,217.7,Coffee,Cashew
Bihar,Saharsa,Alluvial Soil,Zaid,24.2,44,227.7,Pomegranate,Rice
Bihar,Saharsa,Sandy Soil,Kharif,38.9,77,208.0,Banana,Groundnut
Bihar,Saharsa,Alluvial Soil,Whole Year,21.6,49,271.4,Mothbeans,Rice
Bihar,Saharsa,Sandy Soil,Whole Year,20.0,40,159.3,Mango,Watermelon
Bihar,Saharsa,Sandy Soil,Zaid,28.7,66,141.6,Mothbeans,Muskmelon
Bihar,Saharsa,Red Soil,Zaid,24.1,59,275.4,Coffee,Groundnut
Bihar,Saharsa,Red Soil,Whole Year,29.3,69,237.4,Grapes,Groundnut
Bihar,Saharsa,Red Soil,Kharif,30.6,54,234.2,Cotton,Groundnut
Bihar,Saharsa,Laterite Soil,Whole Year,29.4,89,266.9,Kidneybeans,Coffee
Bihar,Saharsa,Laterite Soil,Whole Year,19.6,67,80.8,Coconut,Cashew
Bihar,Saharsa,Black Soil,Kharif,30.7,92,160.1,Mothbeans,Jowar
Bihar,Saharsa,Black Soil,Kharif,22.6,49,117.7,Coconut,Jowar
Bihar,Saharsa,Alluvial Soil,Kharif,35.7,81,293.1,Mungbean,Rice
Bihar,Saharsa,Laterite Soil,Rabi,34.1,42,156.2,Apple,Cashew
Bihar,Saharsa,Alluvial Soil,Zaid,31.6,64,339.3,Cotton,Maize
Bihar,Saharsa,Sandy Soil,Whole Year,34.3,75,274.4,Mango,Groundnut
Bihar,Saharsa,Alluvial Soil,Kharif,36.6,87,119.9,Apple,Wheat
Bihar,Samastipur,Sandy Soil,Whole Year,28.2,46,71.6,Blackgram,Muskmelon
Bihar,Samastipur,Black Soil,Whole Year,38.0,41,105.9,Pigeonpeas,Jowar
Bihar,Samastipur,Sandy Soil,Kharif,29.4,58,327.8,Maize,Watermelon
Bihar,Samastipur,Red Soil,Rabi,30.2,65,251.8,Mango,Millets
Bihar,Samastipur,Laterite Soil,Zaid,35.9,86,27.8,Papaya,Tea
Bihar,Samastipur,Laterite Soil,Kharif,26.0,52,138.1,Coconut,Cashew
Bihar,Samastipur,Black Soil,Whole Year,39.1,87,47.8,Apple,Cotton
Bihar,Samastipur,Red Soil,Whole Year,24.7,80,79.7,Mothbeans,Groundnut
Bihar,Samastipur,Red Soil,Kharif,19.3,80,233.4,Coffee,Pulses
Bihar,Samastipur,Black Soil,Rabi,38.1,69,218.3,Mungbean,Soybean
Bihar,Samastipur,Sandy Soil,Zaid,25.1,92,168.2,Rice,Watermelon
Bihar,Samastipur,Loamy Soil,Zaid,39.8,57,97.3,Jute,Sugarcane
Bihar,Samastipur,Loamy Soil,Whole Year,40.0,77,78.0,Maize,Maize
Bihar,Samastipur,Black Soil,Kharif,18.2,62,128.0,Maize,Cotton
Bihar,Samastipur,Sandy Soil,Kharif,35.0,61,227.2,Grapes,Muskmelon
Bihar,Samastipur,Alluvial Soil,Zaid,34.5,54,112.1,Chickpea,Sugarcane
Bihar,Samastipur,Alluvial Soil,Whole Year,36.7,60,137.3,Pomegranate,Maize
Bihar,Samastipur,Red Soil,Whole Year,32.1,58,344.5,Grapes,Pulses
Bihar,Samastipur,Loamy Soil,Zaid,36.3,93,254.6,Kidneybeans,Wheat
Bihar,Samastipur,Alluvial Soil,Rabi,32.7,49,238.4,Chickpea,Sugarcane
Bihar,Saran,Red Soil,Rabi,28.8,58,323.9,Muskmelon,Millets
Bihar,Saran,Laterite Soil,Zaid,38.8,51,197.1,Blackgram,Cashew
Bihar,Saran,Red Soil,Whole Year,28.5,68,284.0,Grapes,Groundnut
Bihar,Saran,Red Soil,Rabi,36.4,54,279.7,Lentil,Pulses
Bihar,Saran,Sandy Soil,Zaid,34.4,51,36.8,Papaya,Watermelon
Bihar,Saran,Red Soil,Whole Year,33.6,60,250.0,Apple,Millets
Bihar,Saran,Loamy Soil,Kharif,32.8,67,55.9,Jute,Rice
Bihar,Saran,Black Soil,Rabi,21.7,92,172.0,Orange,Jowar
Bihar,Saran,Red Soil,Zaid,18.3,51,64.6,Apple,Millets
Bihar,Saran,Loamy Soil,Whole Year,24.6,53,287.0,Grapes,Maize
Bihar,Saran,Sandy Soil,Rabi,30.5,84,297.3,Banana,Watermelon
Bihar,Saran,Alluvial Soil,Rabi,36.1,46,331.2,Mango,Wheat
Bihar,Saran,Loamy Soil,Whole Year,35.9,49,256.7,Mungbean,Sugarcane
Bihar,Saran,Red Soil,Rabi,25.4,48,226.8,Pomegranate,Millets
Bihar,Saran,Laterite Soil,Whole Year,37.6,94,277.4,Pigeonpeas,Tea
Bihar,Saran,Black Soil,Rabi,21.6,86,50.3,Mango,Soybean
Bihar,Saran,Loamy Soil,Rabi,36.7,65,185.6,Jute,Sugarcane
Bihar,Saran,Laterite Soil,Whole Year,19.3,51,78.5,Chickpea,Tea
Bihar,Saran,Red Soil,Rabi,24.6,69,337.2,Banana,Millets
Bihar,Saran,Sandy Soil,Zaid,29.2,41,325.3,Watermelon,Watermelon
Bihar,Sheikhpura,Red Soil,Whole Year,22.4,59,222.1,Jute,Groundnut
Bihar,Sheikhpura,Black Soil,Zaid,39.4,95,302.2,Grapes,Soybean
Bihar,Sheikhpura,Loamy Soil,Kharif,27.9,68,75.4,Grapes,Sugarcane
Bihar,Sheikhpura,Laterite Soil,Rabi,18.6,72,43.7,Mothbeans,Tea
Bihar,Sheikhpura,Red Soil,Zaid,37.7,88,308.0,Grapes,Millets
Bihar,Sheikhpura,Black Soil,Whole Year,34.1,69,79.6,Pigeonpeas,Soybean
Bihar,Sheikhpura,Black Soil,Kharif,31.2,94,112.5,Grapes,Soybean
Bihar,Sheikhpura,Red Soil,Rabi,19.6,82,228.6,Mothbeans,Millets
Bihar,Sheikhpura,Alluvial Soil,Kharif,24.3,90,147.6,Orange,Maize
Bihar,Sheikhpura,Black Soil,Whole Year,18.3,59,253.1,Lentil,Jowar
Bihar,Sheikhpura,Red Soil,Rabi,37.1,63,279.5,Papaya,Pulses
Bihar,Sheikhpura,Alluvial Soil,Zaid,18.2,76,66.3,Mango,Wheat
Bihar,Sheikhpura,Loamy Soil,Kharif,36.6,72,153.1,Mungbean,Rice
Bihar,Sheikhpura,Red Soil,Rabi,30.6,81,222.6,Coconut,Pulses
Bihar,Sheikhpura,Black Soil,Rabi,38.3,79,213.2,Kidneybeans,Cotton
Bihar,Sheikhpura,Sandy Soil,Whole Year,39.7,74,316.8,Blackgram,Muskmelon
Bihar,Sheikhpura,Loamy Soil,Rabi,22.1,78,348.9,Apple,Maize
Bihar,Sheikhpura,Alluvial Soil,Whole Year,26.8,42,181.5,Papaya,Maize
Bihar,Sheikhpura,Sandy Soil,Whole Year,29.0,62,301.0,Orange,Groundnut
Bihar,Sheikhpura,Alluvial Soil,Kharif,28.5,87,51.6,Banana,Rice
Bihar,Sheohar,Laterite Soil,Kharif,34.9,79,272.5,Orange,Coffee
Bihar,Sheohar,Laterite Soil,Kharif,38.6,50,108.3,Pomegranate,Cashew
Bihar,Sheohar,Red Soil,Kharif,31.6,54,335.8,Muskmelon,Pulses
Bihar,Sheohar,Loamy Soil,Zaid,34.7,85,166.7,Apple,Wheat
Bihar,Sheohar,Laterite Soil,Rabi,27.1,77,68.1,Mango,Coffee
Bihar,Sheohar,Black Soil,Whole Year,34.6,42,328.4,Mango,Cotton
Bihar,Sheohar,Sandy Soil,Whole Year,35.0,91,228.5,Maize,Muskmelon
Bihar,Sheohar,Red Soil,Whole Year,39.5,94,165.0,Blackgram,Millets
Bihar,Sheohar,Sandy Soil,Rabi,22.7,73,198.1,Jute,Groundnut
Bihar,Sheohar,Black Soil,Zaid,19.5,90,37.6,Coconut,Soybean
Bihar,Sheohar,Loamy Soil,Rabi,34.2,56,160.7,Watermelon,Rice
Bihar,Sheohar,Laterite Soil,Zaid,32.4,42,206.0,Muskmelon,Cashew
Bihar,Sheohar,Sandy Soil,Rabi,20.5,72,313.5,Watermelon,Groundnut
Bihar,Sheohar,Black Soil,Zaid,19.1,53,241.2,Papaya,Jowar
Bihar,Sheohar,Alluvial Soil,Whole Year,28.3,46,103.2,Muskmelon,Rice
Bihar,Sheohar,Loamy Soil,Kharif,23.9,62,211.5,Lentil,Wheat
Bihar,Sheohar,Black Soil,Rabi,26.9,65,153.7,Coconut,Cotton
Bihar,Sheohar,Laterite Soil,Whole Year,30.1,80,250.7,Grapes,Cashew
Bihar,Sheohar,Red Soil,Rabi,32.3,88,134.7,Kidneybeans,Millets
Bihar,Sheohar,Laterite Soil,Rabi,24.5,78,316.4,Blackgram,Cashew
Bihar,Sitamarhi,Laterite Soil,Zaid,39.6,72,250.5,Papaya,Tea
Bihar,Sitamarhi,Sandy Soil,Kharif,31.1,63,23.8,Orange,Watermelon
Bihar,Sitamarhi,Red Soil,Kharif,35.2,85,257.1,Banana,Groundnut
Bihar,Sitamarhi,Loamy Soil,Zaid,31.7,51,329.2,Cotton,Maize
Bihar,Sitamarhi,Loamy Soil,Rabi,34.1,45,304.0,Mungbean,Wheat
Bihar,Sitamarhi,Sandy Soil,Zaid,37.7,87,98.0,Muskmelon,Muskmelon
Bihar,Sitamarhi,Black Soil,Kharif,21.2,42,327.2,Apple,Jowar
Bihar,Sitamarhi,Sandy Soil,Rabi,26.5,45,273.5,Mothbeans,Groundnut
Bihar,Sitamarhi,Alluvial Soil,Rabi,38.3,86,309.2,Muskmelon,Sugarcane
Bihar,Sitamarhi,Black Soil,Whole Year,29.8,94,274.5,Coffee,Soybean
Bihar,Sitamarhi,Alluvial Soil,Whole Year,27.9,70,106.3,Grapes,Rice
Bihar,Sitamarhi,Red Soil,Rabi,19.9,86,214.3,Coconut,Millets
Bihar,Sitamarhi,Alluvial Soil,Zaid,25.4,91,72.8,Chickpea,Maize
Bihar,Sitamarhi,Black Soil,Zaid,23.9,95,203.0,Grapes,Jowar
Bihar,Sitamarhi,Sandy Soil,Kharif,32.2,40,175.6,Maize,Muskmelon
Bihar,Sitamarhi,Laterite Soil,Zaid,23.1,69,82.0,Muskmelon,Cashew
Bihar,Sitamarhi,Loamy Soil,Zaid,26.2,50,189.8,Lentil,Wheat
Bihar,Sitamarhi,Laterite Soil,Whole Year,20.7,58,327.9,Maize,Cashew
Bihar,Sitamarhi,Black Soil,Whole Year,34.0,89,54.9,Maize,Soybean
Bihar,Sitamarhi,Red Soil,Rabi,30.8,88,209.4,Coconut,Pulses
Bihar,Siwan,Black Soil,Whole Year,36.8,55,98.4,Chickpea,Soybean
Bihar,Siwan,Alluvial Soil,Zaid,22.4,81,230.8,Chickpea,Rice
Bihar,Siwan,Sandy Soil,Whole Year,21.0,61,302.4,Kidneybeans,Muskmelon
Bihar,Siwan,Black Soil,Kharif,29.0,56,314.4,Rice,Soybean
Bihar,Siwan,Loamy Soil,Zaid,21.6,76,343.3,Pigeonpeas,Sugarcane
Bihar,Siwan,Red Soil,Zaid,21.6,54,110.7,Lentil,Pulses
Bihar,Siwan,Loamy Soil,Kharif,20.1,48,223.9,Maize,Maize
Bihar,Siwan,Alluvial Soil,Whole Year,28.0,85,246.6,Mothbeans,Sugarcane
Bihar,Siwan,Sandy Soil,Kharif,35.3,71,115.0,Mungbean,Groundnut
Bihar,Siwan,Sandy Soil,Whole Year,31.0,40,133.8,Kidneybeans,Watermelon
Bihar,Siwan,Laterite Soil,Kharif,33.9,44,203.2,Muskmelon,Cashew
Bihar,Siwan,Alluvial Soil,Rabi,26.6,41,337.0,Apple,Wheat
Bihar,Siwan,Loamy Soil,Kharif,24.8,42,342.1,Blackgram,Wheat
Bihar,Siwan,Laterite Soil,Zaid,21.9,78,117.1,Kidneybeans,Coffee
Bihar,Siwan,Black Soil,Whole Year,38.9,83,216.5,Mango,Cotton
Bihar,Siwan,Black Soil,Whole Year,22.4,58,44.6,Banana,Cotton
Bihar,Siwan,Sandy Soil,Whole Year,37.8,94,343.1,Maize,Muskmelon
Bihar,Siwan,Laterite Soil,Rabi,24.4,43,195.4,Papaya,Coffee
Bihar,Siwan,Red Soil,Zaid,24.3,87,206.2,Orange,Millets
Bihar,Siwan,Red Soil,Rabi,35.9,46,309.2,Mango,Millets
Bihar,Supaul,Alluvial Soil,Kharif,18.7,66,150.9,Chickpea,Rice
Bihar,Supaul,Laterite Soil,Kharif,28.3,91,71.8,Pigeonpeas,Cashew
Bihar,Supaul,Black Soil,Zaid,21.5,67,97.0,Coconut,Cotton
Bihar,Supaul,Laterite Soil,Rabi,23.2,67,53.7,Blackgram,Cashew
Bihar,Supaul,Red Soil,Rabi,20.9,79,20.0,Pigeonpeas,Groundnut
Bihar,Supaul,Alluvial Soil,Whole Year,25.8,90,37.3,Mothbeans,Rice
Bihar,Supaul,Red Soil,Whole Year,32.9,80,189.4,Mothbeans,Pulses
Bihar,Supaul,Red Soil,Zaid,32.4,60,306.2,Coffee,Pulses
Bihar,Supaul,Sandy Soil,Whole Year,22.5,63,290.2,Maize,Groundnut
Bihar,Supaul,Black Soil,Rabi,30.6,78,65.8,Rice,Cotton
Bihar,Supaul,Alluvial Soil,Zaid,31.0,80,149.0,Orange,Rice
Bihar,Supaul,Loamy Soil,Whole Year,38.9,50,252.2,Watermelon,Maize
Bihar,Supaul,Loamy Soil,Rabi,24.2,76,120.8,Apple,Sugarcane
Bihar,Supaul,Alluvial Soil,Kharif,27.2,54,269.2,Jute,Rice
Bihar,Supaul,Loamy Soil,Kharif,30.8,48,62.5,Kidneybeans,Wheat
Bihar,Supaul,Sandy Soil,Whole Year,27.1,57,21.9,Lentil,Muskmelon
Bihar,Supaul,Loamy Soil,Rabi,22.3,75,294.5,Chickpea,Wheat
Bihar,Supaul,Laterite Soil,Rabi,22.9,79,76.1,Cotton,Cashew
Bihar,Supaul,Laterite Soil,Kharif,24.8,64,238.8,Kidneybeans,Tea
Bihar,Supaul,Loamy Soil,Rabi,19.6,59,154.9,Orange,Rice
Bihar,Vaishali,Red Soil,Rabi,38.4,63,151.2,Grapes,Millets
Bihar,Vaishali,Black Soil,Kharif,37.5,47,196.7,Grapes,Cotton
Bihar,Vaishali,Sandy Soil,Zaid,28.1,59,222.6,Kidneybeans,Groundnut
Bihar,Vaishali,Red Soil,Kharif,29.9,61,112.2,Grapes,Millets
Bihar,Vaishali,Sandy Soil,Kharif,38.8,89,53.6,Grapes,Muskmelon
Bihar,Vaishali,Laterite Soil,Kharif,39.1,88,164.4,Banana,Cashew
Bihar,Vaishali,Alluvial Soil,Rabi,37.4,56,189.6,Papaya,Rice
Bihar,Vaishali,Laterite Soil,Kharif,35.8,57,95.9,Muskmelon,Tea
Bihar,Vaishali,Red Soil,Whole Year,31.4,59,150.3,Coffee,Groundnut
Bihar,Vaishali,Black Soil,Zaid,39.1,46,164.8,Lentil,Cotton
Bihar,Vaishali,Laterite Soil,Zaid,26.7,93,321.8,Chickpea,Coffee
Bihar,Vaishali,Loamy Soil,Whole Year,25.5,51,201.0,Mango,Rice
Bihar,Vaishali,Black Soil,Rabi,26.7,89,98.8,Mungbean,Soybean
Bihar,Vaishali,Laterite Soil,Kharif,21.8,62,293.5,Chickpea,Coffee
Bihar,Vaishali,Red Soil,Rabi,25.4,77,52.8,Lentil,Pulses
Bihar,Vaishali,Alluvial Soil,Rabi,34.1,81,223.8,Rice,Maize
Bihar,Vaishali,Laterite Soil,Zaid,21.2,54,112.5,Rice,Coffee
Bihar,Vaishali,Sandy Soil,Zaid,35.2,51,251.1,Lentil,Watermelon
Bihar,Vaishali,Alluvial Soil,Zaid,21.9,56,219.9,Papaya,Wheat
Bihar,Vaishali,Sandy Soil,Zaid,38.3,93,303.9,Muskmelon,Groundnut
Bihar,West Champaran,Sandy Soil,Whole Year,33.7,53,52.2,Rice,Watermelon
Bihar,West Champaran,Alluvial Soil,Whole Year,27.1,83,106.2,Pigeonpeas,Rice
Bihar,West Champaran,Loamy Soil,Whole Year,35.4,81,167.6,Orange,Wheat
Bihar,West Champaran,Red Soil,Kharif,29.2,56,302.2,Cotton,Groundnut
Bihar,West Champaran,Alluvial Soil,Kharif,36.3,66,330.7,Blackgram,Wheat
Bihar,West Champaran,Black Soil,Whole Year,28.8,94,107.5,Cotton,Soybean
Bihar,West Champaran,Loamy Soil,Zaid,24.2,49,216.0,Lentil,Wheat
Bihar,West Champaran,Red Soil,Zaid,18.7,44,330.5,Mungbean,Pulses
Bihar,West Champaran,Loamy Soil,Rabi,35.4,70,35.4,Kidneybeans,Wheat
Bihar,West Champaran,Laterite Soil,Kharif,31.7,56,167.6,Banana,Tea
Bihar,West Champaran,Laterite Soil,Whole Year,26.3,82,239.4,Lentil,Cashew
Bihar,West Champaran,Sandy Soil,Kharif,27.1,40,137.8,Jute,Muskmelon
Bihar,West Champaran,Loamy Soil,Rabi,28.1,54,214.9,Rice,Sugarcane
Bihar,West Champaran,Black Soil,Whole Year,32.7,54,346.5,Rice,Jowar
Bihar,West Champaran,Laterite Soil,Rabi,24.8,61,152.8,Orange,Cashew
Bihar,West Champaran,Alluvial Soil,Zaid,28.6,47,158.7,Watermelon,Wheat
Bihar,West Champaran,Laterite Soil,Zaid,31.3,70,68.0,Orange,Tea
Bihar,West Champaran,Red Soil,Whole Year,30.3,58,271.8,Maize,Groundnut
Bihar,West Champaran,Loamy Soil,Zaid,36.5,55,300.4,Cotton,Sugarcane
Bihar,West Champaran,Sandy Soil,Rabi,18.1,48,310.9,Blackgram,Muskmelon
Andhra Pradesh,Alluri Sitharama Raju,Alluvial Soil,Rabi,22.0,54,335.4,Cotton,Maize
Andhra Pradesh,Alluri Sitharama Raju,Red Soil,Whole Year,25.0,62,73.6,Mungbean,Pulses
Andhra Pradesh,Alluri Sitharama Raju,Alluvial Soil,Kharif,31.8,87,38.1,Kidneybeans,Wheat
Andhra Pradesh,Alluri Sitharama Raju,Loamy Soil,Zaid,28.8,67,312.8,Blackgram,Maize
Andhra Pradesh,Alluri Sitharama Raju,Laterite Soil,Rabi,26.4,90,95.2,Mungbean,Cashew
Andhra Pradesh,Alluri Sitharama Raju,Loamy Soil,Zaid,20.7,74,177.5,Apple,Wheat
Andhra Pradesh,Alluri Sitharama Raju,Sandy Soil,Whole Year,33.1,68,54.8,Muskmelon,Muskmelon
Andhra Pradesh,Alluri Sitharama Raju,Sandy Soil,Rabi,32.3,94,120.9,Jute,Muskmelon
Andhra Pradesh,Alluri Sitharama Raju,Red Soil,Kharif,37.6,72,92.2,Mango,Millets
Andhra Pradesh,Alluri Sitharama Raju,Black Soil,Zaid,27.1,65,214.0,Kidneybeans,Cotton
Andhra Pradesh,Alluri Sitharama Raju,Black Soil,Rabi,27.1,64,35.9,Maize,Cotton
Andhra Pradesh,Alluri Sitharama Raju,Red Soil,Zaid,35.3,86,279.6,Papaya,Pulses
Andhra Pradesh,Alluri Sitharama Raju,Black Soil,Rabi,33.1,78,146.2,Coffee,Cotton
Andhra Pradesh,Alluri Sitharama Raju,Black Soil,Rabi,37.8,80,242.3,Maize,Cotton
Andhra Pradesh,Alluri Sitharama Raju,Loamy Soil,Rabi,37.2,56,291.7,Chickpea,Sugarcane
Andhra Pradesh,Alluri Sitharama Raju,Black Soil,Kharif,39.9,90,194.5,Kidneybeans,Jowar
Andhra Pradesh,Alluri Sitharama Raju,Sandy Soil,Rabi,22.0,70,233.1,Jute,Groundnut
Andhra Pradesh,Alluri Sitharama Raju,Red Soil,Rabi,35.8,62,158.7,Muskmelon,Millets
Andhra Pradesh,Alluri Sitharama Raju,Black Soil,Rabi,35.8,92,177.3,Muskmelon,Soybean
Andhra Pradesh,Alluri Sitharama Raju,Sandy Soil,Whole Year,39.7,71,99.2,Mango,Groundnut
Andhra Pradesh,Anakapalli,Sandy Soil,Kharif,21.0,91,294.4,Orange,Muskmelon
Andhra Pradesh,Anakapalli,Black Soil,Zaid,30.8,42,145.7,Grapes,Jowar
Andhra Pradesh,Anakapalli,Alluvial Soil,Rabi,19.6,61,126.5,Pomegranate,Maize
Andhra Pradesh,Anakapalli,Red Soil,Rabi,29.6,64,64.9,Pigeonpeas,Pulses
Andhra Pradesh,Anakapalli,Sandy Soil,Rabi,32.8,54,305.8,Jute,Groundnut
Andhra Pradesh,Anakapalli,Laterite Soil,Kharif,22.8,66,207.5,Muskmelon,Tea
Andhra Pradesh,Anakapalli,Laterite Soil,Rabi,32.2,89,344.6,Maize,Coffee
Andhra Pradesh,Anakapalli,Loamy Soil,Kharif,34.4,83,238.1,Papaya,Wheat
Andhra Pradesh,Anakapalli,Black Soil,Kharif,22.4,92,234.7,Kidneybeans,Cotton
Andhra Pradesh,Anakapalli,Alluvial Soil,Whole Year,20.0,57,339.8,Maize,Maize
Andhra Pradesh,Anakapalli,Loamy Soil,Rabi,31.8,47,86.4,Grapes,Maize
Andhra Pradesh,Anakapalli,Red Soil,Kharif,19.8,81,249.1,Chickpea,Millets
Andhra Pradesh,Anakapalli,Black Soil,Whole Year,36.0,80,43.6,Blackgram,Cotton
Andhra Pradesh,Anakapalli,Sandy Soil,Zaid,36.8,93,83.2,Rice,Groundnut
Andhra Pradesh,Anakapalli,Loamy Soil,Kharif,21.0,59,124.2,Grapes,Rice
Andhra Pradesh,Anakapalli,Laterite Soil,Zaid,22.8,86,349.6,Rice,Tea
Andhra Pradesh,Anakapalli,Black Soil,Rabi,36.6,87,120.0,Rice,Cotton
Andhra Pradesh,Anakapalli,Laterite Soil,Kharif,25.4,87,309.7,Mango,Tea
Andhra Pradesh,Anakapalli,Sandy Soil,Rabi,30.6,58,153.0,Watermelon,Groundnut
Andhra Pradesh,Anakapalli,Alluvial Soil,Whole Year,35.9,69,94.5,Coconut,Wheat
Andhra Pradesh,Anantapur,Alluvial Soil,Rabi,29.7,81,218.3,Pomegranate,Maize
Andhra Pradesh,Anantapur,Loamy Soil,Zaid,18.0,50,300.7,Chickpea,Rice
Andhra Pradesh,Anantapur,Black Soil,Kharif,27.6,93,349.4,Pomegranate,Soybean
Andhra Pradesh,Anantapur,Black Soil,Whole Year,30.6,68,224.3,Pigeonpeas,Jowar
Andhra Pradesh,Anantapur,Loamy Soil,Rabi,19.2,48,319.4,Papaya,Sugarcane
Andhra Pradesh,Anantapur,Laterite Soil,Zaid,18.7,77,184.5,Blackgram,Cashew
Andhra Pradesh,Anantapur,Loamy Soil,Rabi,38.8,40,156.7,Apple,Maize
Andhra Pradesh,Anantapur,Black Soil,Zaid,38.9,53,260.2,Mothbeans,Jowar
Andhra Pradesh,Anantapur,Sandy Soil,Zaid,27.4,74,162.9,Chickpea,Groundnut
Andhra Pradesh,Anantapur,Alluvial Soil,Zaid,22.5,69,301.7,Banana,Rice
Andhra Pradesh,Anantapur,Loamy Soil,Zaid,18.4,70,195.0,Banana,Rice
Andhra Pradesh,Anantapur,Laterite Soil,Rabi,20.8,93,203.7,Coconut,Tea
Andhra Pradesh,Anantapur,Loamy Soil,Whole Year,35.6,67,197.9,Grapes,Wheat
Andhra Pradesh,Anantapur,Laterite Soil,Kharif,29.6,90,218.2,Papaya,Tea
Andhra Pradesh,Anantapur,Loamy Soil,Zaid,32.8,84,104.8,Blackgram,Maize
Andhra Pradesh,Anantapur,Loamy Soil,Kharif,24.9,90,291.8,Mothbeans,Maize
Andhra Pradesh,Anantapur,Alluvial Soil,Zaid,29.9,67,53.8,Orange,Wheat
Andhra Pradesh,Anantapur,Sandy Soil,Whole Year,30.1,67,343.6,Pigeonpeas,Watermelon
Andhra Pradesh,Anantapur,Sandy Soil,Kharif,19.9,83,35.1,Mango,Muskmelon
Andhra Pradesh,Anantapur,Alluvial Soil,Rabi,18.6,40,247.2,Orange,Sugarcane
Andhra Pradesh,Annamayya,Alluvial Soil,Whole Year,20.8,56,151.4,Banana,Maize
Andhra Pradesh,Annamayya,Black Soil,Rabi,28.8,68,250.4,Coffee,Cotton
Andhra Pradesh,Annamayya,Alluvial Soil,Zaid,27.5,52,340.0,Maize,Sugarcane
Andhra Pradesh,Annamayya,Red Soil,Rabi,25.8,70,342.1,Chickpea,Millets
Andhra Pradesh,Annamayya,Laterite Soil,Kharif,26.7,71,228.4,Pomegranate,Coffee
Andhra Pradesh,Annamayya,Black Soil,Whole Year,32.8,93,37.6,Mango,Soybean
Andhra Pradesh,Annamayya,Alluvial Soil,Kharif,19.8,41,289.4,Apple,Maize
Andhra Pradesh,Annamayya,Laterite Soil,Kharif,26.2,87,191.1,Apple,Cashew
Andhra Pradesh,Annamayya,Alluvial Soil,Whole Year,29.2,47,283.5,Rice,Maize
Andhra Pradesh,Annamayya,Alluvial Soil,Rabi,24.2,57,165.0,Mango,Sugarcane
Andhra Pradesh,Annamayya,Black Soil,Zaid,25.0,54,57.8,Maize,Cotton
Andhra Pradesh,Annamayya,Alluvial Soil,Rabi,24.0,94,164.8,Kidneybeans,Maize
Andhra Pradesh,Annamayya,Alluvial Soil,Zaid,25.4,61,196.5,Watermelon,Wheat
Andhra Pradesh,Annamayya,Laterite Soil,Kharif,24.8,69,249.8,Lentil,Tea
Andhra Pradesh,Annamayya,Sandy Soil,Whole Year,22.0,68,32.7,Chickpea,Groundnut
Andhra Pradesh,Annamayya,Alluvial Soil,Kharif,36.3,75,66.9,Mango,Rice
Andhra Pradesh,Annamayya,Sandy Soil,Whole Year,31.6,57,152.5,Jute,Groundnut
Andhra Pradesh,Annamayya,Alluvial Soil,Zaid,25.2,83,124.7,Pomegranate,Rice
Andhra Pradesh,Annamayya,Black Soil,Rabi,20.3,42,85.4,Mungbean,Jowar
Andhra Pradesh,Annamayya,Red Soil,Rabi,20.5,87,294.4,Coconut,Groundnut
Andhra Pradesh,Bapatla,Laterite Soil,Whole Year,21.6,92,161.0,Watermelon,Coffee
Andhra Pradesh,Bapatla,Sandy Soil,Zaid,19.7,85,92.6,Chickpea,Muskmelon
Andhra Pradesh,Bapatla,Sandy Soil,Rabi,28.7,55,172.3,Rice,Watermelon
Andhra Pradesh,Bapatla,Laterite Soil,Whole Year,23.3,82,148.6,Lentil,Coffee
Andhra Pradesh,Bapatla,Loamy Soil,Zaid,18.2,41,240.4,Banana,Sugarcane
Andhra Pradesh,Bapatla,Laterite Soil,Kharif,25.2,50,310.8,Cotton,Cashew
Andhra Pradesh,Bapatla,Sandy Soil,Whole Year,34.5,91,188.8,Maize,Watermelon
Andhra Pradesh,Bapatla,Red Soil,Zaid,21.0,73,154.7,Apple,Pulses
Andhra Pradesh,Bapatla,Laterite Soil,Zaid,29.4,74,300.0,Banana,Cashew
Andhra Pradesh,Bapatla,Black Soil,Whole Year,30.7,94,125.9,Maize,Jowar
Andhra Pradesh,Bapatla,Sandy Soil,Zaid,25.1,58,228.0,Orange,Muskmelon
Andhra Pradesh,Bapatla,Loamy Soil,Whole Year,33.7,45,286.8,Watermelon,Wheat
Andhra Pradesh,Bapatla,Loamy Soil,Zaid,23.2,54,277.5,Coffee,Sugarcane
Andhra Pradesh,Bapatla,Red Soil,Rabi,37.3,87,241.1,Cotton,Groundnut
Andhra Pradesh,Bapatla,Loamy Soil,Kharif,33.2,41,308.2,Watermelon,Sugarcane
Andhra Pradesh,Bapatla,Loamy Soil,Rabi,19.6,70,335.5,Watermelon,Rice
Andhra Pradesh,Bapatla,Red Soil,Whole Year,24.1,74,262.8,Apple,Millets
Andhra Pradesh,Bapatla,Black Soil,Kharif,31.4,91,48.2,Orange,Soybean
Andhra Pradesh,Bapatla,Red Soil,Kharif,25.4,83,28.5,Mothbeans,Millets
Andhra Pradesh,Bapatla,Loamy Soil,Kharif,35.6,75,232.2,Maize,Sugarcane
Andhra Pradesh,Chittoor,Red Soil,Whole Year,28.2,83,210.8,Kidneybeans,Millets
Andhra Pradesh,Chittoor,Alluvial Soil,Rabi,28.6,40,182.3,Grapes,Sugarcane
Andhra Pradesh,Chittoor,Loamy Soil,Kharif,22.9,93,43.7,Maize,Maize
Andhra Pradesh,Chittoor,Black Soil,Zaid,28.0,88,169.3,Grapes,Soybean
Andhra Pradesh,Chittoor,Alluvial Soil,Rabi,38.4,76,308.2,Orange,Wheat
Andhra Pradesh,Chittoor,Laterite Soil,Kharif,24.2,70,333.4,Jute,Coffee
Andhra Pradesh,Chittoor,Loamy Soil,Zaid,35.4,82,96.9,Jute,Sugarcane
Andhra Pradesh,Chittoor,Black Soil,Whole Year,32.6,53,23.0,Orange,Soybean
Andhra Pradesh,Chittoor,Alluvial Soil,Rabi,24.6,70,248.0,Apple,Wheat
Andhra Pradesh,Chittoor,Red Soil,Zaid,27.0,88,145.0,Banana,Millets
Andhra Pradesh,Chittoor,Loamy Soil,Whole Year,22.4,48,210.9,Cotton,Wheat
Andhra Pradesh,Chittoor,Loamy Soil,Whole Year,23.7,64,258.1,Orange,Sugarcane
Andhra Pradesh,Chittoor,Sandy Soil,Rabi,31.6,90,220.4,Pigeonpeas,Watermelon
Andhra Pradesh,Chittoor,Sandy Soil,Rabi,24.5,52,144.1,Lentil,Watermelon
Andhra Pradesh,Chittoor,Laterite Soil,Whole Year,38.2,67,22.1,Maize,Tea
Andhra Pradesh,Chittoor,Black Soil,Rabi,24.6,67,325.4,Mungbean,Cotton
Andhra Pradesh,Chittoor,Laterite Soil,Rabi,28.7,61,349.1,Chickpea,Cashew
Andhra Pradesh,Chittoor,Alluvial Soil,Kharif,30.1,58,119.2,Blackgram,Rice
Andhra Pradesh,Chittoor,Black Soil,Zaid,24.1,95,103.9,Chickpea,Cotton
Andhra Pradesh,Chittoor,Red Soil,Rabi,38.6,61,111.3,Chickpea,Groundnut
Andhra Pradesh,East Godavari,Loamy Soil,Rabi,30.7,71,253.3,Banana,Rice
Andhra Pradesh,East Godavari,Alluvial Soil,Kharif,35.4,65,163.7,Mungbean,Maize
Andhra Pradesh,East Godavari,Black Soil,Kharif,19.1,59,133.5,Banana,Cotton
Andhra Pradesh,East Godavari,Laterite Soil,Whole Year,24.9,43,283.9,Apple,Tea
Andhra Pradesh,East Godavari,Alluvial Soil,Zaid,35.0,47,174.8,Coffee,Sugarcane
Andhra Pradesh,East Godavari,Red Soil,Whole Year,36.4,64,345.6,Chickpea,Pulses
Andhra Pradesh,East Godavari,Laterite Soil,Kharif,25.4,69,276.2,Pomegranate,Coffee
Andhra Pradesh,East Godavari,Laterite Soil,Rabi,26.5,59,28.8,Orange,Cashew
Andhra Pradesh,East Godavari,Alluvial Soil,Rabi,19.9,76,81.8,Mango,Sugarcane
Andhra Pradesh,East Godavari,Loamy Soil,Kharif,35.3,61,271.4,Rice,Wheat
Andhra Pradesh,East Godavari,Alluvial Soil,Whole Year,39.9,60,64.0,Orange,Sugarcane
Andhra Pradesh,East Godavari,Laterite Soil,Zaid,38.1,95,83.4,Coffee,Cashew
Andhra Pradesh,East Godavari,Sandy Soil,Kharif,30.7,95,278.7,Maize,Muskmelon
Andhra Pradesh,East Godavari,Sandy Soil,Rabi,21.7,70,344.9,Mungbean,Groundnut
Andhra Pradesh,East Godavari,Black Soil,Zaid,34.0,73,328.7,Watermelon,Soybean
Andhra Pradesh,East Godavari,Sandy Soil,Kharif,29.1,87,77.8,Papaya,Watermelon
Andhra Pradesh,East Godavari,Red Soil,Zaid,26.7,54,55.5,Maize,Groundnut
Andhra Pradesh,East Godavari,Loamy Soil,Zaid,23.0,95,106.8,Rice,Maize
Andhra Pradesh,East Godavari,Laterite Soil,Zaid,33.2,88,209.2,Grapes,Tea
Andhra Pradesh,East Godavari,Loamy Soil,Kharif,30.7,85,32.5,Mothbeans,Rice
Andhra Pradesh,Eluru,Laterite Soil,Kharif,24.5,49,284.7,Papaya,Tea
Andhra Pradesh,Eluru,Sandy Soil,Rabi,38.1,71,244.2,Coconut,Muskmelon
Andhra Pradesh,Eluru,Red Soil,Rabi,33.8,83,66.0,Orange,Groundnut
Andhra Pradesh,Eluru,Laterite Soil,Kharif,30.5,79,142.0,Orange,Cashew
Andhra Pradesh,Eluru,Loamy Soil,Rabi,28.9,49,108.8,Rice,Wheat
Andhra Pradesh,Eluru,Red Soil,Rabi,34.5,41,201.8,Jute,Groundnut
Andhra Pradesh,Eluru,Sandy Soil,Kharif,33.1,87,201.9,Pigeonpeas,Groundnut
Andhra Pradesh,Eluru,Red Soil,Rabi,25.2,59,175.6,Watermelon,Millets
Andhra Pradesh,Eluru,Alluvial Soil,Rabi,39.7,49,319.1,Grapes,Wheat
Andhra Pradesh,Eluru,Sandy Soil,Rabi,24.3,63,324.6,Muskmelon,Muskmelon
Andhra Pradesh,Eluru,Loamy Soil,Zaid,36.1,61,129.4,Coffee,Wheat
Andhra Pradesh,Eluru,Laterite Soil,Whole Year,22.9,65,311.3,Chickpea,Coffee
Andhra Pradesh,Eluru,Black Soil,Zaid,28.5,81,202.1,Maize,Soybean
Andhra Pradesh,Eluru,Alluvial Soil,Kharif,31.6,91,249.5,Lentil,Wheat
Andhra Pradesh,Eluru,Laterite Soil,Whole Year,32.8,68,336.5,Orange,Cashew
Andhra Pradesh,Eluru,Loamy Soil,Zaid,29.9,70,298.7,Lentil,Maize
Andhra Pradesh,Eluru,Alluvial Soil,Zaid,33.0,90,71.7,Chickpea,Rice
Andhra Pradesh,Eluru,Sandy Soil,Rabi,39.4,56,213.0,Apple,Watermelon
Andhra Pradesh,Eluru,Loamy Soil,Zaid,27.0,88,251.1,Orange,Rice
Andhra Pradesh,Eluru,Laterite Soil,Zaid,23.6,68,164.8,Mothbeans,Tea
Andhra Pradesh,Guntur,Black Soil,Whole Year,31.8,91,275.3,Muskmelon,Cotton
Andhra Pradesh,Guntur,Red Soil,Zaid,39.2,73,210.8,Papaya,Groundnut
Andhra Pradesh,Guntur,Sandy Soil,Whole Year,21.2,89,65.9,Rice,Groundnut
Andhra Pradesh,Guntur,Black Soil,Whole Year,29.4,67,42.0,Rice,Cotton
Andhra Pradesh,Guntur,Black Soil,Rabi,32.7,95,325.4,Lentil,Jowar
Andhra Pradesh,Guntur,Loamy Soil,Whole Year,18.4,54,274.0,Maize,Sugarcane
Andhra Pradesh,Guntur,Black Soil,Kharif,33.5,73,211.5,Rice,Jowar
Andhra Pradesh,Guntur,Loamy Soil,Kharif,21.2,45,311.0,Lentil,Sugarcane
Andhra Pradesh,Guntur,Alluvial Soil,Zaid,25.1,89,46.2,Grapes,Sugarcane
Andhra Pradesh,Guntur,Red Soil,Rabi,32.7,43,116.4,Pomegranate,Millets
Andhra Pradesh,Guntur,Loamy Soil,Whole Year,38.5,56,23.5,Coffee,Sugarcane
Andhra Pradesh,Guntur,Sandy Soil,Zaid,28.7,60,322.8,Chickpea,Muskmelon
Andhra Pradesh,Guntur,Loamy Soil,Zaid,37.9,89,253.8,Blackgram,Rice
Andhra Pradesh,Guntur,Sandy Soil,Rabi,28.1,65,176.6,Mango,Watermelon
Andhra Pradesh,Guntur,Sandy Soil,Zaid,18.4,86,82.2,Mango,Muskmelon
Andhra Pradesh,Guntur,Red Soil,Whole Year,39.5,57,115.5,Papaya,Millets
Andhra Pradesh,Guntur,Red Soil,Rabi,28.6,60,68.8,Jute,Millets
Andhra Pradesh,Guntur,Red Soil,Rabi,26.2,88,101.9,Mango,Groundnut
Andhra Pradesh,Guntur,Black Soil,Whole Year,35.5,73,254.3,Coffee,Jowar
Andhra Pradesh,Guntur,Black Soil,Rabi,23.5,68,294.9,Coffee,Jowar
Andhra Pradesh,Kakinada,Sandy Soil,Kharif,22.3,78,46.7,Coconut,Groundnut
Andhra Pradesh,Kakinada,Loamy Soil,Zaid,19.0,89,338.3,Banana,Rice
Andhra Pradesh,Kakinada,Black Soil,Rabi,32.3,44,105.6,Mango,Soybean
Andhra Pradesh,Kakinada,Alluvial Soil,Kharif,22.8,54,222.9,Kidneybeans,Wheat
Andhra Pradesh,Kakinada,Sandy Soil,Zaid,34.5,76,156.2,Kidneybeans,Groundnut
Andhra Pradesh,Kakinada,Loamy Soil,Rabi,27.0,72,299.2,Banana,Maize
Andhra Pradesh,Kakinada,Sandy Soil,Rabi,18.7,60,230.3,Chickpea,Muskmelon
Andhra Pradesh,Kakinada,Loamy Soil,Rabi,33.5,48,182.6,Mothbeans,Sugarcane
Andhra Pradesh,Kakinada,Red Soil,Rabi,25.7,52,287.2,Kidneybeans,Groundnut
Andhra Pradesh,Kakinada,Sandy Soil,Whole Year,39.1,94,58.6,Mungbean,Muskmelon
Andhra Pradesh,Kakinada,Sandy Soil,Rabi,31.2,56,257.5,Orange,Muskmelon
Andhra Pradesh,Kakinada,Loamy Soil,Rabi,32.7,47,185.1,Pigeonpeas,Rice
Andhra Pradesh,Kakinada,Laterite Soil,Zaid,30.5,74,96.7,Rice,Coffee
Andhra Pradesh,Kakinada,Black Soil,Rabi,38.4,57,214.3,Chickpea,Cotton
Andhra Pradesh,Kakinada,Red Soil,Whole Year,37.0,78,70.2,Orange,Millets
Andhra Pradesh,Kakinada,Red Soil,Whole Year,33.9,58,260.5,Kidneybeans,Pulses
Andhra Pradesh,Kakinada,Black Soil,Kharif,23.6,74,264.3,Maize,Jowar
Andhra Pradesh,Kakinada,Alluvial Soil,Whole Year,22.9,86,258.0,Kidneybeans,Rice
Andhra Pradesh,Kakinada,Sandy Soil,Rabi,18.3,68,160.1,Jute,Muskmelon
Andhra Pradesh,Kakinada,Red Soil,Zaid,31.8,87,138.3,Blackgram,Groundnut
Andhra Pradesh,Konaseema,Laterite Soil,Zaid,26.3,44,229.1,Muskmelon,Cashew
Andhra Pradesh,Konaseema,Black Soil,Zaid,34.9,87,268.1,Coconut,Cotton
Andhra Pradesh,Konaseema,Sandy Soil,Zaid,24.0,78,281.1,Jute,Muskmelon
Andhra Pradesh,Konaseema,Loamy Soil,Whole Year,34.1,85,57.8,Kidneybeans,Wheat
Andhra Pradesh,Konaseema,Sandy Soil,Zaid,27.9,57,189.5,Papaya,Watermelon
Andhra Pradesh,Konaseema,Alluvial Soil,Kharif,39.8,77,341.5,Rice,Sugarcane
Andhra Pradesh,Konaseema,Sandy Soil,Kharif,21.9,66,161.5,Chickpea,Groundnut
Andhra Pradesh,Konaseema,Black Soil,Rabi,20.4,91,253.5,Rice,Soybean
Andhra Pradesh,Konaseema,Alluvial Soil,Zaid,21.5,90,132.3,Rice,Sugarcane
Andhra Pradesh,Konaseema,Sandy Soil,Whole Year,21.2,55,279.4,Jute,Groundnut
Andhra Pradesh,Konaseema,Loamy Soil,Whole Year,34.5,43,89.2,Grapes,Rice
Andhra Pradesh,Konaseema,Laterite Soil,Rabi,35.2,69,284.2,Blackgram,Coffee
Andhra Pradesh,Konaseema,Laterite Soil,Rabi,22.9,68,191.9,Banana,Cashew
Andhra Pradesh,Konaseema,Alluvial Soil,Kharif,21.3,66,182.0,Maize,Rice
Andhra Pradesh,Konaseema,Alluvial Soil,Kharif,30.2,66,313.7,Maize,Wheat
Andhra Pradesh,Konaseema,Loamy Soil,Kharif,36.5,81,288.0,Apple,Wheat
Andhra Pradesh,Konaseema,Black Soil,Whole Year,23.3,42,344.8,Blackgram,Soybean
Andhra Pradesh,Konaseema,Laterite Soil,Zaid,33.4,90,258.0,Maize,Coffee
Andhra Pradesh,Konaseema,Loamy Soil,Rabi,20.0,55,114.3,Rice,Sugarcane
Andhra Pradesh,Konaseema,Laterite Soil,Whole Year,30.5,59,294.3,Mungbean,Tea
Andhra Pradesh,Krishna,Laterite Soil,Zaid,37.1,95,134.2,Pomegranate,Tea
Andhra Pradesh,Krishna,Sandy Soil,Zaid,35.9,60,333.0,Mungbean,Groundnut
Andhra Pradesh,Krishna,Loamy Soil,Zaid,34.9,92,276.9,Rice,Rice
Andhra Pradesh,Krishna,Red Soil,Whole Year,21.9,85,273.6,Grapes,Millets
Andhra Pradesh,Krishna,Alluvial Soil,Zaid,33.2,90,77.9,Mothbeans,Rice
Andhra Pradesh,Krishna,Sandy Soil,Kharif,29.7,75,258.0,Papaya,Groundnut
Andhra Pradesh,Krishna,Laterite Soil,Kharif,35.2,59,258.4,Mango,Tea
Andhra Pradesh,Krishna,Red Soil,Zaid,29.5,60,196.6,Banana,Groundnut
Andhra Pradesh,Krishna,Sandy Soil,Zaid,26.6,51,189.1,Watermelon,Groundnut
Andhra Pradesh,Krishna,Laterite Soil,Whole Year,21.6,82,302.7,Jute,Cashew
Andhra Pradesh,Krishna,Loamy Soil,Kharif,28.1,77,106.7,Muskmelon,Sugarcane
Andhra Pradesh,Krishna,Alluvial Soil,Rabi,37.1,95,308.0,Watermelon,Rice
Andhra Pradesh,Krishna,Red Soil,Rabi,19.5,71,105.2,Mango,Pulses
Andhra Pradesh,Krishna,Black Soil,Zaid,34.4,93,144.7,Mango,Cotton
Andhra Pradesh,Krishna,Red Soil,Zaid,24.2,57,274.4,Lentil,Millets
Andhra Pradesh,Krishna,Alluvial Soil,Rabi,33.0,65,30.7,Maize,Wheat
Andhra Pradesh,Krishna,Red Soil,Kharif,36.6,63,207.6,Banana,Pulses
Andhra Pradesh,Krishna,Red Soil,Rabi,39.5,57,126.9,Chickpea,Millets
Andhra Pradesh,Krishna,Alluvial Soil,Whole Year,35.7,75,275.6,Mungbean,Wheat
Andhra Pradesh,Krishna,Sandy Soil,Kharif,32.1,48,147.1,Pigeonpeas,Muskmelon
Andhra Pradesh,Kurnool,Laterite Soil,Rabi,27.8,89,95.3,Kidneybeans,Coffee
Andhra Pradesh,Kurnool,Sandy Soil,Whole Year,27.1,93,205.8,Cotton,Muskmelon
Andhra Pradesh,Kurnool,Alluvial Soil,Whole Year,19.1,79,143.1,Jute,Sugarcane
Andhra Pradesh,Kurnool,Alluvial Soil,Rabi,37.4,68,52.3,Banana,Wheat
Andhra Pradesh,Kurnool,Red Soil,Zaid,23.9,42,177.3,Maize,Pulses
Andhra Pradesh,Kurnool,Laterite Soil,Zaid,24.4,80,293.6,Chickpea,Tea
Andhra Pradesh,Kurnool,Loamy Soil,Whole Year,23.5,46,67.7,Coconut,Sugarcane
Andhra Pradesh,Kurnool,Black Soil,Zaid,33.8,54,180.2,Mothbeans,Cotton
Andhra Pradesh,Kurnool,Alluvial Soil,Kharif,37.2,82,350.0,Maize,Rice
Andhra Pradesh,Kurnool,Loamy Soil,Zaid,38.2,44,261.0,Lentil,Wheat
Andhra Pradesh,Kurnool,Black Soil,Rabi,25.7,48,281.5,Muskmelon,Soybean
Andhra Pradesh,Kurnool,Red Soil,Whole Year,22.4,83,44.1,Pigeonpeas,Groundnut
Andhra Pradesh,Kurnool,Red Soil,Kharif,37.1,83,240.0,Chickpea,Millets
Andhra Pradesh,Kurnool,Laterite Soil,Whole Year,25.1,51,249.6,Mango,Tea
Andhra Pradesh,Kurnool,Sandy Soil,Zaid,30.9,41,320.5,Jute,Muskmelon
Andhra Pradesh,Kurnool,Red Soil,Rabi,35.6,84,86.0,Banana,Groundnut
Andhra Pradesh,Kurnool,Black Soil,Zaid,26.6,65,168.0,Papaya,Cotton
Andhra Pradesh,Kurnool,Sandy Soil,Kharif,25.6,47,183.1,Pigeonpeas,Groundnut
Andhra Pradesh,Kurnool,Black Soil,Zaid,23.4,78,156.0,Papaya,Jowar
Andhra Pradesh,Kurnool,Laterite Soil,Whole Year,28.1,73,69.2,Chickpea,Tea
Andhra Pradesh,Nandyal,Laterite Soil,Kharif,24.1,95,228.3,Rice,Tea
Andhra Pradesh,Nandyal,Sandy Soil,Whole Year,19.1,71,309.8,Pigeonpeas,Groundnut
Andhra Pradesh,Nandyal,Alluvial Soil,Whole Year,29.5,79,92.1,Maize,Rice
Andhra Pradesh,Nandyal,Black Soil,Rabi,26.6,46,342.2,Pigeonpeas,Cotton
Andhra Pradesh,Nandyal,Black Soil,Whole Year,25.7,53,317.1,Mothbeans,Jowar
Andhra Pradesh,Nandyal,Loamy Soil,Kharif,34.4,42,217.8,Coconut,Sugarcane
Andhra Pradesh,Nandyal,Laterite Soil,Kharif,22.5,71,80.0,Orange,Tea
Andhra Pradesh,Nandyal,Laterite Soil,Kharif,27.3,58,198.6,Coffee,Coffee
Andhra Pradesh,Nandyal,Laterite Soil,Kharif,35.2,83,154.6,Papaya,Coffee
Andhra Pradesh,Nandyal,Sandy Soil,Rabi,39.7,81,274.6,Kidneybeans,Muskmelon
Andhra Pradesh,Nandyal,Sandy Soil,Kharif,30.9,75,203.2,Coconut,Groundnut
Andhra Pradesh,Nandyal,Black Soil,Kharif,37.9,41,161.8,Jute,Jowar
Andhra Pradesh,Nandyal,Sandy Soil,Kharif,25.3,84,239.0,Rice,Groundnut
Andhra Pradesh,Nandyal,Sandy Soil,Whole Year,21.6,83,45.6,Cotton,Muskmelon
Andhra Pradesh,Nandyal,Laterite Soil,Whole Year,22.3,55,164.5,Coffee,Tea
Andhra Pradesh,Nandyal,Sandy Soil,Rabi,34.7,69,125.5,Blackgram,Muskmelon
Andhra Pradesh,Nandyal,Black Soil,Kharif,38.0,48,26.6,Pomegranate,Jowar
Andhra Pradesh,Nandyal,Laterite Soil,Rabi,28.2,94,347.1,Lentil,Coffee
Andhra Pradesh,Nandyal,Loamy Soil,Kharif,24.9,93,177.0,Banana,Sugarcane
Andhra Pradesh,Nandyal,Red Soil,Kharif,33.5,53,48.3,Pigeonpeas,Pulses
Andhra Pradesh,Ntr,Alluvial Soil,Rabi,32.5,62,299.7,Maize,Rice
Andhra Pradesh,Ntr,Red Soil,Rabi,20.0,75,220.5,Coffee,Millets
Andhra Pradesh,Ntr,Loamy Soil,Whole Year,23.2,47,216.9,Pigeonpeas,Wheat
Andhra Pradesh,Ntr,Laterite Soil,Zaid,26.7,90,270.1,Banana,Cashew
Andhra Pradesh,Ntr,Red Soil,Whole Year,23.8,79,86.0,Coffee,Groundnut
Andhra Pradesh,Ntr,Black Soil,Whole Year,21.9,81,80.8,Muskmelon,Cotton
Andhra Pradesh,Ntr,Loamy Soil,Kharif,34.7,61,337.9,Apple,Sugarcane
Andhra Pradesh,Ntr,Black Soil,Zaid,34.2,93,59.9,Rice,Jowar
Andhra Pradesh,Ntr,Laterite Soil,Whole Year,30.1,80,122.7,Muskmelon,Coffee
Andhra Pradesh,Ntr,Laterite Soil,Rabi,21.9,81,82.1,Chickpea,Tea
Andhra Pradesh,Ntr,Laterite Soil,Whole Year,32.7,52,203.2,Papaya,Coffee
Andhra Pradesh,Ntr,Laterite Soil,Zaid,29.6,95,76.1,Mungbean,Coffee
Andhra Pradesh,Ntr,Red Soil,Kharif,25.9,83,36.6,Grapes,Pulses
Andhra Pradesh,Ntr,Laterite Soil,Rabi,24.3,93,300.2,Coffee,Cashew
Andhra Pradesh,Ntr,Loamy Soil,Zaid,33.0,80,112.8,Grapes,Sugarcane
Andhra Pradesh,Ntr,Black Soil,Kharif,38.8,56,148.0,Coffee,Cotton
Andhra Pradesh,Ntr,Black Soil,Whole Year,30.8,74,129.8,Muskmelon,Cotton
Andhra Pradesh,Ntr,Red Soil,Rabi,33.3,48,336.7,Papaya,Millets
Andhra Pradesh,Ntr,Black Soil,Kharif,22.5,71,330.5,Lentil,Soybean
Andhra Pradesh,Ntr,Loamy Soil,Kharif,31.2,68,252.7,Pigeonpeas,Sugarcane
Andhra Pradesh,Palnadu,Alluvial Soil,Rabi,18.2,44,142.2,Jute,Rice
Andhra Pradesh,Palnadu,Alluvial Soil,Kharif,23.4,74,246.9,Banana,Sugarcane
Andhra Pradesh,Palnadu,Red Soil,Zaid,26.7,82,276.4,Banana,Millets
Andhra Pradesh,Palnadu,Sandy Soil,Rabi,31.4,70,320.5,Pomegranate,Groundnut
Andhra Pradesh,Palnadu,Loamy Soil,Rabi,36.6,79,108.2,Kidneybeans,Maize
Andhra Pradesh,Palnadu,Loamy Soil,Whole Year,30.9,59,115.3,Chickpea,Rice
Andhra Pradesh,Palnadu,Alluvial Soil,Whole Year,33.8,87,266.9,Pigeonpeas,Wheat
Andhra Pradesh,Palnadu,Red Soil,Whole Year,30.1,85,308.7,Orange,Millets
Andhra Pradesh,Palnadu,Black Soil,Zaid,24.7,66,70.8,Pigeonpeas,Soybean
Andhra Pradesh,Palnadu,Sandy Soil,Rabi,35.1,53,235.0,Banana,Muskmelon
Andhra Pradesh,Palnadu,Black Soil,Whole Year,25.0,93,140.1,Banana,Soybean
Andhra Pradesh,Palnadu,Alluvial Soil,Zaid,19.5,78,291.0,Chickpea,Sugarcane
Andhra Pradesh,Palnadu,Red Soil,Whole Year,18.7,94,209.5,Mungbean,Pulses
Andhra Pradesh,Palnadu,Loamy Soil,Kharif,26.5,45,31.5,Rice,Wheat
Andhra Pradesh,Palnadu,Black Soil,Zaid,21.5,57,224.8,Coconut,Soybean
Andhra Pradesh,Palnadu,Laterite Soil,Whole Year,30.7,53,71.5,Cotton,Cashew
Andhra Pradesh,Palnadu,Loamy Soil,Zaid,38.0,56,258.5,Cotton,Wheat
Andhra Pradesh,Palnadu,Sandy Soil,Rabi,26.4,85,104.5,Lentil,Groundnut
Andhra Pradesh,Palnadu,Sandy Soil,Whole Year,31.2,83,289.5,Lentil,Muskmelon
Andhra Pradesh,Palnadu,Sandy Soil,Rabi,34.8,62,173.5,Cotton,Watermelon
Andhra Pradesh,Parvathipuram Manyam,Loamy Soil,Zaid,31.7,66,226.9,Mungbean,Maize
Andhra Pradesh,Parvathipuram Manyam,Laterite Soil,Rabi,31.0,89,83.0,Lentil,Tea
Andhra Pradesh,Parvathipuram Manyam,Loamy Soil,Zaid,27.2,43,121.1,Rice,Rice
Andhra Pradesh,Parvathipuram Manyam,Red Soil,Zaid,32.3,58,213.4,Mungbean,Groundnut
Andhra Pradesh,Parvathipuram Manyam,Red Soil,Zaid,29.7,51,152.7,Grapes,Groundnut
Andhra Pradesh,Parvathipuram Manyam,Red Soil,Kharif,36.2,69,265.2,Mango,Millets
Andhra Pradesh,Parvathipuram Manyam,Black Soil,Zaid,24.9,40,161.8,Watermelon,Soybean
Andhra Pradesh,Parvathipuram Manyam,Loamy Soil,Zaid,21.5,66,234.1,Grapes,Maize
Andhra Pradesh,Parvathipuram Manyam,Sandy Soil,Kharif,35.8,49,230.1,Mothbeans,Groundnut
Andhra Pradesh,Parvathipuram Manyam,Red Soil,Kharif,34.3,65,24.4,Coconut,Groundnut
Andhra Pradesh,Parvathipuram Manyam,Black Soil,Zaid,33.4,77,31.4,Banana,Jowar
Andhra Pradesh,Parvathipuram Manyam,Loamy Soil,Kharif,37.6,95,214.9,Blackgram,Sugarcane
Andhra Pradesh,Parvathipuram Manyam,Laterite Soil,Zaid,18.7,76,99.7,Chickpea,Cashew
Andhra Pradesh,Parvathipuram Manyam,Loamy Soil,Whole Year,31.7,45,45.6,Coconut,Maize
Andhra Pradesh,Parvathipuram Manyam,Loamy Soil,Rabi,34.5,76,91.0,Chickpea,Rice
Andhra Pradesh,Parvathipuram Manyam,Black Soil,Kharif,37.5,47,60.6,Maize,Cotton
Andhra Pradesh,Parvathipuram Manyam,Alluvial Soil,Rabi,22.7,57,174.3,Banana,Maize
Andhra Pradesh,Parvathipuram Manyam,Loamy Soil,Whole Year,23.2,54,126.6,Mango,Rice
Andhra Pradesh,Parvathipuram Manyam,Loamy Soil,Whole Year,30.6,62,115.5,Jute,Sugarcane
Andhra Pradesh,Parvathipuram Manyam,Loamy Soil,Whole Year,34.9,84,257.5,Banana,Wheat
Andhra Pradesh,Prakasam,Alluvial Soil,Zaid,32.6,49,227.6,Papaya,Rice
Andhra Pradesh,Prakasam,Laterite Soil,Whole Year,34.9,78,159.2,Orange,Tea
Andhra Pradesh,Prakasam,Loamy Soil,Zaid,25.1,59,56.2,Lentil,Maize
Andhra Pradesh,Prakasam,Sandy Soil,Kharif,21.7,41,90.7,Pigeonpeas,Watermelon
Andhra Pradesh,Prakasam,Black Soil,Kharif,32.9,87,266.8,Cotton,Soybean
Andhra Pradesh,Prakasam,Laterite Soil,Kharif,24.4,44,77.8,Mango,Coffee
Andhra Pradesh,Prakasam,Sandy Soil,Zaid,35.2,91,27.0,Rice,Watermelon
Andhra Pradesh,Prakasam,Black Soil,Rabi,39.2,88,122.6,Mungbean,Soybean
Andhra Pradesh,Prakasam,Red Soil,Kharif,36.3,82,191.8,Grapes,Millets
Andhra Pradesh,Prakasam,Alluvial Soil,Zaid,19.3,93,145.3,Pomegranate,Rice
Andhra Pradesh,Prakasam,Loamy Soil,Zaid,31.4,81,318.1,Coconut,Rice
Andhra Pradesh,Prakasam,Alluvial Soil,Rabi,38.9,57,140.6,Mothbeans,Wheat
Andhra Pradesh,Prakasam,Loamy Soil,Whole Year,32.4,56,284.3,Muskmelon,Wheat
Andhra Pradesh,Prakasam,Red Soil,Whole Year,35.3,66,289.5,Pomegranate,Millets
Andhra Pradesh,Prakasam,Sandy Soil,Zaid,25.6,68,204.2,Papaya,Muskmelon
Andhra Pradesh,Prakasam,Sandy Soil,Zaid,37.8,80,329.4,Coffee,Watermelon
Andhra Pradesh,Prakasam,Red Soil,Zaid,21.9,73,289.3,Apple,Pulses
Andhra Pradesh,Prakasam,Laterite Soil,Rabi,38.3,92,82.6,Coffee,Cashew
Andhra Pradesh,Prakasam,Black Soil,Kharif,19.3,46,234.6,Kidneybeans,Jowar
Andhra Pradesh,Prakasam,Alluvial Soil,Zaid,37.7,46,258.1,Mothbeans,Rice
Andhra Pradesh,Sri Potti Sriramulu Nellore,Alluvial Soil,Kharif,37.8,40,193.4,Pomegranate,Rice
Andhra Pradesh,Sri Potti Sriramulu Nellore,Alluvial Soil,Zaid,39.0,44,24.9,Kidneybeans,Maize
Andhra Pradesh,Sri Potti Sriramulu Nellore,Sandy Soil,Rabi,30.8,61,328.8,Banana,Groundnut
Andhra Pradesh,Sri Potti Sriramulu Nellore,Red Soil,Zaid,21.1,83,136.7,Apple,Groundnut
Andhra Pradesh,Sri Potti Sriramulu Nellore,Loamy Soil,Kharif,27.0,86,108.6,Banana,Wheat
Andhra Pradesh,Sri Potti Sriramulu Nellore,Alluvial Soil,Zaid,37.5,78,146.7,Lentil,Sugarcane
Andhra Pradesh,Sri Potti Sriramulu Nellore,Loamy Soil,Whole Year,36.1,47,47.9,Chickpea,Rice
Andhra Pradesh,Sri Potti Sriramulu Nellore,Loamy Soil,Zaid,36.4,70,249.4,Cotton,Maize
Andhra Pradesh,Sri Potti Sriramulu Nellore,Sandy Soil,Kharif,40.0,40,220.3,Grapes,Groundnut
Andhra Pradesh,Sri Potti Sriramulu Nellore,Alluvial Soil,Zaid,30.0,93,114.6,Muskmelon,Rice
Andhra Pradesh,Sri Potti Sriramulu Nellore,Laterite Soil,Whole Year,24.8,61,25.8,Kidneybeans,Coffee
Andhra Pradesh,Sri Potti Sriramulu Nellore,Laterite Soil,Zaid,25.5,82,136.5,Apple,Coffee
Andhra Pradesh,Sri Potti Sriramulu Nellore,Black Soil,Kharif,21.1,66,197.3,Pigeonpeas,Soybean
Andhra Pradesh,Sri Potti Sriramulu Nellore,Black Soil,Rabi,30.2,49,200.6,Grapes,Cotton
Andhra Pradesh,Sri Potti Sriramulu Nellore,Loamy Soil,Kharif,21.8,67,69.6,Watermelon,Maize
Andhra Pradesh,Sri Potti Sriramulu Nellore,Sandy Soil,Kharif,28.7,91,169.8,Grapes,Muskmelon
Andhra Pradesh,Sri Potti Sriramulu Nellore,Red Soil,Rabi,22.6,86,115.9,Pigeonpeas,Groundnut
Andhra Pradesh,Sri Potti Sriramulu Nellore,Sandy Soil,Whole Year,19.9,79,292.8,Blackgram,Muskmelon
Andhra Pradesh,Sri Potti Sriramulu Nellore,Alluvial Soil,Rabi,34.6,86,78.6,Watermelon,Sugarcane
Andhra Pradesh,Sri Potti Sriramulu Nellore,Black Soil,Whole Year,21.8,59,181.9,Grapes,Jowar
Andhra Pradesh,Sri Sathya Sai,Alluvial Soil,Zaid,28.9,80,212.9,Pigeonpeas,Maize
Andhra Pradesh,Sri Sathya Sai,Black Soil,Whole Year,38.5,93,242.5,Chickpea,Jowar
Andhra Pradesh,Sri Sathya Sai,Sandy Soil,Kharif,34.5,56,130.6,Blackgram,Groundnut
Andhra Pradesh,Sri Sathya Sai,Black Soil,Whole Year,32.1,84,75.2,Lentil,Jowar
Andhra Pradesh,Sri Sathya Sai,Sandy Soil,Whole Year,22.1,45,344.7,Muskmelon,Groundnut
Andhra Pradesh,Sri Sathya Sai,Black Soil,Whole Year,23.2,64,258.7,Papaya,Soybean
Andhra Pradesh,Sri Sathya Sai,Black Soil,Zaid,26.3,81,137.0,Rice,Jowar
Andhra Pradesh,Sri Sathya Sai,Alluvial Soil,Kharif,31.3,41,136.4,Coconut,Rice
Andhra Pradesh,Sri Sathya Sai,Red Soil,Kharif,27.3,56,302.9,Rice,Groundnut
Andhra Pradesh,Sri Sathya Sai,Loamy Soil,Whole Year,25.6,64,127.4,Muskmelon,Sugarcane
Andhra Pradesh,Sri Sathya Sai,Loamy Soil,Kharif,19.4,56,313.0,Chickpea,Maize
Andhra Pradesh,Sri Sathya Sai,Alluvial Soil,Kharif,35.5,95,270.1,Pomegranate,Sugarcane
Andhra Pradesh,Sri Sathya Sai,Laterite Soil,Rabi,26.4,43,85.3,Maize,Tea
Andhra Pradesh,Sri Sathya Sai,Sandy Soil,Rabi,39.3,65,190.5,Pigeonpeas,Muskmelon
Andhra Pradesh,Sri Sathya Sai,Alluvial Soil,Rabi,24.4,91,302.4,Lentil,Sugarcane
Andhra Pradesh,Sri Sathya Sai,Laterite Soil,Zaid,37.1,47,274.0,Lentil,Coffee
Andhra Pradesh,Sri Sathya Sai,Red Soil,Kharif,24.9,60,286.7,Blackgram,Millets
Andhra Pradesh,Sri Sathya Sai,Sandy Soil,Whole Year,37.7,62,173.7,Maize,Muskmelon
Andhra Pradesh,Sri Sathya Sai,Loamy Soil,Whole Year,26.5,51,174.5,Muskmelon,Wheat
Andhra Pradesh,Sri Sathya Sai,Black Soil,Kharif,21.4,43,47.4,Papaya,Cotton
Andhra Pradesh,Srikakulam,Loamy Soil,Rabi,30.4,92,303.3,Orange,Sugarcane
Andhra Pradesh,Srikakulam,Laterite Soil,Whole Year,28.4,90,267.8,Lentil,Cashew
Andhra Pradesh,Srikakulam,Black Soil,Whole Year,35.4,80,133.3,Mango,Cotton
Andhra Pradesh,Srikakulam,Black Soil,Zaid,19.1,64,265.4,Kidneybeans,Soybean
Andhra Pradesh,Srikakulam,Black Soil,Whole Year,37.7,87,162.2,Orange,Jowar
Andhra Pradesh,Srikakulam,Alluvial Soil,Whole Year,27.5,61,27.2,Banana,Wheat
Andhra Pradesh,Srikakulam,Alluvial Soil,Kharif,18.9,53,153.6,Jute,Rice
Andhra Pradesh,Srikakulam,Alluvial Soil,Rabi,33.9,64,195.0,Apple,Sugarcane
Andhra Pradesh,Srikakulam,Alluvial Soil,Rabi,24.2,90,62.5,Rice,Rice
Andhra Pradesh,Srikakulam,Red Soil,Rabi,24.9,77,42.8,Grapes,Millets
Andhra Pradesh,Srikakulam,Black Soil,Zaid,31.7,41,91.4,Blackgram,Jowar
Andhra Pradesh,Srikakulam,Loamy Soil,Whole Year,27.4,95,29.2,Jute,Maize
Andhra Pradesh,Srikakulam,Laterite Soil,Whole Year,34.3,54,302.5,Kidneybeans,Cashew
Andhra Pradesh,Srikakulam,Black Soil,Rabi,32.1,48,197.0,Apple,Soybean
Andhra Pradesh,Srikakulam,Black Soil,Kharif,27.2,76,40.7,Blackgram,Soybean
Andhra Pradesh,Srikakulam,Alluvial Soil,Kharif,32.4,88,317.6,Kidneybeans,Maize
Andhra Pradesh,Srikakulam,Red Soil,Zaid,26.3,90,311.3,Mungbean,Groundnut
Andhra Pradesh,Srikakulam,Alluvial Soil,Whole Year,19.5,93,272.8,Mungbean,Sugarcane
Andhra Pradesh,Srikakulam,Red Soil,Rabi,32.2,62,85.4,Blackgram,Pulses
Andhra Pradesh,Srikakulam,Alluvial Soil,Whole Year,21.3,93,229.2,Grapes,Sugarcane
Andhra Pradesh,Tirupati,Laterite Soil,Zaid,34.8,48,104.6,Kidneybeans,Tea
Andhra Pradesh,Tirupati,Alluvial Soil,Rabi,34.6,45,292.8,Grapes,Wheat
Andhra Pradesh,Tirupati,Red Soil,Kharif,25.5,93,278.4,Blackgram,Pulses
Andhra Pradesh,Tirupati,Sandy Soil,Kharif,20.7,59,118.4,Muskmelon,Muskmelon
Andhra Pradesh,Tirupati,Red Soil,Zaid,37.1,94,303.4,Pigeonpeas,Pulses
Andhra Pradesh,Tirupati,Alluvial Soil,Kharif,18.5,63,23.7,Grapes,Wheat
Andhra Pradesh,Tirupati,Laterite Soil,Whole Year,26.1,43,117.8,Muskmelon,Tea
Andhra Pradesh,Tirupati,Red Soil,Zaid,18.3,64,237.7,Watermelon,Millets
Andhra Pradesh,Tirupati,Laterite Soil,Whole Year,28.9,43,166.4,Pigeonpeas,Cashew
Andhra Pradesh,Tirupati,Laterite Soil,Whole Year,35.1,71,189.8,Mothbeans,Tea
Andhra Pradesh,Tirupati,Loamy Soil,Kharif,35.0,40,299.7,Mango,Sugarcane
Andhra Pradesh,Tirupati,Laterite Soil,Zaid,35.4,73,64.3,Banana,Tea
Andhra Pradesh,Tirupati,Red Soil,Rabi,33.4,78,163.0,Muskmelon,Groundnut
Andhra Pradesh,Tirupati,Red Soil,Whole Year,20.5,88,269.0,Coconut,Pulses
Andhra Pradesh,Tirupati,Black Soil,Rabi,34.5,55,345.8,Rice,Soybean
Andhra Pradesh,Tirupati,Black Soil,Kharif,24.2,84,89.8,Rice,Cotton
Andhra Pradesh,Tirupati,Laterite Soil,Kharif,26.3,40,140.0,Rice,Coffee
Andhra Pradesh,Tirupati,Alluvial Soil,Kharif,32.4,95,321.5,Kidneybeans,Rice
Andhra Pradesh,Tirupati,Loamy Soil,Rabi,31.4,79,277.9,Maize,Maize
Andhra Pradesh,Tirupati,Laterite Soil,Kharif,35.2,73,112.3,Blackgram,Tea
Andhra Pradesh,Visakhapatnam,Red Soil,Rabi,31.1,56,116.4,Mango,Groundnut
Andhra Pradesh,Visakhapatnam,Laterite Soil,Rabi,28.0,68,43.2,Kidneybeans,Cashew
Andhra Pradesh,Visakhapatnam,Laterite Soil,Zaid,20.8,42,107.2,Coconut,Tea
Andhra Pradesh,Visakhapatnam,Loamy Soil,Rabi,28.1,50,22.2,Grapes,Sugarcane
Andhra Pradesh,Visakhapatnam,Red Soil,Rabi,27.7,86,230.3,Coffee,Pulses
Andhra Pradesh,Visakhapatnam,Red Soil,Rabi,29.6,69,108.0,Rice,Pulses
Andhra Pradesh,Visakhapatnam,Alluvial Soil,Whole Year,26.5,83,41.5,Blackgram,Sugarcane
Andhra Pradesh,Visakhapatnam,Laterite Soil,Whole Year,19.3,52,70.5,Papaya,Tea
Andhra Pradesh,Visakhapatnam,Red Soil,Kharif,30.6,71,121.9,Watermelon,Pulses
Andhra Pradesh,Visakhapatnam,Alluvial Soil,Zaid,38.2,71,115.1,Mungbean,Maize
Andhra Pradesh,Visakhapatnam,Red Soil,Zaid,27.5,76,102.1,Jute,Millets
Andhra Pradesh,Visakhapatnam,Loamy Soil,Kharif,36.1,66,106.3,Blackgram,Sugarcane
Andhra Pradesh,Visakhapatnam,Laterite Soil,Whole Year,24.8,53,317.4,Jute,Cashew
Andhra Pradesh,Visakhapatnam,Loamy Soil,Kharif,28.6,85,83.5,Jute,Rice
Andhra Pradesh,Visakhapatnam,Red Soil,Rabi,28.6,73,220.4,Apple,Groundnut
Andhra Pradesh,Visakhapatnam,Loamy Soil,Rabi,36.3,85,192.1,Apple,Rice
Andhra Pradesh,Visakhapatnam,Black Soil,Whole Year,30.4,57,48.5,Mungbean,Cotton
Andhra Pradesh,Visakhapatnam,Sandy Soil,Zaid,27.5,75,223.8,Kidneybeans,Groundnut
Andhra Pradesh,Visakhapatnam,Red Soil,Rabi,34.0,47,296.6,Jute,Pulses
Andhra Pradesh,Visakhapatnam,Black Soil,Rabi,20.9,41,60.7,Coconut,Jowar
Andhra Pradesh,Vizianagaram,Black Soil,Zaid,35.3,51,321.0,Muskmelon,Cotton
Andhra Pradesh,Vizianagaram,Black Soil,Rabi,34.5,62,267.4,Lentil,Jowar
Andhra Pradesh,Vizianagaram,Red Soil,Kharif,31.4,87,240.4,Kidneybeans,Groundnut
Andhra Pradesh,Vizianagaram,Sandy Soil,Rabi,20.5,60,318.4,Apple,Watermelon
Andhra Pradesh,Vizianagaram,Sandy Soil,Kharif,34.7,63,48.5,Maize,Groundnut
Andhra Pradesh,Vizianagaram,Alluvial Soil,Whole Year,33.1,81,326.6,Pomegranate,Sugarcane
Andhra Pradesh,Vizianagaram,Red Soil,Zaid,22.7,91,183.3,Coconut,Pulses
Andhra Pradesh,Vizianagaram,Loamy Soil,Zaid,21.6,81,180.3,Mungbean,Rice
Andhra Pradesh,Vizianagaram,Alluvial Soil,Kharif,33.3,72,114.9,Kidneybeans,Maize
Andhra Pradesh,Vizianagaram,Laterite Soil,Whole Year,26.3,63,73.4,Orange,Tea
Andhra Pradesh,Vizianagaram,Red Soil,Kharif,22.7,44,97.9,Muskmelon,Pulses
Andhra Pradesh,Vizianagaram,Loamy Soil,Kharif,20.6,88,314.3,Mungbean,Wheat
Andhra Pradesh,Vizianagaram,Black Soil,Whole Year,39.7,71,246.2,Coconut,Cotton
Andhra Pradesh,Vizianagaram,Sandy Soil,Rabi,19.8,92,310.3,Orange,Muskmelon
Andhra Pradesh,Vizianagaram,Sandy Soil,Zaid,22.0,91,204.5,Chickpea,Groundnut
Andhra Pradesh,Vizianagaram,Alluvial Soil,Kharif,30.8,74,161.8,Pomegranate,Sugarcane
Andhra Pradesh,Vizianagaram,Alluvial Soil,Zaid,34.4,70,31.9,Coffee,Sugarcane
Andhra Pradesh,Vizianagaram,Laterite Soil,Rabi,38.6,68,148.4,Maize,Tea
Andhra Pradesh,Vizianagaram,Black Soil,Whole Year,34.3,46,199.5,Jute,Soybean
Andhra Pradesh,Vizianagaram,Laterite Soil,Kharif,33.6,91,136.3,Blackgram,Tea
Andhra Pradesh,West Godavari,Alluvial Soil,Whole Year,38.9,65,180.6,Banana,Wheat
Andhra Pradesh,West Godavari,Alluvial Soil,Zaid,38.5,94,256.2,Rice,Maize
Andhra Pradesh,West Godavari,Black Soil,Rabi,30.8,87,283.8,Grapes,Jowar
Andhra Pradesh,West Godavari,Red Soil,Rabi,24.0,60,286.2,Watermelon,Millets
Andhra Pradesh,West Godavari,Alluvial Soil,Zaid,36.8,63,80.7,Mungbean,Sugarcane
Andhra Pradesh,West Godavari,Red Soil,Kharif,31.0,68,204.2,Papaya,Groundnut
Andhra Pradesh,West Godavari,Sandy Soil,Kharif,19.1,56,310.1,Kidneybeans,Watermelon
Andhra Pradesh,West Godavari,Laterite Soil,Kharif,38.0,68,256.7,Banana,Cashew
Andhra Pradesh,West Godavari,Red Soil,Whole Year,22.1,70,234.1,Cotton,Millets
Andhra Pradesh,West Godavari,Sandy Soil,Whole Year,33.1,79,183.0,Papaya,Watermelon
Andhra Pradesh,West Godavari,Sandy Soil,Kharif,29.8,62,244.6,Mungbean,Groundnut
Andhra Pradesh,West Godavari,Alluvial Soil,Kharif,27.2,42,57.2,Cotton,Maize
Andhra Pradesh,West Godavari,Sandy Soil,Kharif,27.7,90,273.1,Watermelon,Groundnut
Andhra Pradesh,West Godavari,Black Soil,Rabi,26.7,67,254.7,Orange,Cotton
Andhra Pradesh,West Godavari,Black Soil,Zaid,35.8,71,127.0,Maize,Jowar
Andhra Pradesh,West Godavari,Black Soil,Whole Year,35.9,83,263.7,Muskmelon,Cotton
Andhra Pradesh,West Godavari,Sandy Soil,Kharif,22.7,56,222.2,Pigeonpeas,Groundnut
Andhra Pradesh,West Godavari,Loamy Soil,Zaid,33.0,68,169.2,Cotton,Maize
Andhra Pradesh,West Godavari,Laterite Soil,Zaid,36.7,64,38.8,Mothbeans,Coffee
Andhra Pradesh,West Godavari,Red Soil,Rabi,38.1,40,185.0,Muskmelon,Pulses
Andhra Pradesh,Ysr Kadapa,Loamy Soil,Kharif,32.2,53,224.3,Mothbeans,Wheat
Andhra Pradesh,Ysr Kadapa,Laterite Soil,Zaid,27.6,72,249.5,Banana,Cashew
Andhra Pradesh,Ysr Kadapa,Red Soil,Whole Year,29.5,70,309.3,Maize,Millets
Andhra Pradesh,Ysr Kadapa,Alluvial Soil,Zaid,26.1,76,57.6,Jute,Maize
Andhra Pradesh,Ysr Kadapa,Loamy Soil,Zaid,39.2,90,338.9,Coconut,Wheat
Andhra Pradesh,Ysr Kadapa,Loamy Soil,Zaid,38.6,62,48.5,Banana,Sugarcane
Andhra Pradesh,Ysr Kadapa,Sandy Soil,Whole Year,27.9,86,245.1,Watermelon,Watermelon
Andhra Pradesh,Ysr Kadapa,Black Soil,Whole Year,30.6,89,336.9,Cotton,Jowar
Andhra Pradesh,Ysr Kadapa,Black Soil,Kharif,26.2,59,92.4,Banana,Jowar
Andhra Pradesh,Ysr Kadapa,Sandy Soil,Kharif,23.1,56,92.6,Coffee,Groundnut
Andhra Pradesh,Ysr Kadapa,Loamy Soil,Kharif,30.1,91,316.1,Grapes,Rice
Andhra Pradesh,Ysr Kadapa,Red Soil,Zaid,26.0,56,174.3,Maize,Millets
Andhra Pradesh,Ysr Kadapa,Red Soil,Whole Year,39.1,84,202.8,Jute,Pulses
Andhra Pradesh,Ysr Kadapa,Red Soil,Zaid,27.7,78,239.9,Pomegranate,Pulses
Andhra Pradesh,Ysr Kadapa,Black Soil,Rabi,38.9,67,156.9,Watermelon,Soybean
Andhra Pradesh,Ysr Kadapa,Laterite Soil,Rabi,38.1,41,181.4,Orange,Cashew
Andhra Pradesh,Ysr Kadapa,Laterite Soil,Whole Year,34.5,94,101.6,Mothbeans,Coffee
Andhra Pradesh,Ysr Kadapa,Red Soil,Zaid,20.2,80,105.5,Papaya,Groundnut
Andhra Pradesh,Ysr Kadapa,Loamy Soil,Whole Year,26.7,42,21.5,Muskmelon,Sugarcane
Andhra Pradesh,Ysr Kadapa,Alluvial Soil,Zaid,35.3,72,32.6,Apple,Rice
Karnataka,Bagalkot,Sandy Soil,Whole Year,28.9,65,120.8,Blackgram,Groundnut
Karnataka,Bagalkot,Laterite Soil,Whole Year,36.4,80,342.1,Papaya,Cashew
Karnataka,Bagalkot,Black Soil,Zaid,32.5,42,33.3,Maize,Jowar
Karnataka,Bagalkot,Laterite Soil,Whole Year,31.5,45,35.1,Grapes,Cashew
Karnataka,Bagalkot,Laterite Soil,Kharif,38.0,88,165.9,Coconut,Tea
Karnataka,Bagalkot,Red Soil,Kharif,36.3,88,160.4,Watermelon,Groundnut
Karnataka,Bagalkot,Sandy Soil,Rabi,27.6,87,203.5,Pomegranate,Groundnut
Karnataka,Bagalkot,Alluvial Soil,Whole Year,22.6,89,168.7,Pigeonpeas,Sugarcane
Karnataka,Bagalkot,Alluvial Soil,Kharif,19.1,93,193.5,Rice,Sugarcane
Karnataka,Bagalkot,Laterite Soil,Zaid,39.3,60,213.4,Cotton,Coffee
Karnataka,Bagalkot,Loamy Soil,Rabi,25.7,83,178.6,Jute,Sugarcane
Karnataka,Bagalkot,Alluvial Soil,Rabi,38.4,40,143.7,Orange,Maize
Karnataka,Bagalkot,Black Soil,Kharif,35.2,75,252.7,Maize,Soybean
Karnataka,Bagalkot,Sandy Soil,Zaid,37.4,80,180.2,Mothbeans,Groundnut
Karnataka,Bagalkot,Loamy Soil,Whole Year,38.0,55,184.9,Chickpea,Maize
Karnataka,Bagalkot,Black Soil,Whole Year,37.0,59,318.7,Rice,Soybean
Karnataka,Bagalkot,Sandy Soil,Zaid,25.5,84,134.6,Pigeonpeas,Groundnut
Karnataka,Bagalkot,Loamy Soil,Zaid,35.6,71,275.5,Banana,Wheat
Karnataka,Bagalkot,Laterite Soil,Zaid,28.0,56,213.7,Mungbean,Tea
Karnataka,Bagalkot,Red Soil,Whole Year,30.2,74,194.5,Orange,Groundnut
Karnataka,Ballari,Sandy Soil,Rabi,29.8,65,79.1,Mungbean,Muskmelon
Karnataka,Ballari,Alluvial Soil,Zaid,23.5,62,187.4,Cotton,Sugarcane
Karnataka,Ballari,Laterite Soil,Rabi,31.6,86,166.5,Papaya,Cashew
Karnataka,Ballari,Sandy Soil,Kharif,29.7,83,327.0,Chickpea,Muskmelon
Karnataka,Ballari,Alluvial Soil,Zaid,20.1,58,321.9,Pigeonpeas,Wheat
Karnataka,Ballari,Alluvial Soil,Zaid,29.2,73,40.0,Muskmelon,Wheat
Karnataka,Ballari,Red Soil,Whole Year,36.1,61,30.3,Watermelon,Groundnut
Karnataka,Ballari,Laterite Soil,Whole Year,18.3,94,34.1,Cotton,Tea
Karnataka,Ballari,Black Soil,Whole Year,28.1,55,214.9,Rice,Jowar
Karnataka,Ballari,Red Soil,Zaid,19.8,69,212.0,Orange,Millets
Karnataka,Ballari,Red Soil,Rabi,21.1,46,246.7,Apple,Millets
Karnataka,Ballari,Red Soil,Zaid,38.6,51,243.7,Cotton,Pulses
Karnataka,Ballari,Loamy Soil,Whole Year,34.1,90,176.2,Pomegranate,Sugarcane
Karnataka,Ballari,Loamy Soil,Whole Year,18.3,49,165.0,Orange,Sugarcane
Karnataka,Ballari,Sandy Soil,Rabi,26.2,83,320.6,Mothbeans,Muskmelon
Karnataka,Ballari,Laterite Soil,Whole Year,27.1,90,205.4,Coffee,Tea
Karnataka,Ballari,Red Soil,Zaid,26.2,43,81.0,Coffee,Millets
Karnataka,Ballari,Black Soil,Zaid,26.7,56,76.5,Mothbeans,Soybean
Karnataka,Ballari,Sandy Soil,Kharif,19.3,64,176.0,Mungbean,Groundnut
Karnataka,Ballari,Black Soil,Kharif,37.2,51,96.5,Chickpea,Cotton
Karnataka,Belagavi,Black Soil,Whole Year,31.7,41,301.4,Pigeonpeas,Jowar
Karnataka,Belagavi,Red Soil,Whole Year,39.7,68,279.0,Pigeonpeas,Groundnut
Karnataka,Belagavi,Alluvial Soil,Whole Year,21.9,41,90.6,Pigeonpeas,Rice
Karnataka,Belagavi,Alluvial Soil,Kharif,33.6,92,100.3,Watermelon,Maize
Karnataka,Belagavi,Loamy Soil,Kharif,27.8,95,198.3,Papaya,Rice
Karnataka,Belagavi,Sandy Soil,Whole Year,33.0,90,349.5,Pigeonpeas,Muskmelon
Karnataka,Belagavi,Alluvial Soil,Kharif,30.2,75,266.3,Muskmelon,Sugarcane
Karnataka,Belagavi,Sandy Soil,Kharif,21.5,86,338.5,Coconut,Watermelon
Karnataka,Belagavi,Alluvial Soil,Rabi,33.4,48,196.3,Kidneybeans,Rice
Karnataka,Belagavi,Black Soil,Kharif,30.9,92,87.7,Apple,Jowar
Karnataka,Belagavi,Laterite Soil,Rabi,31.7,79,324.8,Watermelon,Tea
Karnataka,Belagavi,Red Soil,Whole Year,31.8,60,127.1,Banana,Pulses
Karnataka,Belagavi,Sandy Soil,Kharif,34.2,53,300.3,Mungbean,Muskmelon
Karnataka,Belagavi,Sandy Soil,Rabi,39.6,61,168.0,Pomegranate,Muskmelon
Karnataka,Belagavi,Red Soil,Zaid,27.6,94,178.2,Mothbeans,Pulses
Karnataka,Belagavi,Loamy Soil,Kharif,25.6,89,305.5,Kidneybeans,Sugarcane
Karnataka,Belagavi,Laterite Soil,Rabi,26.4,48,314.0,Lentil,Coffee
Karnataka,Belagavi,Black Soil,Whole Year,38.8,41,335.8,Jute,Jowar
Karnataka,Belagavi,Laterite Soil,Zaid,26.9,79,205.1,Coconut,Cashew
Karnataka,Belagavi,Black Soil,Whole Year,20.9,78,326.1,Papaya,Soybean
Karnataka,Bengaluru Rural,Laterite Soil,Whole Year,28.6,69,94.4,Muskmelon,Cashew
Karnataka,Bengaluru Rural,Sandy Soil,Whole Year,20.7,84,38.4,Mango,Muskmelon
Karnataka,Bengaluru Rural,Black Soil,Kharif,19.9,81,218.5,Apple,Jowar
Karnataka,Bengaluru Rural,Sandy Soil,Kharif,39.6,51,302.2,Mothbeans,Groundnut
Karnataka,Bengaluru Rural,Loamy Soil,Zaid,30.2,90,203.7,Mothbeans,Wheat
Karnataka,Bengaluru Rural,Sandy Soil,Zaid,26.4,92,89.6,Muskmelon,Groundnut
Karnataka,Bengaluru Rural,Black Soil,Kharif,30.6,50,244.3,Pigeonpeas,Soybean
Karnataka,Bengaluru Rural,Laterite Soil,Whole Year,25.3,60,230.1,Coconut,Coffee
Karnataka,Bengaluru Rural,Loamy Soil,Kharif,31.8,67,113.9,Mango,Wheat
Karnataka,Bengaluru Rural,Sandy Soil,Whole Year,38.7,74,21.2,Kidneybeans,Muskmelon
Karnataka,Bengaluru Rural,Sandy Soil,Rabi,29.7,45,285.4,Mothbeans,Groundnut
Karnataka,Bengaluru Rural,Laterite Soil,Whole Year,23.5,82,127.6,Blackgram,Cashew
Karnataka,Bengaluru Rural,Black Soil,Zaid,33.7,52,170.8,Mothbeans,Cotton
Karnataka,Bengaluru Rural,Red Soil,Kharif,29.3,61,170.6,Coconut,Pulses
Karnataka,Bengaluru Rural,Sandy Soil,Rabi,19.8,57,342.4,Banana,Watermelon
Karnataka,Bengaluru Rural,Red Soil,Zaid,23.8,79,321.7,Chickpea,Millets
Karnataka,Bengaluru Rural,Laterite Soil,Rabi,25.8,51,278.8,Rice,Tea
Karnataka,Bengaluru Rural,Sandy Soil,Kharif,36.2,63,242.8,Coffee,Muskmelon
Karnataka,Bengaluru Rural,Alluvial Soil,Zaid,38.1,89,288.4,Coconut,Rice
Karnataka,Bengaluru Rural,Sandy Soil,Rabi,23.8,73,296.1,Papaya,Muskmelon
Karnataka,Bengaluru Urban,Laterite Soil,Zaid,34.7,45,84.0,Chickpea,Coffee
Karnataka,Bengaluru Urban,Red Soil,Rabi,25.3,70,324.1,Banana,Millets
Karnataka,Bengaluru Urban,Black Soil,Zaid,25.3,91,249.4,Mothbeans,Soybean
Karnataka,Bengaluru Urban,Sandy Soil,Kharif,19.0,48,201.1,Lentil,Watermelon
Karnataka,Bengaluru Urban,Laterite Soil,Rabi,36.5,80,235.3,Watermelon,Tea
Karnataka,Bengaluru Urban,Laterite Soil,Kharif,32.2,68,293.9,Orange,Tea
Karnataka,Bengaluru Urban,Alluvial Soil,Whole Year,33.1,90,226.1,Mungbean,Sugarcane
Karnataka,Bengaluru Urban,Loamy Soil,Kharif,21.3,57,128.2,Coconut,Maize
Karnataka,Bengaluru Urban,Black Soil,Kharif,24.1,55,242.6,Muskmelon,Cotton
Karnataka,Bengaluru Urban,Loamy Soil,Zaid,34.4,70,321.2,Grapes,Wheat
Karnataka,Bengaluru Urban,Loamy Soil,Whole Year,35.9,74,272.4,Jute,Sugarcane
Karnataka,Bengaluru Urban,Sandy Soil,Kharif,20.6,50,24.9,Coconut,Watermelon
Karnataka,Bengaluru Urban,Red Soil,Rabi,38.5,89,69.8,Chickpea,Groundnut
Karnataka,Bengaluru Urban,Sandy Soil,Kharif,26.5,76,279.3,Lentil,Groundnut
Karnataka,Bengaluru Urban,Black Soil,Rabi,26.7,78,285.9,Banana,Soybean
Karnataka,Bengaluru Urban,Red Soil,Whole Year,25.9,85,20.0,Papaya,Pulses
Karnataka,Bengaluru Urban,Laterite Soil,Rabi,27.5,48,31.9,Kidneybeans,Cashew
Karnataka,Bengaluru Urban,Alluvial Soil,Zaid,33.5,90,296.0,Orange,Rice
Karnataka,Bengaluru Urban,Red Soil,Zaid,18.9,89,95.1,Chickpea,Groundnut
Karnataka,Bengaluru Urban,Laterite Soil,Zaid,30.4,65,344.4,Kidneybeans,Coffee
Karnataka,Bidar,Red Soil,Rabi,36.5,75,323.1,Coconut,Millets
Karnataka,Bidar,Sandy Soil,Whole Year,33.4,46,82.7,Rice,Groundnut
Karnataka,Bidar,Sandy Soil,Whole Year,39.6,60,225.4,Mungbean,Muskmelon
Karnataka,Bidar,Alluvial Soil,Zaid,21.3,70,169.8,Kidneybeans,Rice
Karnataka,Bidar,Alluvial Soil,Zaid,28.9,44,66.4,Kidneybeans,Rice
Karnataka,Bidar,Sandy Soil,Kharif,19.2,56,79.3,Watermelon,Watermelon
Karnataka,Bidar,Loamy Soil,Zaid,31.0,80,270.3,Mungbean,Sugarcane
Karnataka,Bidar,Alluvial Soil,Zaid,33.1,44,22.2,Apple,Rice
Karnataka,Bidar,Alluvial Soil,Whole Year,24.9,73,102.9,Mango,Maize
Karnataka,Bidar,Laterite Soil,Zaid,27.5,84,236.1,Coffee,Coffee
Karnataka,Bidar,Black Soil,Whole Year,28.4,60,328.8,Maize,Soybean
Karnataka,Bidar,Laterite Soil,Kharif,39.5,42,84.6,Mango,Coffee
Karnataka,Bidar,Laterite Soil,Rabi,26.4,49,227.5,Kidneybeans,Cashew
Karnataka,Bidar,Red Soil,Kharif,36.9,52,137.3,Muskmelon,Millets
Karnataka,Bidar,Alluvial Soil,Kharif,26.9,58,31.1,Mothbeans,Maize
Karnataka,Bidar,Loamy Soil,Whole Year,22.0,46,308.5,Orange,Wheat
Karnataka,Bidar,Sandy Soil,Rabi,36.4,51,307.4,Watermelon,Muskmelon
Karnataka,Bidar,Red Soil,Zaid,39.7,62,320.0,Pomegranate,Pulses
Karnataka,Bidar,Laterite Soil,Whole Year,38.2,64,101.2,Kidneybeans,Tea
Karnataka,Bidar,Loamy Soil,Zaid,20.4,59,190.2,Pomegranate,Wheat
Karnataka,Chamarajanagar,Sandy Soil,Whole Year,34.3,79,129.6,Orange,Muskmelon
Karnataka,Chamarajanagar,Red Soil,Whole Year,20.3,82,61.7,Kidneybeans,Groundnut
Karnataka,Chamarajanagar,Laterite Soil,Zaid,29.3,77,170.6,Chickpea,Coffee
Karnataka,Chamarajanagar,Alluvial Soil,Whole Year,28.3,94,316.7,Lentil,Wheat
Karnataka,Chamarajanagar,Red Soil,Rabi,39.1,43,61.1,Jute,Millets
Karnataka,Chamarajanagar,Loamy Soil,Whole Year,31.5,84,43.8,Muskmelon,Maize
Karnataka,Chamarajanagar,Black Soil,Kharif,29.7,88,85.4,Kidneybeans,Cotton
Karnataka,Chamarajanagar,Alluvial Soil,Whole Year,28.9,65,80.9,Papaya,Wheat
Karnataka,Chamarajanagar,Loamy Soil,Zaid,33.6,76,301.8,Mango,Wheat
Karnataka,Chamarajanagar,Red Soil,Whole Year,32.7,79,117.2,Apple,Groundnut
Karnataka,Chamarajanagar,Sandy Soil,Zaid,33.7,69,126.7,Jute,Muskmelon
Karnataka,Chamarajanagar,Loamy Soil,Kharif,30.0,48,140.9,Apple,Wheat
Karnataka,Chamarajanagar,Sandy Soil,Rabi,36.9,43,219.9,Muskmelon,Muskmelon
Karnataka,Chamarajanagar,Loamy Soil,Kharif,23.1,79,300.1,Mungbean,Rice
Karnataka,Chamarajanagar,Sandy Soil,Rabi,33.3,46,170.5,Coffee,Watermelon
Karnataka,Chamarajanagar,Black Soil,Rabi,21.6,95,173.1,Muskmelon,Soybean
Karnataka,Chamarajanagar,Sandy Soil,Kharif,34.3,41,35.7,Pigeonpeas,Groundnut
Karnataka,Chamarajanagar,Red Soil,Zaid,18.9,84,151.4,Rice,Groundnut
Karnataka,Chamarajanagar,Red Soil,Rabi,38.7,94,100.3,Papaya,Millets
Karnataka,Chamarajanagar,Laterite Soil,Whole Year,39.8,71,36.7,Watermelon,Coffee
Karnataka,Chikkaballapur,Laterite Soil,Zaid,18.7,92,132.1,Chickpea,Tea
Karnataka,Chikkaballapur,Black Soil,Whole Year,20.1,90,102.9,Papaya,Cotton
Karnataka,Chikkaballapur,Alluvial Soil,Kharif,30.3,60,60.4,Banana,Wheat
Karnataka,Chikkaballapur,Red Soil,Whole Year,31.1,95,20.6,Apple,Pulses
Karnataka,Chikkaballapur,Sandy Soil,Zaid,27.0,82,75.5,Rice,Groundnut
Karnataka,Chikkaballapur,Loamy Soil,Kharif,29.7,45,206.0,Maize,Sugarcane
Karnataka,Chikkaballapur,Red Soil,Rabi,21.6,80,158.0,Papaya,Millets
Karnataka,Chikkaballapur,Loamy Soil,Whole Year,18.2,42,328.2,Watermelon,Sugarcane
Karnataka,Chikkaballapur,Red Soil,Zaid,25.6,70,88.9,Pomegranate,Millets
Karnataka,Chikkaballapur,Alluvial Soil,Zaid,21.4,93,106.3,Mango,Sugarcane
Karnataka,Chikkaballapur,Black Soil,Whole Year,30.4,70,237.4,Chickpea,Cotton
Karnataka,Chikkaballapur,Alluvial Soil,Rabi,38.5,94,247.9,Chickpea,Wheat
Karnataka,Chikkaballapur,Laterite Soil,Zaid,38.8,75,159.4,Pigeonpeas,Coffee
Karnataka,Chikkaballapur,Alluvial Soil,Zaid,23.1,80,149.9,Lentil,Rice
Karnataka,Chikkaballapur,Sandy Soil,Zaid,33.0,64,261.5,Coconut,Watermelon
Karnataka,Chikkaballapur,Loamy Soil,Kharif,34.7,62,29.4,Muskmelon,Maize
Karnataka,Chikkaballapur,Black Soil,Whole Year,22.8,57,221.2,Apple,Soybean
Karnataka,Chikkaballapur,Sandy Soil,Zaid,30.1,74,275.0,Pigeonpeas,Watermelon
Karnataka,Chikkaballapur,Sandy Soil,Kharif,28.9,55,110.1,Banana,Groundnut
Karnataka,Chikkaballapur,Alluvial Soil,Rabi,30.4,77,172.9,Mango,Rice
Karnataka,Chikkamagaluru,Alluvial Soil,Zaid,27.5,56,334.7,Chickpea,Maize
Karnataka,Chikkamagaluru,Sandy Soil,Zaid,39.4,94,108.6,Orange,Groundnut
Karnataka,Chikkamagaluru,Loamy Soil,Rabi,28.8,88,262.8,Blackgram,Maize
Karnataka,Chikkamagaluru,Laterite Soil,Rabi,30.3,55,30.5,Chickpea,Cashew
Karnataka,Chikkamagaluru,Sandy Soil,Zaid,32.2,41,145.4,Apple,Muskmelon
Karnataka,Chikkamagaluru,Alluvial Soil,Kharif,33.1,65,69.6,Mothbeans,Wheat
Karnataka,Chikkamagaluru,Alluvial Soil,Kharif,28.0,77,88.9,Pigeonpeas,Maize
Karnataka,Chikkamagaluru,Laterite Soil,Kharif,18.4,50,337.5,Apple,Tea
Karnataka,Chikkamagaluru,Loamy Soil,Kharif,27.7,79,264.2,Banana,Sugarcane
Karnataka,Chikkamagaluru,Red Soil,Kharif,33.3,56,41.4,Blackgram,Millets
Karnataka,Chikkamagaluru,Sandy Soil,Kharif,24.9,50,140.7,Coconut,Muskmelon
Karnataka,Chikkamagaluru,Laterite Soil,Zaid,22.2,63,315.1,Apple,Tea
Karnataka,Chikkamagaluru,Black Soil,Whole Year,27.4,63,160.3,Mothbeans,Cotton
Karnataka,Chikkamagaluru,Alluvial Soil,Kharif,24.7,93,286.6,Orange,Wheat
Karnataka,Chikkamagaluru,Laterite Soil,Rabi,29.0,84,270.2,Kidneybeans,Cashew
Karnataka,Chikkamagaluru,Alluvial Soil,Whole Year,23.1,43,348.7,Coffee,Maize
Karnataka,Chikkamagaluru,Loamy Soil,Whole Year,22.0,88,222.6,Watermelon,Rice
Karnataka,Chikkamagaluru,Alluvial Soil,Zaid,34.5,45,159.4,Coffee,Sugarcane
Karnataka,Chikkamagaluru,Laterite Soil,Rabi,23.0,77,280.5,Mungbean,Tea
Karnataka,Chikkamagaluru,Laterite Soil,Rabi,26.1,56,181.8,Orange,Cashew
Karnataka,Chitradurga,Black Soil,Kharif,18.4,40,226.3,Maize,Cotton
Karnataka,Chitradurga,Laterite Soil,Rabi,36.1,72,128.5,Jute,Cashew
Karnataka,Chitradurga,Black Soil,Kharif,36.9,64,285.6,Pigeonpeas,Soybean
Karnataka,Chitradurga,Sandy Soil,Rabi,30.6,60,165.4,Chickpea,Watermelon
Karnataka,Chitradurga,Sandy Soil,Zaid,34.1,81,51.6,Cotton,Groundnut
Karnataka,Chitradurga,Red Soil,Whole Year,25.0,90,194.2,Coffee,Groundnut
Karnataka,Chitradurga,Alluvial Soil,Whole Year,24.0,41,285.9,Mothbeans,Sugarcane
Karnataka,Chitradurga,Sandy Soil,Zaid,18.6,40,280.7,Orange,Muskmelon
Karnataka,Chitradurga,Alluvial Soil,Zaid,33.6,48,33.0,Mango,Rice
Karnataka,Chitradurga,Black Soil,Kharif,24.4,86,179.8,Jute,Cotton
Karnataka,Chitradurga,Sandy Soil,Zaid,38.7,63,313.4,Orange,Muskmelon
Karnataka,Chitradurga,Alluvial Soil,Whole Year,36.4,55,93.8,Lentil,Sugarcane
Karnataka,Chitradurga,Red Soil,Zaid,29.6,40,71.0,Cotton,Millets
Karnataka,Chitradurga,Loamy Soil,Zaid,38.6,73,202.7,Papaya,Maize
Karnataka,Chitradurga,Loamy Soil,Kharif,28.7,64,182.8,Cotton,Wheat
Karnataka,Chitradurga,Laterite Soil,Zaid,28.1,74,39.5,Papaya,Coffee
Karnataka,Chitradurga,Red Soil,Zaid,30.2,66,326.7,Mungbean,Millets
Karnataka,Chitradurga,Black Soil,Zaid,37.1,81,88.4,Chickpea,Soybean
Karnataka,Chitradurga,Alluvial Soil,Whole Year,21.7,46,169.3,Watermelon,Maize
Karnataka,Chitradurga,Black Soil,Whole Year,38.6,90,194.7,Mothbeans,Cotton
Karnataka,Dakshina Kannada,Sandy Soil,Rabi,25.5,70,229.3,Grapes,Muskmelon
Karnataka,Dakshina Kannada,Red Soil,Rabi,27.4,66,258.5,Mungbean,Pulses
Karnataka,Dakshina Kannada,Alluvial Soil,Zaid,34.5,95,229.4,Kidneybeans,Maize
Karnataka,Dakshina Kannada,Black Soil,Rabi,25.6,43,237.1,Mango,Cotton
Karnataka,Dakshina Kannada,Red Soil,Zaid,23.9,77,109.3,Lentil,Pulses
Karnataka,Dakshina Kannada,Red Soil,Whole Year,34.3,74,194.6,Muskmelon,Pulses
Karnataka,Dakshina Kannada,Red Soil,Rabi,20.0,94,211.6,Orange,Groundnut
Karnataka,Dakshina Kannada,Black Soil,Rabi,34.2,49,45.9,Mungbean,Cotton
Karnataka,Dakshina Kannada,Loamy Soil,Kharif,29.2,51,142.9,Mango,Maize
Karnataka,Dakshina Kannada,Red Soil,Rabi,19.0,83,77.2,Kidneybeans,Groundnut
Karnataka,Dakshina Kannada,Alluvial Soil,Kharif,33.1,89,301.2,Cotton,Sugarcane
Karnataka,Dakshina Kannada,Sandy Soil,Zaid,19.6,88,191.3,Mothbeans,Watermelon
Karnataka,Dakshina Kannada,Black Soil,Whole Year,27.1,65,170.4,Grapes,Jowar
Karnataka,Dakshina Kannada,Laterite Soil,Kharif,39.8,41,173.5,Lentil,Tea
Karnataka,Dakshina Kannada,Loamy Soil,Zaid,39.3,82,89.3,Apple,Maize
Karnataka,Dakshina Kannada,Laterite Soil,Zaid,31.3,48,346.1,Watermelon,Tea
Karnataka,Dakshina Kannada,Alluvial Soil,Whole Year,34.9,92,309.5,Rice,Wheat
Karnataka,Dakshina Kannada,Red Soil,Whole Year,26.8,86,130.0,Pomegranate,Pulses
Karnataka,Dakshina Kannada,Laterite Soil,Zaid,24.2,72,184.1,Kidneybeans,Cashew
Karnataka,Dakshina Kannada,Sandy Soil,Zaid,35.4,57,58.7,Papaya,Muskmelon
Karnataka,Davanagere,Black Soil,Rabi,24.4,74,52.8,Mango,Soybean
Karnataka,Davanagere,Alluvial Soil,Zaid,23.4,63,297.7,Maize,Rice
Karnataka,Davanagere,Black Soil,Whole Year,21.8,85,307.2,Chickpea,Jowar
Karnataka,Davanagere,Laterite Soil,Kharif,31.1,67,83.0,Watermelon,Coffee
Karnataka,Davanagere,Sandy Soil,Rabi,22.2,92,253.4,Orange,Groundnut
Karnataka,Davanagere,Alluvial Soil,Zaid,33.2,58,151.6,Coconut,Sugarcane
Karnataka,Davanagere,Laterite Soil,Zaid,18.2,64,106.4,Watermelon,Tea
Karnataka,Davanagere,Laterite Soil,Whole Year,20.3,52,186.7,Maize,Coffee
Karnataka,Davanagere,Laterite Soil,Kharif,26.9,82,348.4,Watermelon,Tea
Karnataka,Davanagere,Laterite Soil,Rabi,39.9,75,28.5,Coffee,Coffee
Karnataka,Davanagere,Red Soil,Rabi,32.8,92,280.9,Coffee,Pulses
Karnataka,Davanagere,Sandy Soil,Whole Year,27.4,82,243.6,Papaya,Watermelon
Karnataka,Davanagere,Alluvial Soil,Kharif,21.9,70,263.3,Watermelon,Sugarcane
Karnataka,Davanagere,Alluvial Soil,Kharif,19.5,74,280.0,Blackgram,Wheat
Karnataka,Davanagere,Red Soil,Rabi,29.6,66,162.1,Grapes,Pulses
Karnataka,Davanagere,Laterite Soil,Zaid,26.2,56,176.6,Mungbean,Coffee
Karnataka,Davanagere,Loamy Soil,Kharif,29.6,87,258.2,Papaya,Maize
Karnataka,Davanagere,Black Soil,Zaid,22.3,92,236.4,Cotton,Cotton
Karnataka,Davanagere,Red Soil,Whole Year,23.1,71,68.5,Grapes,Groundnut
Karnataka,Davanagere,Sandy Soil,Rabi,36.1,76,117.8,Coconut,Watermelon
Karnataka,Dharwad,Laterite Soil,Kharif,27.5,82,264.1,Pomegranate,Tea
Karnataka,Dharwad,Black Soil,Whole Year,34.6,74,230.0,Orange,Soybean
Karnataka,Dharwad,Sandy Soil,Kharif,18.0,75,37.8,Maize,Muskmelon
Karnataka,Dharwad,Alluvial Soil,Zaid,22.2,86,241.8,Coconut,Maize
Karnataka,Dharwad,Laterite Soil,Zaid,33.2,53,184.1,Rice,Coffee
Karnataka,Dharwad,Black Soil,Rabi,29.5,76,199.9,Mango,Jowar
Karnataka,Dharwad,Sandy Soil,Whole Year,29.1,42,23.6,Grapes,Groundnut
Karnataka,Dharwad,Black Soil,Whole Year,28.0,52,65.5,Muskmelon,Soybean
Karnataka,Dharwad,Black Soil,Kharif,30.7,42,174.0,Lentil,Soybean
Karnataka,Dharwad,Red Soil,Zaid,22.1,59,262.1,Grapes,Groundnut
Karnataka,Dharwad,Red Soil,Kharif,39.0,47,101.3,Pigeonpeas,Pulses
Karnataka,Dharwad,Laterite Soil,Whole Year,18.0,84,71.2,Banana,Tea
Karnataka,Dharwad,Sandy Soil,Zaid,32.8,84,160.4,Watermelon,Watermelon
Karnataka,Dharwad,Black Soil,Rabi,20.7,60,177.7,Jute,Cotton
Karnataka,Dharwad,Red Soil,Whole Year,29.5,75,204.3,Watermelon,Pulses
Karnataka,Dharwad,Black Soil,Zaid,26.8,47,178.5,Cotton,Jowar
Karnataka,Dharwad,Black Soil,Rabi,26.5,74,48.8,Jute,Jowar
Karnataka,Dharwad,Loamy Soil,Kharif,38.2,60,238.4,Orange,Wheat
Karnataka,Dharwad,Sandy Soil,Kharif,18.8,49,133.1,Coffee,Muskmelon
Karnataka,Dharwad,Red Soil,Zaid,26.7,88,214.9,Orange,Millets
Karnataka,Gadag,Laterite Soil,Rabi,20.2,82,72.1,Banana,Cashew
Karnataka,Gadag,Alluvial Soil,Zaid,22.6,62,60.5,Pigeonpeas,Maize
Karnataka,Gadag,Sandy Soil,Rabi,30.7,43,180.6,Watermelon,Watermelon
Karnataka,Gadag,Red Soil,Rabi,25.0,76,148.0,Pigeonpeas,Pulses
Karnataka,Gadag,Black Soil,Kharif,28.4,59,137.8,Blackgram,Jowar
Karnataka,Gadag,Red Soil,Rabi,37.1,94,183.0,Grapes,Pulses
Karnataka,Gadag,Black Soil,Rabi,21.7,84,296.1,Apple,Jowar
Karnataka,Gadag,Laterite Soil,Rabi,34.4,43,206.3,Pomegranate,Coffee
Karnataka,Gadag,Loamy Soil,Rabi,31.7,57,63.2,Grapes,Rice
Karnataka,Gadag,Sandy Soil,Kharif,30.3,89,186.9,Mango,Muskmelon
Karnataka,Gadag,Black Soil,Zaid,24.5,72,221.3,Kidneybeans,Cotton
Karnataka,Gadag,Red Soil,Kharif,31.8,67,285.4,Apple,Pulses
Karnataka,Gadag,Alluvial Soil,Zaid,28.2,47,273.1,Jute,Rice
Karnataka,Gadag,Red Soil,Zaid,27.8,69,311.1,Pigeonpeas,Groundnut
Karnataka,Gadag,Laterite Soil,Whole Year,32.2,52,343.2,Coconut,Tea
Karnataka,Gadag,Black Soil,Zaid,18.1,86,175.1,Blackgram,Jowar
Karnataka,Gadag,Red Soil,Rabi,18.4,71,214.3,Jute,Groundnut
Karnataka,Gadag,Laterite Soil,Zaid,19.8,68,204.2,Blackgram,Coffee
Karnataka,Gadag,Red Soil,Rabi,26.7,58,349.5,Coconut,Pulses
Karnataka,Gadag,Loamy Soil,Whole Year,18.2,40,60.6,Coffee,Maize
Karnataka,Hassan,Black Soil,Zaid,26.5,90,35.8,Mothbeans,Jowar
Karnataka,Hassan,Black Soil,Whole Year,37.4,88,246.0,Pomegranate,Jowar
Karnataka,Hassan,Sandy Soil,Zaid,27.8,52,239.7,Blackgram,Muskmelon
Karnataka,Hassan,Alluvial Soil,Zaid,23.2,79,113.0,Apple,Rice
Karnataka,Hassan,Loamy Soil,Kharif,37.4,92,61.1,Maize,Maize
Karnataka,Hassan,Red Soil,Rabi,28.2,42,313.1,Watermelon,Pulses
Karnataka,Hassan,Alluvial Soil,Zaid,32.5,71,84.7,Pomegranate,Sugarcane
Karnataka,Hassan,Sandy Soil,Kharif,37.6,93,317.6,Coconut,Groundnut
Karnataka,Hassan,Laterite Soil,Whole Year,28.9,73,145.6,Mango,Tea
Karnataka,Hassan,Laterite Soil,Rabi,22.0,45,26.2,Mungbean,Cashew
Karnataka,Hassan,Laterite Soil,Whole Year,26.8,52,214.1,Kidneybeans,Coffee
Karnataka,Hassan,Sandy Soil,Rabi,18.4,51,184.4,Mungbean,Groundnut
Karnataka,Hassan,Alluvial Soil,Rabi,33.2,72,319.9,Blackgram,Sugarcane
Karnataka,Hassan,Laterite Soil,Zaid,33.2,42,284.6,Orange,Cashew
Karnataka,Hassan,Loamy Soil,Zaid,22.2,74,216.6,Coffee,Maize
Karnataka,Hassan,Sandy Soil,Kharif,22.6,54,301.9,Coffee,Muskmelon
Karnataka,Hassan,Alluvial Soil,Zaid,26.4,85,164.0,Jute,Sugarcane
Karnataka,Hassan,Sandy Soil,Rabi,39.7,55,190.0,Kidneybeans,Muskmelon
Karnataka,Hassan,Laterite Soil,Rabi,26.0,72,186.7,Kidneybeans,Cashew
Karnataka,Hassan,Black Soil,Zaid,26.3,65,325.0,Orange,Cotton
Karnataka,Haveri,Alluvial Soil,Kharif,36.8,81,36.8,Mungbean,Sugarcane
Karnataka,Haveri,Loamy Soil,Zaid,39.9,46,240.2,Mungbean,Rice
Karnataka,Haveri,Sandy Soil,Whole Year,36.1,81,197.3,Apple,Groundnut
Karnataka,Haveri,Laterite Soil,Kharif,29.9,52,151.6,Mungbean,Tea
Karnataka,Haveri,Alluvial Soil,Whole Year,25.0,91,231.7,Banana,Maize
Karnataka,Haveri,Black Soil,Kharif,38.9,64,119.9,Chickpea,Soybean
Karnataka,Haveri,Laterite Soil,Zaid,22.3,42,330.9,Banana,Coffee
Karnataka,Haveri,Alluvial Soil,Rabi,26.5,84,218.3,Mango,Maize
Karnataka,Haveri,Laterite Soil,Rabi,20.8,94,310.2,Maize,Tea
Karnataka,Haveri,Alluvial Soil,Rabi,20.9,62,160.4,Lentil,Wheat
Karnataka,Haveri,Red Soil,Zaid,31.4,43,317.2,Watermelon,Groundnut
Karnataka,Haveri,Red Soil,Whole Year,20.3,82,122.5,Grapes,Groundnut
Karnataka,Haveri,Black Soil,Zaid,32.2,94,226.0,Papaya,Cotton
Karnataka,Haveri,Black Soil,Rabi,19.6,50,111.3,Grapes,Cotton
Karnataka,Haveri,Alluvial Soil,Kharif,27.3,67,292.7,Coconut,Rice
Karnataka,Haveri,Red Soil,Zaid,30.2,80,28.2,Grapes,Pulses
Karnataka,Haveri,Loamy Soil,Whole Year,38.6,66,328.7,Cotton,Wheat
Karnataka,Haveri,Sandy Soil,Zaid,27.0,65,113.8,Orange,Muskmelon
Karnataka,Haveri,Sandy Soil,Kharif,27.0,87,129.6,Chickpea,Watermelon
Karnataka,Haveri,Laterite Soil,Whole Year,20.8,51,255.2,Banana,Coffee
Karnataka,Kalaburagi,Laterite Soil,Rabi,18.1,67,36.2,Coconut,Tea
Karnataka,Kalaburagi,Red Soil,Kharif,38.9,91,32.9,Rice,Millets
Karnataka,Kalaburagi,Alluvial Soil,Whole Year,31.2,44,33.7,Banana,Wheat
Karnataka,Kalaburagi,Alluvial Soil,Zaid,24.7,86,56.1,Apple,Maize
Karnataka,Kalaburagi,Black Soil,Zaid,31.8,48,171.6,Apple,Soybean
Karnataka,Kalaburagi,Black Soil,Rabi,22.3,56,175.7,Banana,Cotton
Karnataka,Kalaburagi,Laterite Soil,Whole Year,28.5,74,50.5,Apple,Coffee
Karnataka,Kalaburagi,Laterite Soil,Rabi,24.5,69,37.1,Watermelon,Coffee
Karnataka,Kalaburagi,Laterite Soil,Zaid,22.0,68,298.3,Mungbean,Tea
Karnataka,Kalaburagi,Laterite Soil,Zaid,32.6,58,288.6,Pomegranate,Tea
Karnataka,Kalaburagi,Laterite Soil,Kharif,37.2,77,141.8,Kidneybeans,Cashew
Karnataka,Kalaburagi,Red Soil,Kharif,30.2,76,47.2,Blackgram,Millets
Karnataka,Kalaburagi,Loamy Soil,Kharif,19.5,40,249.1,Muskmelon,Rice
Karnataka,Kalaburagi,Black Soil,Kharif,38.3,64,167.7,Mungbean,Cotton
Karnataka,Kalaburagi,Alluvial Soil,Zaid,29.1,49,285.2,Lentil,Maize
Karnataka,Kalaburagi,Black Soil,Kharif,20.0,74,116.3,Watermelon,Soybean
Karnataka,Kalaburagi,Sandy Soil,Zaid,20.1,86,23.2,Maize,Muskmelon
Karnataka,Kalaburagi,Loamy Soil,Zaid,27.5,81,249.4,Coffee,Rice
Karnataka,Kalaburagi,Alluvial Soil,Whole Year,39.6,66,288.0,Papaya,Wheat
Karnataka,Kalaburagi,Red Soil,Rabi,37.4,91,66.8,Mothbeans,Pulses
Karnataka,Kodagu,Loamy Soil,Kharif,31.0,91,297.6,Lentil,Rice
Karnataka,Kodagu,Laterite Soil,Zaid,31.6,86,330.9,Blackgram,Coffee
Karnataka,Kodagu,Red Soil,Whole Year,26.2,76,29.4,Grapes,Millets
Karnataka,Kodagu,Sandy Soil,Whole Year,19.9,60,148.5,Grapes,Watermelon
Karnataka,Kodagu,Red Soil,Kharif,36.6,70,232.9,Cotton,Millets
Karnataka,Kodagu,Red Soil,Kharif,26.4,50,287.9,Mothbeans,Pulses
Karnataka,Kodagu,Sandy Soil,Kharif,39.4,63,193.1,Grapes,Groundnut
Karnataka,Kodagu,Black Soil,Kharif,39.2,43,72.5,Mungbean,Cotton
Karnataka,Kodagu,Black Soil,Whole Year,23.7,48,216.5,Blackgram,Cotton
Karnataka,Kodagu,Sandy Soil,Kharif,37.9,60,217.9,Blackgram,Watermelon
Karnataka,Kodagu,Black Soil,Whole Year,31.8,41,141.1,Orange,Cotton
Karnataka,Kodagu,Sandy Soil,Kharif,24.5,41,38.9,Lentil,Muskmelon
Karnataka,Kodagu,Loamy Soil,Kharif,24.5,74,255.0,Coffee,Sugarcane
Karnataka,Kodagu,Black Soil,Rabi,31.8,71,176.0,Watermelon,Cotton
Karnataka,Kodagu,Black Soil,Whole Year,20.2,77,113.7,Mango,Cotton
Karnataka,Kodagu,Black Soil,Zaid,22.2,50,82.8,Mothbeans,Soybean
Karnataka,Kodagu,Laterite Soil,Whole Year,36.6,92,29.6,Pomegranate,Coffee
Karnataka,Kodagu,Loamy Soil,Whole Year,22.9,63,162.5,Rice,Rice
Karnataka,Kodagu,Loamy Soil,Kharif,34.3,85,154.9,Cotton,Rice
Karnataka,Kodagu,Laterite Soil,Zaid,28.2,89,295.6,Kidneybeans,Tea
Karnataka,Kolar,Black Soil,Zaid,27.7,76,85.9,Orange,Soybean
Karnataka,Kolar,Laterite Soil,Kharif,27.0,78,263.6,Grapes,Coffee
Karnataka,Kolar,Sandy Soil,Kharif,35.1,73,136.0,Lentil,Muskmelon
Karnataka,Kolar,Red Soil,Kharif,18.8,58,83.1,Grapes,Groundnut
Karnataka,Kolar,Alluvial Soil,Zaid,19.2,87,47.9,Mungbean,Wheat
Karnataka,Kolar,Black Soil,Rabi,38.6,49,300.8,Mango,Cotton
Karnataka,Kolar,Loamy Soil,Kharif,19.7,57,264.6,Chickpea,Maize
Karnataka,Kolar,Laterite Soil,Whole Year,29.1,56,200.4,Mungbean,Tea
Karnataka,Kolar,Sandy Soil,Zaid,35.3,73,346.3,Mothbeans,Groundnut
Karnataka,Kolar,Black Soil,Kharif,25.8,79,46.6,Banana,Soybean
Karnataka,Kolar,Sandy Soil,Zaid,38.4,89,81.8,Muskmelon,Watermelon
Karnataka,Kolar,Sandy Soil,Kharif,35.9,71,124.6,Watermelon,Muskmelon
Karnataka,Kolar,Alluvial Soil,Rabi,25.6,70,63.8,Maize,Rice
Karnataka,Kolar,Alluvial Soil,Whole Year,25.3,45,213.1,Banana,Maize
Karnataka,Kolar,Black Soil,Whole Year,31.5,85,59.3,Kidneybeans,Jowar
Karnataka,Kolar,Black Soil,Zaid,19.1,89,315.1,Watermelon,Jowar
Karnataka,Kolar,Loamy Soil,Zaid,35.7,88,73.3,Cotton,Rice
Karnataka,Kolar,Alluvial Soil,Kharif,22.7,92,321.1,Blackgram,Wheat
Karnataka,Kolar,Black Soil,Zaid,20.0,42,220.1,Maize,Jowar
Karnataka,Kolar,Sandy Soil,Whole Year,35.8,73,323.8,Rice,Muskmelon
Karnataka,Koppal,Sandy Soil,Zaid,31.9,74,49.5,Blackgram,Muskmelon
Karnataka,Koppal,Loamy Soil,Zaid,29.6,67,95.0,Jute,Wheat
Karnataka,Koppal,Red Soil,Zaid,39.3,55,21.3,Mango,Millets
Karnataka,Koppal,Laterite Soil,Rabi,30.5,50,61.6,Grapes,Tea
Karnataka,Koppal,Laterite Soil,Rabi,29.4,63,53.6,Mungbean,Cashew
Karnataka,Koppal,Red Soil,Whole Year,38.9,77,31.0,Mothbeans,Groundnut
Karnataka,Koppal,Sandy Soil,Rabi,37.9,87,169.5,Apple,Muskmelon
Karnataka,Koppal,Loamy Soil,Whole Year,33.0,78,235.7,Coconut,Sugarcane
Karnataka,Koppal,Sandy Soil,Whole Year,30.1,40,306.8,Blackgram,Groundnut
Karnataka,Koppal,Loamy Soil,Zaid,36.8,81,72.0,Lentil,Wheat
Karnataka,Koppal,Black Soil,Whole Year,35.3,51,246.2,Jute,Cotton
Karnataka,Koppal,Red Soil,Rabi,23.3,42,313.6,Cotton,Pulses
Karnataka,Koppal,Black Soil,Rabi,33.8,93,148.8,Banana,Soybean
Karnataka,Koppal,Black Soil,Zaid,30.0,44,133.2,Blackgram,Cotton
Karnataka,Koppal,Loamy Soil,Kharif,36.7,76,138.1,Grapes,Maize
Karnataka,Koppal,Black Soil,Zaid,25.9,41,146.9,Orange,Jowar
Karnataka,Koppal,Sandy Soil,Whole Year,25.1,84,318.3,Banana,Watermelon
Karnataka,Koppal,Loamy Soil,Whole Year,25.0,74,203.0,Mungbean,Maize
Karnataka,Koppal,Sandy Soil,Whole Year,31.4,42,45.1,Rice,Watermelon
Karnataka,Koppal,Alluvial Soil,Rabi,21.9,76,324.9,Kidneybeans,Rice
Karnataka,Mandya,Sandy Soil,Whole Year,32.3,90,288.2,Grapes,Groundnut
Karnataka,Mandya,Laterite Soil,Whole Year,35.6,76,68.1,Coffee,Tea
Karnataka,Mandya,Red Soil,Kharif,21.4,59,246.2,Watermelon,Groundnut
Karnataka,Mandya,Loamy Soil,Rabi,22.2,51,57.0,Chickpea,Sugarcane
Karnataka,Mandya,Loamy Soil,Zaid,20.8,44,264.8,Mothbeans,Wheat
Karnataka,Mandya,Loamy Soil,Rabi,18.4,67,223.6,Mothbeans,Maize
Karnataka,Mandya,Laterite Soil,Whole Year,34.1,70,192.1,Kidneybeans,Coffee
Karnataka,Mandya,Laterite Soil,Zaid,36.5,72,249.9,Grapes,Cashew
Karnataka,Mandya,Black Soil,Rabi,30.5,76,31.1,Coffee,Jowar
Karnataka,Mandya,Black Soil,Rabi,37.2,71,306.6,Pigeonpeas,Jowar
Karnataka,Mandya,Laterite Soil,Zaid,36.8,55,166.6,Muskmelon,Cashew
Karnataka,Mandya,Sandy Soil,Rabi,34.8,67,148.0,Jute,Groundnut
Karnataka,Mandya,Red Soil,Zaid,21.4,66,131.6,Chickpea,Pulses
Karnataka,Mandya,Loamy Soil,Zaid,18.7,46,244.6,Rice,Maize
Karnataka,Mandya,Sandy Soil,Kharif,31.3,88,142.1,Maize,Watermelon
Karnataka,Mandya,Red Soil,Rabi,22.5,60,146.7,Banana,Groundnut
Karnataka,Mandya,Alluvial Soil,Zaid,25.5,76,136.1,Cotton,Rice
Karnataka,Mandya,Alluvial Soil,Rabi,29.8,90,102.0,Apple,Wheat
Karnataka,Mandya,Sandy Soil,Zaid,33.4,86,173.9,Coffee,Groundnut
Karnataka,Mandya,Sandy Soil,Whole Year,36.4,73,72.2,Kidneybeans,Watermelon
Karnataka,Mysuru,Loamy Soil,Zaid,20.0,50,58.0,Papaya,Rice
Karnataka,Mysuru,Black Soil,Zaid,36.4,84,50.7,Chickpea,Jowar
Karnataka,Mysuru,Sandy Soil,Kharif,19.8,83,171.3,Grapes,Groundnut
Karnataka,Mysuru,Alluvial Soil,Whole Year,21.9,73,339.4,Coconut,Wheat
Karnataka,Mysuru,Alluvial Soil,Whole Year,32.9,60,250.2,Chickpea,Sugarcane
Karnataka,Mysuru,Loamy Soil,Rabi,31.5,64,277.7,Watermelon,Rice
Karnataka,Mysuru,Alluvial Soil,Zaid,39.2,79,133.0,Orange,Rice
Karnataka,Mysuru,Red Soil,Rabi,39.1,81,290.2,Coconut,Millets
Karnataka,Mysuru,Black Soil,Whole Year,35.8,92,163.0,Watermelon,Soybean
Karnataka,Mysuru,Black Soil,Kharif,39.9,63,73.4,Mothbeans,Jowar
Karnataka,Mysuru,Red Soil,Kharif,28.1,85,191.2,Kidneybeans,Millets
Karnataka,Mysuru,Red Soil,Zaid,24.7,94,186.9,Mungbean,Millets
Karnataka,Mysuru,Sandy Soil,Whole Year,18.8,63,69.7,Banana,Watermelon
Karnataka,Mysuru,Red Soil,Kharif,27.8,66,238.9,Cotton,Millets
Karnataka,Mysuru,Sandy Soil,Kharif,23.8,61,60.9,Apple,Groundnut
Karnataka,Mysuru,Laterite Soil,Rabi,32.3,80,83.1,Chickpea,Coffee
Karnataka,Mysuru,Alluvial Soil,Zaid,39.9,71,330.7,Chickpea,Rice
Karnataka,Mysuru,Sandy Soil,Kharif,25.9,81,56.6,Papaya,Watermelon
Karnataka,Mysuru,Black Soil,Rabi,22.1,53,102.2,Chickpea,Jowar
Karnataka,Mysuru,Alluvial Soil,Zaid,24.4,62,37.1,Mango,Wheat
Karnataka,Raichur,Loamy Soil,Kharif,28.3,55,202.6,Rice,Rice
Karnataka,Raichur,Loamy Soil,Rabi,32.3,94,198.8,Cotton,Wheat
Karnataka,Raichur,Sandy Soil,Whole Year,38.6,52,322.8,Cotton,Groundnut
Karnataka,Raichur,Laterite Soil,Kharif,21.3,70,195.9,Lentil,Tea
Karnataka,Raichur,Loamy Soil,Whole Year,22.7,40,34.1,Orange,Maize
Karnataka,Raichur,Laterite Soil,Kharif,35.3,77,31.5,Banana,Cashew
Karnataka,Raichur,Sandy Soil,Zaid,36.0,60,20.2,Orange,Groundnut
Karnataka,Raichur,Black Soil,Whole Year,19.6,73,169.1,Coffee,Jowar
Karnataka,Raichur,Red Soil,Zaid,20.3,89,262.3,Chickpea,Millets
Karnataka,Raichur,Loamy Soil,Rabi,37.5,78,61.6,Watermelon,Sugarcane
Karnataka,Raichur,Black Soil,Zaid,25.7,89,35.0,Mungbean,Soybean
Karnataka,Raichur,Alluvial Soil,Kharif,18.3,65,346.7,Mungbean,Wheat
Karnataka,Raichur,Red Soil,Whole Year,31.4,47,209.4,Coconut,Pulses
Karnataka,Raichur,Sandy Soil,Zaid,34.9,90,343.3,Lentil,Groundnut
Karnataka,Raichur,Sandy Soil,Rabi,27.4,85,88.7,Coconut,Groundnut
Karnataka,Raichur,Black Soil,Kharif,18.1,66,116.0,Mothbeans,Jowar
Karnataka,Raichur,Loamy Soil,Whole Year,18.3,67,206.3,Banana,Rice
Karnataka,Raichur,Laterite Soil,Kharif,35.7,67,105.1,Apple,Tea
Karnataka,Raichur,Black Soil,Whole Year,21.0,67,317.6,Mango,Soybean
Karnataka,Raichur,Alluvial Soil,Rabi,30.8,40,217.4,Coconut,Wheat
Karnataka,Ramanagara,Sandy Soil,Zaid,22.6,91,257.9,Coconut,Watermelon
Karnataka,Ramanagara,Alluvial Soil,Rabi,34.9,92,140.1,Pigeonpeas,Sugarcane
Karnataka,Ramanagara,Loamy Soil,Zaid,39.2,51,211.3,Mango,Sugarcane
Karnataka,Ramanagara,Black Soil,Kharif,32.3,80,308.9,Rice,Jowar
Karnataka,Ramanagara,Black Soil,Rabi,28.6,77,340.7,Watermelon,Soybean
Karnataka,Ramanagara,Laterite Soil,Whole Year,21.1,62,133.1,Kidneybeans,Coffee
Karnataka,Ramanagara,Laterite Soil,Rabi,28.4,63,204.8,Papaya,Coffee
Karnataka,Ramanagara,Black Soil,Kharif,19.6,92,198.5,Coffee,Cotton
Karnataka,Ramanagara,Black Soil,Whole Year,38.0,60,211.0,Coffee,Cotton
Karnataka,Ramanagara,Laterite Soil,Kharif,29.4,72,31.5,Maize,Tea
Karnataka,Ramanagara,Black Soil,Kharif,22.0,64,117.9,Muskmelon,Cotton
Karnataka,Ramanagara,Sandy Soil,Zaid,30.5,60,144.6,Coconut,Watermelon
Karnataka,Ramanagara,Black Soil,Zaid,27.9,47,76.8,Mungbean,Cotton
Karnataka,Ramanagara,Sandy Soil,Whole Year,32.7,94,236.8,Banana,Groundnut
Karnataka,Ramanagara,Loamy Soil,Whole Year,20.5,51,24.9,Mothbeans,Rice
Karnataka,Ramanagara,Black Soil,Whole Year,30.1,91,289.1,Blackgram,Jowar
Karnataka,Ramanagara,Sandy Soil,Rabi,28.1,48,115.4,Muskmelon,Watermelon
Karnataka,Ramanagara,Alluvial Soil,Kharif,33.8,90,277.7,Cotton,Wheat
Karnataka,Ramanagara,Alluvial Soil,Zaid,29.4,94,110.6,Jute,Maize
Karnataka,Ramanagara,Red Soil,Kharif,22.3,77,45.8,Pomegranate,Groundnut
Karnataka,Shivamogga,Loamy Soil,Zaid,23.3,67,222.7,Mothbeans,Sugarcane
Karnataka,Shivamogga,Red Soil,Kharif,20.1,91,308.1,Mungbean,Millets
Karnataka,Shivamogga,Laterite Soil,Whole Year,28.3,50,299.8,Apple,Tea
Karnataka,Shivamogga,Alluvial Soil,Kharif,23.6,44,82.5,Jute,Maize
Karnataka,Shivamogga,Red Soil,Whole Year,35.9,48,98.3,Maize,Millets
Karnataka,Shivamogga,Loamy Soil,Zaid,38.4,87,173.8,Cotton,Rice
Karnataka,Shivamogga,Red Soil,Kharif,20.4,83,57.8,Maize,Groundnut
Karnataka,Shivamogga,Sandy Soil,Rabi,36.2,49,163.0,Jute,Muskmelon
Karnataka,Shivamogga,Loamy Soil,Kharif,24.4,95,250.9,Mango,Rice
Karnataka,Shivamogga,Loamy Soil,Zaid,24.7,75,296.1,Pigeonpeas,Sugarcane
Karnataka,Shivamogga,Alluvial Soil,Rabi,37.2,70,122.9,Grapes,Maize
Karnataka,Shivamogga,Black Soil,Whole Year,39.6,92,205.4,Apple,Jowar
Karnataka,Shivamogga,Red Soil,Whole Year,37.8,51,97.9,Watermelon,Millets
Karnataka,Shivamogga,Loamy Soil,Zaid,29.5,48,314.7,Maize,Maize
Karnataka,Shivamogga,Laterite Soil,Whole Year,22.3,86,253.6,Banana,Tea
Karnataka,Shivamogga,Alluvial Soil,Rabi,23.1,83,321.0,Coffee,Rice
Karnataka,Shivamogga,Red Soil,Kharif,35.1,76,248.3,Watermelon,Millets
Karnataka,Shivamogga,Alluvial Soil,Zaid,22.0,46,218.1,Mothbeans,Maize
Karnataka,Shivamogga,Black Soil,Kharif,18.4,41,299.4,Papaya,Jowar
Karnataka,Shivamogga,Sandy Soil,Zaid,23.7,50,139.3,Kidneybeans,Muskmelon
Karnataka,Tumakuru,Loamy Soil,Rabi,19.1,68,225.4,Mungbean,Rice
Karnataka,Tumakuru,Loamy Soil,Rabi,34.8,73,293.0,Coconut,Rice
Karnataka,Tumakuru,Black Soil,Whole Year,31.5,52,253.5,Mungbean,Jowar
Karnataka,Tumakuru,Red Soil,Whole Year,31.6,73,221.7,Pomegranate,Millets
Karnataka,Tumakuru,Red Soil,Whole Year,19.6,69,131.0,Mungbean,Groundnut
Karnataka,Tumakuru,Red Soil,Kharif,21.7,76,325.8,Mothbeans,Pulses
Karnataka,Tumakuru,Loamy Soil,Rabi,25.4,54,324.5,Orange,Maize
Karnataka,Tumakuru,Alluvial Soil,Zaid,33.0,95,331.6,Papaya,Sugarcane
Karnataka,Tumakuru,Laterite Soil,Zaid,31.1,93,298.0,Rice,Tea
Karnataka,Tumakuru,Laterite Soil,Whole Year,37.8,57,153.8,Mungbean,Tea
Karnataka,Tumakuru,Sandy Soil,Zaid,29.7,72,336.8,Coffee,Watermelon
Karnataka,Tumakuru,Laterite Soil,Kharif,37.3,44,257.4,Papaya,Tea
Karnataka,Tumakuru,Laterite Soil,Zaid,35.9,94,36.3,Pigeonpeas,Tea
Karnataka,Tumakuru,Sandy Soil,Kharif,20.4,89,332.1,Banana,Watermelon
Karnataka,Tumakuru,Alluvial Soil,Kharif,29.6,78,67.7,Chickpea,Maize
Karnataka,Tumakuru,Alluvial Soil,Whole Year,35.6,83,178.8,Apple,Sugarcane
Karnataka,Tumakuru,Sandy Soil,Kharif,24.5,75,141.0,Banana,Groundnut
Karnataka,Tumakuru,Sandy Soil,Rabi,27.6,40,42.6,Watermelon,Groundnut
Karnataka,Tumakuru,Black Soil,Zaid,36.9,41,273.3,Coconut,Cotton
Karnataka,Tumakuru,Black Soil,Whole Year,22.9,83,41.9,Maize,Soybean
Karnataka,Udupi,Loamy Soil,Kharif,38.8,61,275.4,Muskmelon,Sugarcane
Karnataka,Udupi,Laterite Soil,Rabi,19.0,81,320.9,Watermelon,Tea
Karnataka,Udupi,Sandy Soil,Rabi,27.7,57,110.9,Lentil,Muskmelon
Karnataka,Udupi,Loamy Soil,Zaid,19.6,51,180.9,Banana,Maize
Karnataka,Udupi,Alluvial Soil,Rabi,23.4,90,261.5,Blackgram,Maize
Karnataka,Udupi,Alluvial Soil,Whole Year,27.7,87,74.5,Orange,Maize
Karnataka,Udupi,Black Soil,Whole Year,19.5,71,306.5,Banana,Soybean
Karnataka,Udupi,Black Soil,Whole Year,27.9,81,32.5,Jute,Cotton
Karnataka,Udupi,Black Soil,Zaid,35.0,84,212.6,Grapes,Jowar
Karnataka,Udupi,Alluvial Soil,Whole Year,35.3,58,82.0,Coconut,Maize
Karnataka,Udupi,Black Soil,Zaid,36.4,70,181.6,Pigeonpeas,Soybean
Karnataka,Udupi,Red Soil,Rabi,24.5,42,71.1,Jute,Millets
Karnataka,Udupi,Black Soil,Whole Year,25.0,42,108.4,Chickpea,Jowar
Karnataka,Udupi,Alluvial Soil,Whole Year,22.2,77,160.4,Jute,Rice
Karnataka,Udupi,Alluvial Soil,Kharif,31.4,52,240.0,Mango,Sugarcane
Karnataka,Udupi,Sandy Soil,Kharif,40.0,41,112.5,Coffee,Groundnut
Karnataka,Udupi,Sandy Soil,Zaid,23.1,54,200.8,Mango,Groundnut
Karnataka,Udupi,Alluvial Soil,Kharif,34.7,92,43.0,Lentil,Maize
Karnataka,Udupi,Laterite Soil,Rabi,18.7,74,202.7,Chickpea,Tea
Karnataka,Udupi,Laterite Soil,Zaid,34.2,61,115.4,Mungbean,Coffee
Karnataka,Uttara Kannada,Loamy Soil,Whole Year,30.2,72,133.7,Mothbeans,Maize
Karnataka,Uttara Kannada,Black Soil,Kharif,32.7,50,118.3,Papaya,Cotton
Karnataka,Uttara Kannada,Laterite Soil,Kharif,19.4,82,54.8,Watermelon,Tea
Karnataka,Uttara Kannada,Red Soil,Kharif,26.8,66,186.1,Papaya,Millets
Karnataka,Uttara Kannada,Laterite Soil,Kharif,18.4,76,151.7,Maize,Cashew
Karnataka,Uttara Kannada,Sandy Soil,Zaid,36.1,52,276.0,Cotton,Groundnut
Karnataka,Uttara Kannada,Black Soil,Whole Year,24.6,78,235.3,Muskmelon,Cotton
Karnataka,Uttara Kannada,Loamy Soil,Zaid,34.9,67,204.7,Mango,Rice
Karnataka,Uttara Kannada,Red Soil,Kharif,19.6,79,165.6,Chickpea,Groundnut
Karnataka,Uttara Kannada,Black Soil,Whole Year,21.9,50,315.6,Maize,Soybean
Karnataka,Uttara Kannada,Sandy Soil,Rabi,18.4,47,240.6,Blackgram,Watermelon
Karnataka,Uttara Kannada,Black Soil,Kharif,38.6,72,288.9,Chickpea,Soybean
Karnataka,Uttara Kannada,Laterite Soil,Zaid,25.0,89,273.8,Blackgram,Cashew
Karnataka,Uttara Kannada,Black Soil,Zaid,21.0,81,136.4,Jute,Soybean
Karnataka,Uttara Kannada,Sandy Soil,Kharif,38.8,73,234.4,Blackgram,Groundnut
Karnataka,Uttara Kannada,Alluvial Soil,Zaid,32.9,55,281.1,Banana,Rice
Karnataka,Uttara Kannada,Black Soil,Kharif,32.9,83,247.5,Mango,Jowar
Karnataka,Uttara Kannada,Sandy Soil,Whole Year,27.0,64,333.6,Jute,Groundnut
Karnataka,Uttara Kannada,Sandy Soil,Kharif,36.1,94,174.0,Rice,Watermelon
Karnataka,Uttara Kannada,Black Soil,Whole Year,29.2,49,251.7,Kidneybeans,Soybean
Karnataka,Vijayanagara,Black Soil,Zaid,32.7,43,216.9,Orange,Jowar
Karnataka,Vijayanagara,Black Soil,Kharif,26.6,67,122.0,Maize,Cotton
Karnataka,Vijayanagara,Laterite Soil,Whole Year,32.7,75,247.7,Coffee,Coffee
Karnataka,Vijayanagara,Loamy Soil,Rabi,22.3,65,37.8,Banana,Rice
Karnataka,Vijayanagara,Laterite Soil,Zaid,26.6,67,199.1,Coconut,Coffee
Karnataka,Vijayanagara,Alluvial Soil,Whole Year,21.9,75,187.1,Orange,Wheat
Karnataka,Vijayanagara,Alluvial Soil,Zaid,31.4,91,173.2,Kidneybeans,Sugarcane
Karnataka,Vijayanagara,Laterite Soil,Kharif,22.4,82,46.8,Coffee,Tea
Karnataka,Vijayanagara,Loamy Soil,Zaid,29.6,41,296.1,Jute,Maize
Karnataka,Vijayanagara,Loamy Soil,Rabi,22.3,62,196.1,Mungbean,Maize
Karnataka,Vijayanagara,Black Soil,Rabi,29.5,93,293.0,Papaya,Soybean
Karnataka,Vijayanagara,Laterite Soil,Kharif,22.9,40,228.1,Papaya,Tea
Karnataka,Vijayanagara,Red Soil,Whole Year,24.3,81,262.1,Lentil,Groundnut
Karnataka,Vijayanagara,Sandy Soil,Kharif,33.2,51,286.9,Coconut,Groundnut
Karnataka,Vijayanagara,Red Soil,Rabi,19.4,43,260.5,Grapes,Groundnut
Karnataka,Vijayanagara,Black Soil,Kharif,35.1,46,137.6,Banana,Soybean
Karnataka,Vijayanagara,Red Soil,Kharif,31.6,91,23.4,Blackgram,Pulses
Karnataka,Vijayanagara,Loamy Soil,Rabi,25.6,49,301.9,Banana,Sugarcane
Karnataka,Vijayanagara,Black Soil,Rabi,35.3,54,308.9,Coffee,Soybean
Karnataka,Vijayanagara,Alluvial Soil,Zaid,24.5,75,237.2,Lentil,Maize
Karnataka,Vijayapura,Black Soil,Zaid,37.8,80,113.5,Papaya,Cotton
Karnataka,Vijayapura,Alluvial Soil,Kharif,18.8,58,164.9,Mungbean,Maize
Karnataka,Vijayapura,Alluvial Soil,Zaid,26.7,61,246.8,Apple,Wheat
Karnataka,Vijayapura,Loamy Soil,Whole Year,18.7,82,63.6,Orange,Rice
Karnataka,Vijayapura,Laterite Soil,Rabi,36.0,84,134.3,Orange,Coffee
Karnataka,Vijayapura,Loamy Soil,Whole Year,29.1,87,333.5,Banana,Wheat
Karnataka,Vijayapura,Sandy Soil,Kharif,21.0,84,202.5,Kidneybeans,Muskmelon
Karnataka,Vijayapura,Loamy Soil,Zaid,30.8,47,198.8,Watermelon,Sugarcane
Karnataka,Vijayapura,Sandy Soil,Kharif,24.8,95,70.2,Cotton,Muskmelon
Karnataka,Vijayapura,Black Soil,Whole Year,34.6,95,45.1,Rice,Jowar
Karnataka,Vijayapura,Sandy Soil,Kharif,18.7,78,166.6,Maize,Groundnut
Karnataka,Vijayapura,Alluvial Soil,Kharif,29.9,45,176.3,Papaya,Rice
Karnataka,Vijayapura,Laterite Soil,Kharif,34.7,75,36.6,Coconut,Coffee
Karnataka,Vijayapura,Laterite Soil,Whole Year,27.7,41,237.5,Mango,Coffee
Karnataka,Vijayapura,Red Soil,Kharif,20.7,84,121.5,Maize,Millets
Karnataka,Vijayapura,Black Soil,Kharif,27.4,71,32.0,Coconut,Jowar
Karnataka,Vijayapura,Red Soil,Zaid,33.2,54,255.1,Mungbean,Groundnut
Karnataka,Vijayapura,Alluvial Soil,Whole Year,27.0,62,314.3,Jute,Sugarcane
Karnataka,Vijayapura,Alluvial Soil,Zaid,22.6,46,159.3,Pigeonpeas,Rice
Karnataka,Vijayapura,Laterite Soil,Kharif,38.2,45,36.9,Mango,Cashew
Karnataka,Yadgir,Loamy Soil,Whole Year,21.1,68,205.5,Maize,Maize
Karnataka,Yadgir,Black Soil,Whole Year,37.8,91,167.2,Grapes,Cotton
Karnataka,Yadgir,Red Soil,Kharif,26.8,43,274.8,Papaya,Millets
Karnataka,Yadgir,Red Soil,Rabi,21.6,57,214.0,Kidneybeans,Pulses
Karnataka,Yadgir,Black Soil,Whole Year,18.6,53,107.8,Coconut,Soybean
Karnataka,Yadgir,Red Soil,Whole Year,22.3,89,118.9,Maize,Pulses
Karnataka,Yadgir,Alluvial Soil,Zaid,37.2,92,339.7,Maize,Rice
Karnataka,Yadgir,Loamy Soil,Rabi,25.6,64,200.0,Orange,Sugarcane
Karnataka,Yadgir,Sandy Soil,Kharif,35.3,69,121.1,Watermelon,Groundnut
Karnataka,Yadgir,Red Soil,Zaid,20.5,79,267.8,Grapes,Millets
Karnataka,Yadgir,Laterite Soil,Whole Year,28.2,64,146.5,Lentil,Cashew
Karnataka,Yadgir,Loamy Soil,Kharif,30.0,56,236.1,Mango,Rice
Karnataka,Yadgir,Red Soil,Rabi,26.8,57,96.3,Kidneybeans,Millets
Karnataka,Yadgir,Black Soil,Zaid,28.9,68,157.6,Pigeonpeas,Soybean
Karnataka,Yadgir,Sandy Soil,Kharif,20.8,64,299.1,Papaya,Groundnut
Karnataka,Yadgir,Sandy Soil,Rabi,27.2,78,258.2,Pomegranate,Groundnut
Karnataka,Yadgir,Black Soil,Rabi,24.5,82,282.4,Blackgram,Soybean
Karnataka,Yadgir,Red Soil,Kharif,21.9,76,170.5,Chickpea,Pulses
Karnataka,Yadgir,Laterite Soil,Kharif,28.9,82,135.1,Rice,Coffee
Karnataka,Yadgir,Laterite Soil,Kharif,34.8,83,321.4,Mungbean,Tea
Tamil Nadu,Ariyalur,Loamy Soil,Zaid,36.6,41,184.2,Chickpea,Rice
Tamil Nadu,Ariyalur,Black Soil,Whole Year,25.4,54,172.6,Chickpea,Cotton
Tamil Nadu,Ariyalur,Red Soil,Zaid,36.2,88,146.5,Coconut,Pulses
Tamil Nadu,Ariyalur,Black Soil,Rabi,31.2,57,210.7,Maize,Cotton
Tamil Nadu,Ariyalur,Laterite Soil,Rabi,24.8,50,21.2,Banana,Coffee
Tamil Nadu,Ariyalur,Black Soil,Whole Year,20.2,56,227.4,Grapes,Soybean
Tamil Nadu,Ariyalur,Laterite Soil,Whole Year,36.4,69,55.8,Coffee,Cashew
Tamil Nadu,Ariyalur,Red Soil,Whole Year,36.8,54,38.0,Coconut,Pulses
Tamil Nadu,Ariyalur,Black Soil,Zaid,34.7,67,162.1,Banana,Soybean
Tamil Nadu,Ariyalur,Alluvial Soil,Rabi,31.6,67,30.6,Banana,Rice
Tamil Nadu,Ariyalur,Laterite Soil,Kharif,29.1,94,231.7,Watermelon,Tea
Tamil Nadu,Ariyalur,Black Soil,Zaid,26.6,89,54.8,Coffee,Cotton
Tamil Nadu,Ariyalur,Loamy Soil,Zaid,25.6,87,82.3,Papaya,Rice
Tamil Nadu,Ariyalur,Red Soil,Zaid,32.2,64,42.1,Maize,Groundnut
Tamil Nadu,Ariyalur,Loamy Soil,Rabi,18.8,95,173.7,Mothbeans,Wheat
Tamil Nadu,Ariyalur,Red Soil,Zaid,36.0,52,74.1,Watermelon,Groundnut
Tamil Nadu,Ariyalur,Alluvial Soil,Kharif,23.6,83,146.6,Grapes,Wheat
Tamil Nadu,Ariyalur,Alluvial Soil,Kharif,24.6,58,41.0,Apple,Rice
Tamil Nadu,Ariyalur,Alluvial Soil,Kharif,36.4,70,62.1,Jute,Wheat
Tamil Nadu,Ariyalur,Laterite Soil,Whole Year,37.1,93,201.4,Lentil,Tea
Tamil Nadu,Chengalpattu,Loamy Soil,Rabi,21.1,64,324.6,Papaya,Sugarcane
Tamil Nadu,Chengalpattu,Black Soil,Zaid,30.3,75,326.8,Blackgram,Cotton
Tamil Nadu,Chengalpattu,Loamy Soil,Rabi,24.5,88,344.6,Muskmelon,Rice
Tamil Nadu,Chengalpattu,Loamy Soil,Rabi,24.6,52,108.6,Coconut,Sugarcane
Tamil Nadu,Chengalpattu,Laterite Soil,Zaid,23.3,84,206.1,Jute,Coffee
Tamil Nadu,Chengalpattu,Red Soil,Rabi,32.1,57,279.0,Watermelon,Pulses
Tamil Nadu,Chengalpattu,Red Soil,Rabi,19.6,46,59.5,Mango,Millets
Tamil Nadu,Chengalpattu,Sandy Soil,Kharif,29.5,58,148.9,Kidneybeans,Groundnut
Tamil Nadu,Chengalpattu,Loamy Soil,Rabi,21.1,64,171.8,Cotton,Maize
Tamil Nadu,Chengalpattu,Loamy Soil,Rabi,33.8,79,318.2,Kidneybeans,Maize
Tamil Nadu,Chengalpattu,Black Soil,Zaid,37.2,84,295.9,Jute,Jowar
Tamil Nadu,Chengalpattu,Alluvial Soil,Rabi,30.6,82,233.3,Grapes,Maize
Tamil Nadu,Chengalpattu,Laterite Soil,Whole Year,19.7,85,310.8,Watermelon,Cashew
Tamil Nadu,Chengalpattu,Sandy Soil,Whole Year,37.8,60,63.9,Pomegranate,Groundnut
Tamil Nadu,Chengalpattu,Red Soil,Rabi,39.8,82,262.1,Banana,Pulses
Tamil Nadu,Chengalpattu,Laterite Soil,Zaid,24.5,82,116.6,Apple,Cashew
Tamil Nadu,Chengalpattu,Alluvial Soil,Whole Year,19.0,79,143.8,Coffee,Rice
Tamil Nadu,Chengalpattu,Loamy Soil,Rabi,32.2,66,153.8,Papaya,Sugarcane
Tamil Nadu,Chengalpattu,Black Soil,Zaid,20.6,49,225.5,Orange,Soybean
Tamil Nadu,Chengalpattu,Loamy Soil,Zaid,37.4,50,240.8,Banana,Wheat
Tamil Nadu,Chennai,Loamy Soil,Rabi,35.9,63,193.7,Orange,Maize
Tamil Nadu,Chennai,Sandy Soil,Whole Year,28.4,79,346.4,Apple,Watermelon
Tamil Nadu,Chennai,Red Soil,Zaid,32.2,44,307.6,Pigeonpeas,Pulses
Tamil Nadu,Chennai,Loamy Soil,Whole Year,36.7,91,152.5,Chickpea,Wheat
Tamil Nadu,Chennai,Alluvial Soil,Zaid,36.5,76,100.3,Watermelon,Rice
Tamil Nadu,Chennai,Sandy Soil,Kharif,21.4,42,110.8,Kidneybeans,Muskmelon
Tamil Nadu,Chennai,Red Soil,Whole Year,25.7,47,116.7,Orange,Groundnut
Tamil Nadu,Chennai,Laterite Soil,Rabi,29.5,63,145.5,Pomegranate,Cashew
Tamil Nadu,Chennai,Laterite Soil,Kharif,30.9,65,98.8,Banana,Coffee
Tamil Nadu,Chennai,Red Soil,Kharif,34.9,46,291.5,Pomegranate,Groundnut
Tamil Nadu,Chennai,Loamy Soil,Whole Year,28.1,63,130.5,Mango,Maize
Tamil Nadu,Chennai,Red Soil,Kharif,31.3,66,161.9,Pomegranate,Millets
Tamil Nadu,Chennai,Laterite Soil,Kharif,35.4,41,153.4,Coffee,Tea
Tamil Nadu,Chennai,Sandy Soil,Zaid,39.8,51,86.0,Apple,Muskmelon
Tamil Nadu,Chennai,Laterite Soil,Rabi,36.9,55,164.2,Maize,Cashew
Tamil Nadu,Chennai,Black Soil,Whole Year,30.4,65,36.1,Lentil,Cotton
Tamil Nadu,Chennai,Black Soil,Kharif,28.7,67,111.3,Pomegranate,Jowar
Tamil Nadu,Chennai,Black Soil,Zaid,24.6,57,207.2,Lentil,Cotton
Tamil Nadu,Chennai,Loamy Soil,Kharif,28.5,89,33.6,Pigeonpeas,Maize
Tamil Nadu,Chennai,Laterite Soil,Zaid,39.8,71,289.1,Chickpea,Tea
Tamil Nadu,Coimbatore,Loamy Soil,Kharif,19.2,43,293.9,Jute,Wheat
Tamil Nadu,Coimbatore,Loamy Soil,Whole Year,25.3,43,325.4,Pigeonpeas,Sugarcane
Tamil Nadu,Coimbatore,Laterite Soil,Kharif,33.6,90,95.6,Pomegranate,Tea
Tamil Nadu,Coimbatore,Laterite Soil,Whole Year,29.9,92,322.5,Cotton,Cashew
Tamil Nadu,Coimbatore,Black Soil,Rabi,25.4,50,235.2,Cotton,Soybean
Tamil Nadu,Coimbatore,Alluvial Soil,Zaid,28.7,66,88.8,Orange,Rice
Tamil Nadu,Coimbatore,Laterite Soil,Zaid,33.4,93,88.4,Mothbeans,Cashew
Tamil Nadu,Coimbatore,Black Soil,Rabi,34.0,70,265.4,Muskmelon,Soybean
Tamil Nadu,Coimbatore,Alluvial Soil,Zaid,31.1,49,189.3,Lentil,Rice
Tamil Nadu,Coimbatore,Red Soil,Rabi,25.4,91,321.6,Blackgram,Millets
Tamil Nadu,Coimbatore,Laterite Soil,Whole Year,20.2,68,308.2,Muskmelon,Tea
Tamil Nadu,Coimbatore,Alluvial Soil,Rabi,20.9,61,162.0,Muskmelon,Wheat
Tamil Nadu,Coimbatore,Alluvial Soil,Rabi,24.2,43,162.5,Mungbean,Sugarcane
Tamil Nadu,Coimbatore,Loamy Soil,Zaid,33.2,58,101.3,Lentil,Rice
Tamil Nadu,Coimbatore,Black Soil,Kharif,31.5,78,197.1,Coffee,Soybean
Tamil Nadu,Coimbatore,Alluvial Soil,Kharif,21.0,77,216.3,Cotton,Wheat
Tamil Nadu,Coimbatore,Laterite Soil,Zaid,28.5,85,109.7,Rice,Cashew
Tamil Nadu,Coimbatore,Red Soil,Whole Year,32.9,58,103.1,Mango,Millets
Tamil Nadu,Coimbatore,Black Soil,Kharif,34.0,71,46.3,Muskmelon,Jowar
Tamil Nadu,Coimbatore,Loamy Soil,Whole Year,24.4,44,284.3,Apple,Sugarcane
Tamil Nadu,Cuddalore,Loamy Soil,Kharif,20.6,84,312.1,Chickpea,Wheat
Tamil Nadu,Cuddalore,Sandy Soil,Whole Year,29.1,66,278.3,Orange,Watermelon
Tamil Nadu,Cuddalore,Laterite Soil,Rabi,38.0,88,328.4,Watermelon,Tea
Tamil Nadu,Cuddalore,Alluvial Soil,Kharif,39.9,44,28.9,Maize,Rice
Tamil Nadu,Cuddalore,Red Soil,Rabi,36.1,58,150.3,Banana,Groundnut
Tamil Nadu,Cuddalore,Alluvial Soil,Zaid,20.1,73,307.1,Papaya,Rice
Tamil Nadu,Cuddalore,Black Soil,Kharif,25.5,95,189.7,Jute,Soybean
Tamil Nadu,Cuddalore,Sandy Soil,Rabi,22.0,67,50.6,Rice,Muskmelon
Tamil Nadu,Cuddalore,Sandy Soil,Kharif,22.3,44,70.2,Coffee,Watermelon
Tamil Nadu,Cuddalore,Alluvial Soil,Kharif,18.0,89,238.5,Papaya,Maize
Tamil Nadu,Cuddalore,Sandy Soil,Kharif,24.8,52,214.6,Cotton,Watermelon
Tamil Nadu,Cuddalore,Red Soil,Whole Year,20.8,61,160.6,Muskmelon,Groundnut
Tamil Nadu,Cuddalore,Sandy Soil,Whole Year,28.9,53,69.9,Apple,Groundnut
Tamil Nadu,Cuddalore,Loamy Soil,Whole Year,27.7,67,240.3,Rice,Rice
Tamil Nadu,Cuddalore,Black Soil,Zaid,39.5,80,28.9,Watermelon,Jowar
Tamil Nadu,Cuddalore,Loamy Soil,Zaid,34.2,47,69.1,Chickpea,Maize
Tamil Nadu,Cuddalore,Laterite Soil,Kharif,28.4,51,54.5,Papaya,Coffee
Tamil Nadu,Cuddalore,Sandy Soil,Whole Year,28.2,46,245.0,Watermelon,Groundnut
Tamil Nadu,Cuddalore,Black Soil,Kharif,39.0,66,213.4,Coffee,Jowar
Tamil Nadu,Cuddalore,Laterite Soil,Whole Year,25.3,51,169.7,Pomegranate,Cashew
Tamil Nadu,Dharmapuri,Laterite Soil,Whole Year,33.0,72,102.8,Coffee,Tea
Tamil Nadu,Dharmapuri,Red Soil,Zaid,30.8,56,57.0,Grapes,Pulses
Tamil Nadu,Dharmapuri,Loamy Soil,Kharif,22.8,48,319.1,Chickpea,Rice
Tamil Nadu,Dharmapuri,Laterite Soil,Zaid,28.6,71,299.5,Kidneybeans,Coffee
Tamil Nadu,Dharmapuri,Loamy Soil,Whole Year,31.9,41,38.4,Lentil,Wheat
Tamil Nadu,Dharmapuri,Alluvial Soil,Kharif,26.5,57,52.4,Mango,Wheat
Tamil Nadu,Dharmapuri,Black Soil,Whole Year,32.7,41,24.1,Pomegranate,Cotton
Tamil Nadu,Dharmapuri,Alluvial Soil,Whole Year,28.2,57,335.6,Pigeonpeas,Maize
Tamil Nadu,Dharmapuri,Loamy Soil,Whole Year,19.0,62,310.5,Kidneybeans,Wheat
Tamil Nadu,Dharmapuri,Laterite Soil,Rabi,26.6,56,24.0,Pomegranate,Tea
Tamil Nadu,Dharmapuri,Laterite Soil,Rabi,35.6,45,339.8,Coconut,Tea
Tamil Nadu,Dharmapuri,Alluvial Soil,Kharif,36.8,49,173.2,Banana,Rice
Tamil Nadu,Dharmapuri,Black Soil,Rabi,39.4,67,289.7,Pomegranate,Soybean
Tamil Nadu,Dharmapuri,Sandy Soil,Kharif,38.6,92,22.5,Coconut,Muskmelon
Tamil Nadu,Dharmapuri,Loamy Soil,Kharif,32.1,88,69.7,Rice,Sugarcane
Tamil Nadu,Dharmapuri,Sandy Soil,Kharif,31.8,88,306.7,Maize,Muskmelon
Tamil Nadu,Dharmapuri,Red Soil,Zaid,31.9,72,256.9,Watermelon,Millets
Tamil Nadu,Dharmapuri,Sandy Soil,Kharif,34.8,75,31.7,Coconut,Muskmelon
Tamil Nadu,Dharmapuri,Red Soil,Kharif,25.0,84,186.6,Pigeonpeas,Groundnut
Tamil Nadu,Dharmapuri,Alluvial Soil,Rabi,34.3,46,80.2,Pigeonpeas,Wheat
Tamil Nadu,Dindigul,Laterite Soil,Rabi,33.6,89,109.9,Muskmelon,Coffee
Tamil Nadu,Dindigul,Sandy Soil,Kharif,30.2,55,243.4,Pomegranate,Muskmelon
Tamil Nadu,Dindigul,Loamy Soil,Kharif,22.2,85,65.0,Cotton,Wheat
Tamil Nadu,Dindigul,Loamy Soil,Whole Year,22.3,71,77.3,Papaya,Sugarcane
Tamil Nadu,Dindigul,Sandy Soil,Rabi,23.6,78,322.3,Apple,Watermelon
Tamil Nadu,Dindigul,Laterite Soil,Rabi,31.5,52,286.2,Papaya,Cashew
Tamil Nadu,Dindigul,Sandy Soil,Whole Year,27.0,89,329.5,Orange,Groundnut
Tamil Nadu,Dindigul,Red Soil,Kharif,27.8,83,204.6,Jute,Groundnut
Tamil Nadu,Dindigul,Red Soil,Zaid,20.9,73,227.4,Coconut,Groundnut
Tamil Nadu,Dindigul,Black Soil,Rabi,31.9,62,215.0,Mothbeans,Jowar
Tamil Nadu,Dindigul,Loamy Soil,Zaid,24.8,67,146.2,Mothbeans,Wheat
Tamil Nadu,Dindigul,Red Soil,Zaid,24.2,52,243.8,Grapes,Groundnut
Tamil Nadu,Dindigul,Alluvial Soil,Kharif,39.3,69,32.1,Kidneybeans,Maize
Tamil Nadu,Dindigul,Red Soil,Zaid,19.1,79,32.2,Kidneybeans,Groundnut
Tamil Nadu,Dindigul,Laterite Soil,Rabi,39.8,89,71.0,Kidneybeans,Coffee
Tamil Nadu,Dindigul,Alluvial Soil,Kharif,26.3,70,139.6,Chickpea,Sugarcane
Tamil Nadu,Dindigul,Alluvial Soil,Kharif,29.7,69,189.0,Coconut,Wheat
Tamil Nadu,Dindigul,Laterite Soil,Rabi,24.4,82,142.2,Mungbean,Coffee
Tamil Nadu,Dindigul,Red Soil,Kharif,23.1,90,34.3,Blackgram,Groundnut
Tamil Nadu,Dindigul,Sandy Soil,Zaid,33.2,80,154.8,Grapes,Muskmelon
Tamil Nadu,Erode,Sandy Soil,Whole Year,21.4,74,208.7,Banana,Muskmelon
Tamil Nadu,Erode,Sandy Soil,Rabi,21.1,61,77.5,Watermelon,Muskmelon
Tamil Nadu,Erode,Laterite Soil,Whole Year,19.1,77,76.9,Mungbean,Coffee
Tamil Nadu,Erode,Sandy Soil,Kharif,35.1,57,308.1,Coconut,Watermelon
Tamil Nadu,Erode,Black Soil,Whole Year,35.7,81,42.6,Muskmelon,Cotton
Tamil Nadu,Erode,Black Soil,Rabi,39.6,56,339.2,Muskmelon,Jowar
Tamil Nadu,Erode,Loamy Soil,Whole Year,20.1,65,342.3,Mango,Maize
Tamil Nadu,Erode,Alluvial Soil,Whole Year,18.3,80,328.6,Orange,Maize
Tamil Nadu,Erode,Laterite Soil,Whole Year,24.0,49,151.7,Chickpea,Coffee
Tamil Nadu,Erode,Alluvial Soil,Kharif,32.0,88,112.0,Coconut,Sugarcane
Tamil Nadu,Erode,Laterite Soil,Zaid,19.4,88,173.3,Orange,Cashew
Tamil Nadu,Erode,Red Soil,Rabi,26.8,84,312.8,Pigeonpeas,Groundnut
Tamil Nadu,Erode,Sandy Soil,Whole Year,23.1,66,205.8,Cotton,Groundnut
Tamil Nadu,Erode,Laterite Soil,Whole Year,26.6,59,228.5,Jute,Tea
Tamil Nadu,Erode,Black Soil,Kharif,22.1,65,177.7,Cotton,Cotton
Tamil Nadu,Erode,Red Soil,Rabi,38.4,48,55.1,Pomegranate,Millets
Tamil Nadu,Erode,Loamy Soil,Rabi,30.4,69,279.1,Pomegranate,Rice
Tamil Nadu,Erode,Alluvial Soil,Whole Year,32.2,44,71.5,Rice,Wheat
Tamil Nadu,Erode,Loamy Soil,Zaid,31.7,58,240.0,Apple,Sugarcane
Tamil Nadu,Erode,Black Soil,Whole Year,29.8,49,98.1,Grapes,Soybean
Tamil Nadu,Kallakurichi,Sandy Soil,Kharif,39.3,80,71.1,Rice,Groundnut
Tamil Nadu,Kallakurichi,Laterite Soil,Rabi,26.8,93,292.5,Pomegranate,Coffee
Tamil Nadu,Kallakurichi,Laterite Soil,Rabi,20.4,66,252.8,Orange,Coffee
Tamil Nadu,Kallakurichi,Laterite Soil,Whole Year,29.3,63,298.4,Grapes,Coffee
Tamil Nadu,Kallakurichi,Red Soil,Whole Year,28.9,58,294.7,Banana,Millets
Tamil Nadu,Kallakurichi,Laterite Soil,Whole Year,34.1,63,184.4,Chickpea,Coffee
Tamil Nadu,Kallakurichi,Red Soil,Whole Year,26.9,52,116.9,Coffee,Millets
Tamil Nadu,Kallakurichi,Loamy Soil,Whole Year,29.0,74,208.5,Mungbean,Sugarcane
Tamil Nadu,Kallakurichi,Laterite Soil,Whole Year,23.3,88,181.5,Mungbean,Cashew
Tamil Nadu,Kallakurichi,Red Soil,Rabi,25.3,51,256.1,Coconut,Groundnut
Tamil Nadu,Kallakurichi,Red Soil,Zaid,23.8,80,66.2,Pomegranate,Groundnut
Tamil Nadu,Kallakurichi,Sandy Soil,Kharif,20.1,44,233.9,Grapes,Watermelon
Tamil Nadu,Kallakurichi,Black Soil,Kharif,29.6,83,113.0,Banana,Jowar
Tamil Nadu,Kallakurichi,Laterite Soil,Whole Year,23.4,50,204.1,Apple,Tea
Tamil Nadu,Kallakurichi,Red Soil,Whole Year,36.3,51,336.1,Mango,Pulses
Tamil Nadu,Kallakurichi,Alluvial Soil,Zaid,20.6,87,141.0,Coconut,Sugarcane
Tamil Nadu,Kallakurichi,Red Soil,Whole Year,28.2,73,258.1,Apple,Pulses
Tamil Nadu,Kallakurichi,Alluvial Soil,Kharif,23.1,73,336.8,Coffee,Maize
Tamil Nadu,Kallakurichi,Red Soil,Whole Year,38.5,87,247.5,Orange,Millets
Tamil Nadu,Kallakurichi,Laterite Soil,Zaid,33.7,89,238.2,Pomegranate,Coffee
Tamil Nadu,Kanchipuram,Red Soil,Rabi,38.7,77,235.4,Coconut,Groundnut
Tamil Nadu,Kanchipuram,Sandy Soil,Whole Year,35.0,62,216.1,Cotton,Muskmelon
Tamil Nadu,Kanchipuram,Red Soil,Whole Year,19.5,71,144.0,Pigeonpeas,Pulses
Tamil Nadu,Kanchipuram,Red Soil,Rabi,39.6,58,91.1,Kidneybeans,Millets
Tamil Nadu,Kanchipuram,Red Soil,Kharif,35.5,81,280.7,Chickpea,Pulses
Tamil Nadu,Kanchipuram,Black Soil,Kharif,39.7,50,134.9,Mothbeans,Soybean
Tamil Nadu,Kanchipuram,Loamy Soil,Kharif,29.2,67,200.0,Rice,Maize
Tamil Nadu,Kanchipuram,Alluvial Soil,Rabi,29.2,92,274.2,Mungbean,Rice
Tamil Nadu,Kanchipuram,Red Soil,Kharif,38.4,52,252.3,Papaya,Millets
Tamil Nadu,Kanchipuram,Alluvial Soil,Rabi,20.9,70,273.6,Banana,Rice
Tamil Nadu,Kanchipuram,Sandy Soil,Whole Year,34.6,54,322.7,Mothbeans,Muskmelon
Tamil Nadu,Kanchipuram,Sandy Soil,Zaid,20.6,63,192.8,Grapes,Watermelon
Tamil Nadu,Kanchipuram,Laterite Soil,Whole Year,18.3,59,35.6,Watermelon,Coffee
Tamil Nadu,Kanchipuram,Black Soil,Rabi,23.8,81,187.0,Pigeonpeas,Jowar
Tamil Nadu,Kanchipuram,Red Soil,Kharif,34.0,50,216.9,Lentil,Pulses
Tamil Nadu,Kanchipuram,Red Soil,Rabi,22.3,91,264.6,Mungbean,Pulses
Tamil Nadu,Kanchipuram,Laterite Soil,Zaid,20.9,50,121.9,Muskmelon,Tea
Tamil Nadu,Kanchipuram,Alluvial Soil,Kharif,38.4,44,209.8,Muskmelon,Rice
Tamil Nadu,Kanchipuram,Sandy Soil,Rabi,33.6,69,48.6,Lentil,Groundnut
Tamil Nadu,Kanchipuram,Black Soil,Whole Year,24.8,49,80.2,Maize,Jowar
Tamil Nadu,Kanyakumari,Alluvial Soil,Whole Year,28.2,68,257.7,Mothbeans,Rice
Tamil Nadu,Kanyakumari,Loamy Soil,Kharif,20.6,74,134.2,Jute,Maize
Tamil Nadu,Kanyakumari,Black Soil,Rabi,25.4,68,347.1,Jute,Cotton
Tamil Nadu,Kanyakumari,Alluvial Soil,Zaid,38.0,40,138.4,Cotton,Sugarcane
Tamil Nadu,Kanyakumari,Red Soil,Whole Year,35.5,84,242.1,Lentil,Pulses
Tamil Nadu,Kanyakumari,Laterite Soil,Zaid,37.2,75,128.6,Cotton,Coffee
Tamil Nadu,Kanyakumari,Sandy Soil,Rabi,21.6,51,182.4,Muskmelon,Watermelon
Tamil Nadu,Kanyakumari,Red Soil,Rabi,21.3,62,29.9,Kidneybeans,Groundnut
Tamil Nadu,Kanyakumari,Laterite Soil,Kharif,22.5,59,47.2,Lentil,Coffee
Tamil Nadu,Kanyakumari,Black Soil,Zaid,24.7,48,291.9,Mungbean,Cotton
Tamil Nadu,Kanyakumari,Loamy Soil,Rabi,29.5,79,139.3,Chickpea,Maize
Tamil Nadu,Kanyakumari,Alluvial Soil,Rabi,21.8,44,145.6,Rice,Maize
Tamil Nadu,Kanyakumari,Red Soil,Kharif,26.1,58,229.1,Coconut,Pulses
Tamil Nadu,Kanyakumari,Loamy Soil,Whole Year,28.7,85,164.0,Chickpea,Wheat
Tamil Nadu,Kanyakumari,Sandy Soil,Rabi,19.8,64,229.0,Apple,Groundnut
Tamil Nadu,Kanyakumari,Black Soil,Rabi,20.5,52,269.5,Pigeonpeas,Jowar
Tamil Nadu,Kanyakumari,Loamy Soil,Whole Year,36.7,50,254.7,Coffee,Maize
Tamil Nadu,Kanyakumari,Loamy Soil,Kharif,25.8,42,208.1,Rice,Rice
Tamil Nadu,Kanyakumari,Loamy Soil,Whole Year,26.2,85,183.4,Grapes,Rice
Tamil Nadu,Kanyakumari,Laterite Soil,Whole Year,33.0,63,206.9,Kidneybeans,Tea
Tamil Nadu,Karur,Laterite Soil,Kharif,27.3,61,209.3,Papaya,Tea
Tamil Nadu,Karur,Alluvial Soil,Whole Year,36.6,62,124.0,Pomegranate,Rice
Tamil Nadu,Karur,Laterite Soil,Rabi,26.0,52,174.7,Cotton,Tea
Tamil Nadu,Karur,Sandy Soil,Zaid,28.2,59,113.5,Apple,Muskmelon
Tamil Nadu,Karur,Loamy Soil,Whole Year,37.1,64,60.1,Mango,Rice
Tamil Nadu,Karur,Loamy Soil,Whole Year,20.1,77,116.7,Mango,Maize
Tamil Nadu,Karur,Alluvial Soil,Zaid,21.2,52,320.8,Rice,Sugarcane
Tamil Nadu,Karur,Laterite Soil,Whole Year,18.1,47,108.8,Muskmelon,Tea
Tamil Nadu,Karur,Red Soil,Kharif,28.0,93,198.9,Chickpea,Groundnut
Tamil Nadu,Karur,Black Soil,Whole Year,28.3,94,350.0,Papaya,Cotton
Tamil Nadu,Karur,Loamy Soil,Zaid,29.9,78,318.6,Chickpea,Maize
Tamil Nadu,Karur,Alluvial Soil,Zaid,20.4,90,231.5,Muskmelon,Rice
Tamil Nadu,Karur,Black Soil,Whole Year,36.4,47,298.6,Kidneybeans,Soybean
Tamil Nadu,Karur,Loamy Soil,Whole Year,20.9,56,268.6,Apple,Maize
Tamil Nadu,Karur,Red Soil,Rabi,24.8,57,330.6,Mothbeans,Groundnut
Tamil Nadu,Karur,Alluvial Soil,Whole Year,22.7,62,168.9,Papaya,Wheat
Tamil Nadu,Karur,Loamy Soil,Rabi,35.0,58,243.2,Pomegranate,Rice
Tamil Nadu,Karur,Alluvial Soil,Zaid,23.0,56,33.8,Orange,Rice
Tamil Nadu,Karur,Laterite Soil,Kharif,22.7,46,346.5,Rice,Cashew
Tamil Nadu,Karur,Alluvial Soil,Rabi,36.2,57,23.1,Mungbean,Rice
Tamil Nadu,Krishnagiri,Red Soil,Rabi,39.8,56,184.3,Banana,Millets
Tamil Nadu,Krishnagiri,Sandy Soil,Whole Year,21.8,94,50.4,Maize,Groundnut
Tamil Nadu,Krishnagiri,Alluvial Soil,Rabi,32.0,46,102.9,Blackgram,Maize
Tamil Nadu,Krishnagiri,Red Soil,Whole Year,31.8,50,224.0,Pomegranate,Groundnut
Tamil Nadu,Krishnagiri,Red Soil,Zaid,36.3,69,85.8,Watermelon,Millets
Tamil Nadu,Krishnagiri,Laterite Soil,Kharif,35.8,48,71.2,Banana,Coffee
Tamil Nadu,Krishnagiri,Black Soil,Zaid,21.9,49,227.0,Kidneybeans,Jowar
Tamil Nadu,Krishnagiri,Sandy Soil,Whole Year,18.8,92,240.6,Cotton,Groundnut
Tamil Nadu,Krishnagiri,Loamy Soil,Rabi,23.9,54,82.4,Rice,Rice
Tamil Nadu,Krishnagiri,Laterite Soil,Rabi,30.6,41,328.0,Maize,Cashew
Tamil Nadu,Krishnagiri,Alluvial Soil,Rabi,28.6,64,47.7,Blackgram,Sugarcane
Tamil Nadu,Krishnagiri,Black Soil,Rabi,28.7,62,239.0,Pigeonpeas,Cotton
Tamil Nadu,Krishnagiri,Alluvial Soil,Zaid,32.0,59,24.1,Muskmelon,Maize
Tamil Nadu,Krishnagiri,Red Soil,Whole Year,26.0,46,131.5,Coconut,Pulses
Tamil Nadu,Krishnagiri,Laterite Soil,Zaid,30.9,60,191.4,Kidneybeans,Tea
Tamil Nadu,Krishnagiri,Loamy Soil,Rabi,26.8,62,138.7,Banana,Maize
Tamil Nadu,Krishnagiri,Alluvial Soil,Kharif,34.5,68,32.3,Kidneybeans,Sugarcane
Tamil Nadu,Krishnagiri,Black Soil,Whole Year,20.8,54,189.7,Papaya,Jowar
Tamil Nadu,Krishnagiri,Alluvial Soil,Whole Year,24.9,77,181.8,Grapes,Sugarcane
Tamil Nadu,Krishnagiri,Laterite Soil,Kharif,36.0,42,196.6,Cotton,Tea
Tamil Nadu,Madurai,Red Soil,Kharif,30.8,95,347.7,Pigeonpeas,Millets
Tamil Nadu,Madurai,Red Soil,Zaid,33.2,40,47.6,Kidneybeans,Groundnut
Tamil Nadu,Madurai,Loamy Soil,Kharif,36.0,67,128.4,Mothbeans,Sugarcane
Tamil Nadu,Madurai,Laterite Soil,Rabi,32.7,59,23.1,Muskmelon,Cashew
Tamil Nadu,Madurai,Alluvial Soil,Zaid,19.6,53,81.6,Grapes,Rice
Tamil Nadu,Madurai,Loamy Soil,Zaid,28.2,51,45.0,Chickpea,Maize
Tamil Nadu,Madurai,Laterite Soil,Whole Year,30.6,91,311.6,Apple,Tea
Tamil Nadu,Madurai,Black Soil,Zaid,36.0,52,211.8,Grapes,Cotton
Tamil Nadu,Madurai,Loamy Soil,Whole Year,19.7,89,115.7,Rice,Maize
Tamil Nadu,Madurai,Loamy Soil,Whole Year,28.0,80,120.7,Maize,Wheat
Tamil Nadu,Madurai,Sandy Soil,Kharif,24.0,41,24.5,Watermelon,Watermelon
Tamil Nadu,Madurai,Loamy Soil,Kharif,27.0,60,74.2,Coconut,Rice
Tamil Nadu,Madurai,Sandy Soil,Kharif,32.4,56,320.9,Mungbean,Groundnut
Tamil Nadu,Madurai,Sandy Soil,Kharif,36.4,58,67.0,Mango,Watermelon
Tamil Nadu,Madurai,Sandy Soil,Zaid,36.9,85,105.5,Orange,Muskmelon
Tamil Nadu,Madurai,Laterite Soil,Zaid,20.7,88,297.6,Coconut,Cashew
Tamil Nadu,Madurai,Laterite Soil,Zaid,27.5,82,76.9,Coconut,Cashew
Tamil Nadu,Madurai,Loamy Soil,Whole Year,36.3,40,247.1,Mungbean,Maize
Tamil Nadu,Madurai,Black Soil,Rabi,23.6,41,83.4,Cotton,Jowar
Tamil Nadu,Madurai,Alluvial Soil,Kharif,28.1,78,63.9,Banana,Wheat
Tamil Nadu,Mayiladuthurai,Black Soil,Zaid,22.4,91,102.7,Blackgram,Soybean
Tamil Nadu,Mayiladuthurai,Loamy Soil,Zaid,19.0,42,347.6,Mungbean,Rice
Tamil Nadu,Mayiladuthurai,Sandy Soil,Rabi,23.1,82,132.7,Maize,Groundnut
Tamil Nadu,Mayiladuthurai,Sandy Soil,Whole Year,36.4,82,288.9,Watermelon,Watermelon
Tamil Nadu,Mayiladuthurai,Sandy Soil,Whole Year,26.7,71,253.6,Watermelon,Groundnut
Tamil Nadu,Mayiladuthurai,Red Soil,Rabi,22.3,92,259.1,Jute,Millets
Tamil Nadu,Mayiladuthurai,Loamy Soil,Zaid,18.3,82,56.6,Cotton,Maize
Tamil Nadu,Mayiladuthurai,Loamy Soil,Kharif,22.6,43,115.6,Banana,Sugarcane
Tamil Nadu,Mayiladuthurai,Alluvial Soil,Whole Year,33.2,51,294.2,Mothbeans,Rice
Tamil Nadu,Mayiladuthurai,Red Soil,Zaid,26.7,61,109.4,Pigeonpeas,Pulses
Tamil Nadu,Mayiladuthurai,Loamy Soil,Rabi,35.8,59,38.2,Banana,Rice
Tamil Nadu,Mayiladuthurai,Alluvial Soil,Whole Year,37.5,71,311.9,Orange,Maize
Tamil Nadu,Mayiladuthurai,Sandy Soil,Rabi,34.3,54,335.7,Lentil,Groundnut
Tamil Nadu,Mayiladuthurai,Loamy Soil,Whole Year,21.6,60,117.7,Mango,Wheat
Tamil Nadu,Mayiladuthurai,Black Soil,Kharif,31.4,43,189.1,Coconut,Soybean
Tamil Nadu,Mayiladuthurai,Red Soil,Zaid,26.9,57,64.6,Rice,Millets
Tamil Nadu,Mayiladuthurai,Sandy Soil,Whole Year,23.6,60,320.9,Grapes,Watermelon
Tamil Nadu,Mayiladuthurai,Black Soil,Whole Year,38.4,83,250.1,Coconut,Jowar
Tamil Nadu,Mayiladuthurai,Black Soil,Kharif,39.5,44,347.0,Blackgram,Cotton
Tamil Nadu,Mayiladuthurai,Loamy Soil,Rabi,33.7,95,307.0,Jute,Sugarcane
Tamil Nadu,Nagapattinam,Alluvial Soil,Rabi,31.8,68,233.5,Coconut,Maize
Tamil Nadu,Nagapattinam,Sandy Soil,Rabi,34.4,68,299.8,Pomegranate,Muskmelon
Tamil Nadu,Nagapattinam,Sandy Soil,Rabi,19.7,40,325.6,Muskmelon,Groundnut
Tamil Nadu,Nagapattinam,Black Soil,Zaid,35.3,66,108.6,Papaya,Cotton
Tamil Nadu,Nagapattinam,Red Soil,Zaid,24.6,79,75.7,Coconut,Pulses
Tamil Nadu,Nagapattinam,Black Soil,Zaid,23.5,90,347.2,Blackgram,Cotton
Tamil Nadu,Nagapattinam,Red Soil,Zaid,27.1,49,23.0,Lentil,Groundnut
Tamil Nadu,Nagapattinam,Black Soil,Rabi,29.8,59,68.8,Muskmelon,Soybean
Tamil Nadu,Nagapattinam,Black Soil,Zaid,18.4,58,202.2,Papaya,Soybean
Tamil Nadu,Nagapattinam,Laterite Soil,Kharif,37.9,44,195.1,Blackgram,Tea
Tamil Nadu,Nagapattinam,Sandy Soil,Kharif,33.8,79,214.9,Kidneybeans,Groundnut
Tamil Nadu,Nagapattinam,Black Soil,Whole Year,32.9,43,27.0,Jute,Soybean
Tamil Nadu,Nagapattinam,Loamy Soil,Rabi,27.6,95,54.6,Grapes,Wheat
Tamil Nadu,Nagapattinam,Red Soil,Kharif,27.3,63,206.7,Rice,Groundnut
Tamil Nadu,Nagapattinam,Black Soil,Kharif,19.2,60,228.8,Jute,Soybean
Tamil Nadu,Nagapattinam,Loamy Soil,Zaid,23.4,94,59.3,Blackgram,Sugarcane
Tamil Nadu,Nagapattinam,Black Soil,Whole Year,24.3,90,239.9,Kidneybeans,Jowar
Tamil Nadu,Nagapattinam,Black Soil,Rabi,25.5,78,346.2,Blackgram,Soybean
Tamil Nadu,Nagapattinam,Loamy Soil,Kharif,34.9,79,26.6,Orange,Maize
Tamil Nadu,Nagapattinam,Loamy Soil,Whole Year,20.3,75,231.1,Blackgram,Rice
Tamil Nadu,Namakkal,Laterite Soil,Zaid,25.8,47,224.8,Grapes,Tea
Tamil Nadu,Namakkal,Laterite Soil,Whole Year,21.5,70,276.4,Orange,Coffee
Tamil Nadu,Namakkal,Black Soil,Whole Year,24.6,57,91.5,Grapes,Jowar
Tamil Nadu,Namakkal,Sandy Soil,Kharif,31.6,79,123.5,Chickpea,Groundnut
Tamil Nadu,Namakkal,Laterite Soil,Whole Year,33.3,83,210.9,Muskmelon,Coffee
Tamil Nadu,Namakkal,Red Soil,Rabi,23.7,76,250.3,Rice,Pulses
Tamil Nadu,Namakkal,Laterite Soil,Zaid,23.8,79,296.5,Coffee,Cashew
Tamil Nadu,Namakkal,Loamy Soil,Whole Year,38.5,44,192.5,Apple,Rice
Tamil Nadu,Namakkal,Alluvial Soil,Rabi,19.7,87,195.9,Mothbeans,Rice
Tamil Nadu,Namakkal,Sandy Soil,Whole Year,31.3,50,227.2,Banana,Watermelon
Tamil Nadu,Namakkal,Loamy Soil,Kharif,28.4,92,200.3,Watermelon,Wheat
Tamil Nadu,Namakkal,Loamy Soil,Zaid,34.4,58,318.2,Coffee,Sugarcane
Tamil Nadu,Namakkal,Black Soil,Kharif,29.2,45,302.7,Mungbean,Soybean
Tamil Nadu,Namakkal,Loamy Soil,Whole Year,21.7,76,103.6,Papaya,Maize
Tamil Nadu,Namakkal,Black Soil,Kharif,19.7,61,308.8,Apple,Jowar
Tamil Nadu,Namakkal,Alluvial Soil,Rabi,35.8,70,298.6,Watermelon,Wheat
Tamil Nadu,Namakkal,Red Soil,Rabi,39.7,69,326.8,Banana,Pulses
Tamil Nadu,Namakkal,Laterite Soil,Rabi,31.8,68,296.5,Orange,Cashew
Tamil Nadu,Namakkal,Red Soil,Zaid,21.2,44,228.6,Banana,Millets
Tamil Nadu,Namakkal,Laterite Soil,Kharif,22.4,83,139.3,Banana,Tea
Tamil Nadu,Nilgiris,Alluvial Soil,Zaid,39.4,80,104.1,Maize,Sugarcane
Tamil Nadu,Nilgiris,Alluvial Soil,Kharif,34.7,89,95.4,Coconut,Sugarcane
Tamil Nadu,Nilgiris,Sandy Soil,Kharif,20.3,54,333.8,Grapes,Watermelon
Tamil Nadu,Nilgiris,Sandy Soil,Whole Year,22.4,85,326.1,Watermelon,Watermelon
Tamil Nadu,Nilgiris,Sandy Soil,Rabi,26.8,45,144.7,Maize,Watermelon
Tamil Nadu,Nilgiris,Loamy Soil,Rabi,18.6,72,140.7,Pigeonpeas,Wheat
Tamil Nadu,Nilgiris,Black Soil,Whole Year,25.0,57,240.8,Watermelon,Soybean
Tamil Nadu,Nilgiris,Red Soil,Kharif,19.9,47,40.0,Blackgram,Groundnut
Tamil Nadu,Nilgiris,Black Soil,Whole Year,18.2,41,265.1,Rice,Soybean
Tamil Nadu,Nilgiris,Alluvial Soil,Kharif,20.6,94,96.7,Mothbeans,Wheat
Tamil Nadu,Nilgiris,Alluvial Soil,Whole Year,36.8,82,155.4,Mothbeans,Wheat
Tamil Nadu,Nilgiris,Black Soil,Whole Year,37.4,92,277.9,Jute,Jowar
Tamil Nadu,Nilgiris,Red Soil,Zaid,33.7,55,296.8,Mungbean,Groundnut
Tamil Nadu,Nilgiris,Alluvial Soil,Rabi,30.4,73,166.6,Pomegranate,Wheat
Tamil Nadu,Nilgiris,Red Soil,Whole Year,27.9,73,25.5,Apple,Groundnut
Tamil Nadu,Nilgiris,Sandy Soil,Kharif,32.2,89,181.3,Cotton,Groundnut
Tamil Nadu,Nilgiris,Sandy Soil,Zaid,28.9,76,334.0,Coffee,Groundnut
Tamil Nadu,Nilgiris,Black Soil,Zaid,32.4,79,188.1,Papaya,Soybean
Tamil Nadu,Nilgiris,Loamy Soil,Zaid,21.1,68,276.9,Orange,Rice
Tamil Nadu,Nilgiris,Sandy Soil,Kharif,34.8,68,77.7,Chickpea,Watermelon
Tamil Nadu,Perambalur,Alluvial Soil,Whole Year,39.3,59,259.0,Mango,Sugarcane
Tamil Nadu,Perambalur,Sandy Soil,Kharif,35.6,87,90.1,Rice,Watermelon
Tamil Nadu,Perambalur,Red Soil,Whole Year,32.6,48,50.3,Mango,Pulses
Tamil Nadu,Perambalur,Black Soil,Kharif,18.6,85,259.6,Kidneybeans,Soybean
Tamil Nadu,Perambalur,Loamy Soil,Kharif,24.0,52,236.8,Pomegranate,Sugarcane
Tamil Nadu,Perambalur,Loamy Soil,Zaid,38.4,50,208.8,Pomegranate,Wheat
Tamil Nadu,Perambalur,Laterite Soil,Rabi,27.1,66,195.7,Banana,Tea
Tamil Nadu,Perambalur,Black Soil,Zaid,21.8,60,114.3,Coconut,Jowar
Tamil Nadu,Perambalur,Black Soil,Rabi,37.0,81,154.4,Pigeonpeas,Soybean
Tamil Nadu,Perambalur,Sandy Soil,Zaid,18.4,81,117.5,Mothbeans,Muskmelon
Tamil Nadu,Perambalur,Red Soil,Zaid,27.8,43,105.6,Pigeonpeas,Groundnut
Tamil Nadu,Perambalur,Alluvial Soil,Whole Year,25.5,51,290.7,Kidneybeans,Sugarcane
Tamil Nadu,Perambalur,Laterite Soil,Whole Year,39.8,72,68.1,Cotton,Coffee
Tamil Nadu,Perambalur,Loamy Soil,Rabi,22.5,55,246.2,Orange,Sugarcane
Tamil Nadu,Perambalur,Sandy Soil,Rabi,38.6,55,51.1,Papaya,Muskmelon
Tamil Nadu,Perambalur,Red Soil,Zaid,25.2,80,179.6,Coconut,Millets
Tamil Nadu,Perambalur,Black Soil,Rabi,18.7,64,321.5,Muskmelon,Jowar
Tamil Nadu,Perambalur,Loamy Soil,Whole Year,23.1,90,320.4,Orange,Rice
Tamil Nadu,Perambalur,Laterite Soil,Zaid,29.3,86,235.0,Pigeonpeas,Coffee
Tamil Nadu,Perambalur,Loamy Soil,Zaid,38.9,78,120.2,Rice,Maize
Tamil Nadu,Pudukkottai,Black Soil,Zaid,27.0,81,25.6,Pigeonpeas,Soybean
Tamil Nadu,Pudukkottai,Laterite Soil,Zaid,20.7,55,220.6,Kidneybeans,Coffee
Tamil Nadu,Pudukkottai,Alluvial Soil,Rabi,30.1,51,76.9,Blackgram,Maize
Tamil Nadu,Pudukkottai,Red Soil,Kharif,22.4,66,212.4,Coffee,Millets
Tamil Nadu,Pudukkottai,Loamy Soil,Whole Year,39.4,79,115.0,Blackgram,Maize
Tamil Nadu,Pudukkottai,Loamy Soil,Kharif,22.3,51,199.7,Coconut,Sugarcane
Tamil Nadu,Pudukkottai,Red Soil,Zaid,18.4,78,312.6,Pigeonpeas,Millets
Tamil Nadu,Pudukkottai,Sandy Soil,Whole Year,25.6,62,142.5,Papaya,Watermelon
Tamil Nadu,Pudukkottai,Red Soil,Zaid,27.6,48,227.1,Pigeonpeas,Millets
Tamil Nadu,Pudukkottai,Laterite Soil,Rabi,23.0,83,86.1,Watermelon,Coffee
Tamil Nadu,Pudukkottai,Laterite Soil,Whole Year,30.4,79,80.0,Apple,Coffee
Tamil Nadu,Pudukkottai,Laterite Soil,Zaid,29.3,94,278.5,Pomegranate,Coffee
Tamil Nadu,Pudukkottai,Loamy Soil,Kharif,37.0,76,155.1,Rice,Rice
Tamil Nadu,Pudukkottai,Loamy Soil,Zaid,30.6,41,75.6,Pomegranate,Rice
Tamil Nadu,Pudukkottai,Sandy Soil,Kharif,32.7,95,307.7,Mungbean,Watermelon
Tamil Nadu,Pudukkottai,Laterite Soil,Rabi,25.3,64,207.6,Watermelon,Coffee
Tamil Nadu,Pudukkottai,Red Soil,Rabi,27.7,54,296.6,Muskmelon,Pulses
Tamil Nadu,Pudukkottai,Red Soil,Kharif,32.7,47,116.2,Muskmelon,Groundnut
Tamil Nadu,Pudukkottai,Sandy Soil,Rabi,28.2,44,301.0,Pomegranate,Groundnut
Tamil Nadu,Pudukkottai,Laterite Soil,Whole Year,38.1,95,307.4,Coconut,Tea
Tamil Nadu,Ramanathapuram,Laterite Soil,Rabi,39.0,45,259.0,Mothbeans,Cashew
Tamil Nadu,Ramanathapuram,Loamy Soil,Kharif,27.4,90,235.7,Blackgram,Rice
Tamil Nadu,Ramanathapuram,Laterite Soil,Kharif,23.4,56,300.2,Jute,Cashew
Tamil Nadu,Ramanathapuram,Laterite Soil,Whole Year,32.2,90,312.2,Rice,Cashew
Tamil Nadu,Ramanathapuram,Black Soil,Kharif,39.6,70,297.4,Jute,Soybean
Tamil Nadu,Ramanathapuram,Red Soil,Zaid,28.0,77,41.9,Chickpea,Millets
Tamil Nadu,Ramanathapuram,Sandy Soil,Whole Year,25.0,48,337.6,Maize,Groundnut
Tamil Nadu,Ramanathapuram,Alluvial Soil,Whole Year,22.7,71,54.6,Mungbean,Wheat
Tamil Nadu,Ramanathapuram,Alluvial Soil,Kharif,29.6,56,80.6,Muskmelon,Wheat
Tamil Nadu,Ramanathapuram,Sandy Soil,Zaid,23.2,92,220.8,Blackgram,Muskmelon
Tamil Nadu,Ramanathapuram,Alluvial Soil,Rabi,22.2,44,140.8,Jute,Wheat
Tamil Nadu,Ramanathapuram,Sandy Soil,Rabi,19.7,51,69.1,Maize,Watermelon
Tamil Nadu,Ramanathapuram,Loamy Soil,Whole Year,22.1,59,318.1,Jute,Maize
Tamil Nadu,Ramanathapuram,Sandy Soil,Kharif,20.6,91,241.1,Coconut,Groundnut
Tamil Nadu,Ramanathapuram,Black Soil,Zaid,20.9,56,164.0,Grapes,Jowar
Tamil Nadu,Ramanathapuram,Red Soil,Rabi,24.2,94,214.2,Coconut,Pulses
Tamil Nadu,Ramanathapuram,Red Soil,Kharif,25.3,53,46.4,Pigeonpeas,Millets
Tamil Nadu,Ramanathapuram,Black Soil,Zaid,39.2,71,78.9,Jute,Jowar
Tamil Nadu,Ramanathapuram,Black Soil,Kharif,27.4,55,321.2,Apple,Soybean
Tamil Nadu,Ramanathapuram,Black Soil,Zaid,27.9,79,250.1,Mothbeans,Jowar
Tamil Nadu,Ranipet,Loamy Soil,Kharif,31.8,64,121.4,Lentil,Rice
Tamil Nadu,Ranipet,Red Soil,Zaid,28.2,80,198.1,Mungbean,Pulses
Tamil Nadu,Ranipet,Black Soil,Whole Year,22.2,67,178.1,Pigeonpeas,Jowar
Tamil Nadu,Ranipet,Laterite Soil,Rabi,22.0,69,326.8,Pigeonpeas,Coffee
Tamil Nadu,Ranipet,Black Soil,Whole Year,36.6,78,77.5,Maize,Soybean
Tamil Nadu,Ranipet,Sandy Soil,Kharif,28.6,56,281.3,Papaya,Groundnut
Tamil Nadu,Ranipet,Alluvial Soil,Zaid,32.3,60,148.8,Apple,Maize
Tamil Nadu,Ranipet,Laterite Soil,Whole Year,35.0,69,259.8,Mungbean,Tea
Tamil Nadu,Ranipet,Sandy Soil,Kharif,37.6,63,221.4,Pomegranate,Muskmelon
Tamil Nadu,Ranipet,Red Soil,Rabi,32.4,75,194.1,Mango,Pulses
Tamil Nadu,Ranipet,Black Soil,Whole Year,36.0,77,313.0,Blackgram,Soybean
Tamil Nadu,Ranipet,Red Soil,Whole Year,19.7,87,168.7,Grapes,Pulses
Tamil Nadu,Ranipet,Laterite Soil,Rabi,30.2,45,153.2,Banana,Cashew
Tamil Nadu,Ranipet,Alluvial Soil,Rabi,32.8,67,170.7,Mungbean,Rice
Tamil Nadu,Ranipet,Black Soil,Kharif,27.9,84,77.4,Lentil,Soybean
Tamil Nadu,Ranipet,Black Soil,Zaid,39.6,93,300.0,Coffee,Soybean
Tamil Nadu,Ranipet,Black Soil,Zaid,31.5,66,176.3,Orange,Soybean
Tamil Nadu,Ranipet,Black Soil,Zaid,36.0,53,272.8,Cotton,Cotton
Tamil Nadu,Ranipet,Alluvial Soil,Whole Year,25.7,41,318.1,Banana,Sugarcane
Tamil Nadu,Ranipet,Alluvial Soil,Whole Year,33.6,77,67.8,Coffee,Rice
Tamil Nadu,Salem,Red Soil,Zaid,34.2,92,152.5,Chickpea,Groundnut
Tamil Nadu,Salem,Black Soil,Kharif,30.7,89,197.5,Apple,Jowar
Tamil Nadu,Salem,Laterite Soil,Whole Year,38.3,93,245.4,Watermelon,Coffee
Tamil Nadu,Salem,Sandy Soil,Rabi,39.3,48,139.3,Rice,Groundnut
Tamil Nadu,Salem,Red Soil,Rabi,38.6,62,60.1,Cotton,Millets
Tamil Nadu,Salem,Red Soil,Zaid,37.6,82,242.7,Muskmelon,Pulses
Tamil Nadu,Salem,Loamy Soil,Whole Year,34.9,67,155.1,Coconut,Rice
Tamil Nadu,Salem,Loamy Soil,Zaid,30.1,77,132.9,Muskmelon,Rice
Tamil Nadu,Salem,Black Soil,Kharif,22.6,72,31.0,Rice,Jowar
Tamil Nadu,Salem,Laterite Soil,Zaid,20.7,92,273.4,Coffee,Tea
Tamil Nadu,Salem,Loamy Soil,Whole Year,36.6,82,88.7,Orange,Sugarcane
Tamil Nadu,Salem,Black Soil,Zaid,25.9,53,337.4,Chickpea,Soybean
Tamil Nadu,Salem,Laterite Soil,Whole Year,31.8,86,226.2,Muskmelon,Tea
Tamil Nadu,Salem,Red Soil,Kharif,32.6,47,169.4,Cotton,Millets
Tamil Nadu,Salem,Alluvial Soil,Rabi,31.8,44,256.7,Grapes,Rice
Tamil Nadu,Salem,Black Soil,Kharif,20.4,71,211.2,Maize,Jowar
Tamil Nadu,Salem,Loamy Soil,Zaid,26.5,66,64.4,Jute,Rice
Tamil Nadu,Salem,Alluvial Soil,Zaid,31.0,79,207.1,Mango,Rice
Tamil Nadu,Salem,Red Soil,Zaid,23.8,59,124.0,Muskmelon,Millets
Tamil Nadu,Salem,Loamy Soil,Zaid,25.2,55,226.9,Mango,Wheat
Tamil Nadu,Sivaganga,Red Soil,Kharif,24.1,59,255.9,Cotton,Groundnut
Tamil Nadu,Sivaganga,Laterite Soil,Kharif,19.7,53,69.1,Watermelon,Tea
Tamil Nadu,Sivaganga,Red Soil,Whole Year,29.4,51,206.0,Watermelon,Pulses
Tamil Nadu,Sivaganga,Loamy Soil,Rabi,18.6,78,51.4,Lentil,Wheat
Tamil Nadu,Sivaganga,Black Soil,Rabi,29.1,40,157.5,Rice,Soybean
Tamil Nadu,Sivaganga,Alluvial Soil,Zaid,30.3,85,102.4,Pigeonpeas,Rice
Tamil Nadu,Sivaganga,Laterite Soil,Rabi,21.8,63,89.2,Maize,Tea
Tamil Nadu,Sivaganga,Loamy Soil,Rabi,39.6,61,122.9,Kidneybeans,Rice
Tamil Nadu,Sivaganga,Alluvial Soil,Whole Year,29.1,72,154.4,Grapes,Rice
Tamil Nadu,Sivaganga,Red Soil,Kharif,21.4,89,46.7,Coconut,Groundnut
Tamil Nadu,Sivaganga,Alluvial Soil,Kharif,19.2,91,271.9,Muskmelon,Maize
Tamil Nadu,Sivaganga,Sandy Soil,Zaid,34.5,52,42.0,Mango,Watermelon
Tamil Nadu,Sivaganga,Black Soil,Zaid,21.0,71,348.0,Apple,Jowar
Tamil Nadu,Sivaganga,Alluvial Soil,Rabi,32.8,62,156.4,Blackgram,Sugarcane
Tamil Nadu,Sivaganga,Black Soil,Whole Year,26.4,78,322.7,Orange,Jowar
Tamil Nadu,Sivaganga,Red Soil,Whole Year,36.0,71,296.7,Mango,Pulses
Tamil Nadu,Sivaganga,Red Soil,Whole Year,36.3,87,219.2,Maize,Pulses
Tamil Nadu,Sivaganga,Loamy Soil,Whole Year,36.0,69,58.8,Pomegranate,Maize
Tamil Nadu,Sivaganga,Sandy Soil,Kharif,37.1,71,183.4,Orange,Groundnut
Tamil Nadu,Sivaganga,Laterite Soil,Zaid,31.3,52,200.6,Blackgram,Coffee
Tamil Nadu,Tenkasi,Laterite Soil,Rabi,38.9,45,55.3,Muskmelon,Cashew
Tamil Nadu,Tenkasi,Alluvial Soil,Whole Year,24.1,60,64.8,Maize,Sugarcane
Tamil Nadu,Tenkasi,Loamy Soil,Zaid,26.8,40,232.1,Watermelon,Rice
Tamil Nadu,Tenkasi,Sandy Soil,Whole Year,21.9,62,179.7,Jute,Muskmelon
Tamil Nadu,Tenkasi,Sandy Soil,Zaid,32.6,83,249.5,Mothbeans,Watermelon
Tamil Nadu,Tenkasi,Red Soil,Rabi,18.9,76,151.4,Muskmelon,Pulses
Tamil Nadu,Tenkasi,Laterite Soil,Zaid,32.1,85,96.6,Jute,Cashew
Tamil Nadu,Tenkasi,Loamy Soil,Rabi,29.4,69,338.7,Cotton,Rice
Tamil Nadu,Tenkasi,Alluvial Soil,Rabi,29.5,40,120.5,Maize,Rice
Tamil Nadu,Tenkasi,Red Soil,Whole Year,30.9,48,243.4,Chickpea,Groundnut
Tamil Nadu,Tenkasi,Black Soil,Rabi,34.9,53,87.4,Mungbean,Cotton
Tamil Nadu,Tenkasi,Sandy Soil,Rabi,23.5,92,348.3,Banana,Watermelon
Tamil Nadu,Tenkasi,Laterite Soil,Kharif,29.2,53,256.4,Orange,Tea
Tamil Nadu,Tenkasi,Sandy Soil,Whole Year,25.3,69,37.9,Muskmelon,Muskmelon
Tamil Nadu,Tenkasi,Red Soil,Kharif,26.4,88,214.1,Mothbeans,Pulses
Tamil Nadu,Tenkasi,Loamy Soil,Kharif,30.1,61,186.2,Orange,Maize
Tamil Nadu,Tenkasi,Alluvial Soil,Whole Year,20.4,43,48.3,Orange,Wheat
Tamil Nadu,Tenkasi,Red Soil,Kharif,20.4,46,194.7,Lentil,Pulses
Tamil Nadu,Tenkasi,Black Soil,Whole Year,30.7,43,244.1,Cotton,Jowar
Tamil Nadu,Tenkasi,Alluvial Soil,Whole Year,33.0,51,136.4,Cotton,Rice
Tamil Nadu,Thanjavur,Sandy Soil,Kharif,24.9,50,238.5,Maize,Watermelon
Tamil Nadu,Thanjavur,Sandy Soil,Kharif,34.4,74,97.8,Watermelon,Watermelon
Tamil Nadu,Thanjavur,Sandy Soil,Rabi,28.8,64,120.9,Blackgram,Groundnut
Tamil Nadu,Thanjavur,Loamy Soil,Zaid,25.3,40,195.6,Watermelon,Maize
Tamil Nadu,Thanjavur,Black Soil,Whole Year,38.8,87,234.3,Banana,Cotton
Tamil Nadu,Thanjavur,Loamy Soil,Zaid,31.3,68,275.0,Kidneybeans,Rice
Tamil Nadu,Thanjavur,Sandy Soil,Rabi,18.1,72,224.2,Pomegranate,Muskmelon
Tamil Nadu,Thanjavur,Black Soil,Rabi,24.0,94,176.1,Maize,Cotton
Tamil Nadu,Thanjavur,Red Soil,Whole Year,28.2,82,337.7,Coffee,Groundnut
Tamil Nadu,Thanjavur,Alluvial Soil,Whole Year,23.6,62,80.1,Lentil,Sugarcane
Tamil Nadu,Thanjavur,Black Soil,Whole Year,30.8,42,289.9,Muskmelon,Cotton
Tamil Nadu,Thanjavur,Sandy Soil,Whole Year,34.5,43,304.4,Coffee,Muskmelon
Tamil Nadu,Thanjavur,Sandy Soil,Rabi,31.2,56,166.0,Apple,Watermelon
Tamil Nadu,Thanjavur,Loamy Soil,Rabi,35.0,68,70.1,Mungbean,Wheat
Tamil Nadu,Thanjavur,Sandy Soil,Whole Year,31.9,63,209.2,Chickpea,Groundnut
Tamil Nadu,Thanjavur,Alluvial Soil,Kharif,29.6,84,90.1,Mungbean,Wheat
Tamil Nadu,Thanjavur,Alluvial Soil,Rabi,37.4,54,347.4,Mango,Wheat
Tamil Nadu,Thanjavur,Black Soil,Rabi,23.0,71,67.0,Banana,Cotton
Tamil Nadu,Thanjavur,Laterite Soil,Whole Year,18.6,60,74.5,Cotton,Coffee
Tamil Nadu,Thanjavur,Sandy Soil,Kharif,36.2,83,45.8,Cotton,Groundnut
Tamil Nadu,Theni,Black Soil,Rabi,22.0,87,71.4,Pigeonpeas,Soybean
Tamil Nadu,Theni,Red Soil,Zaid,26.8,49,336.5,Mothbeans,Groundnut
Tamil Nadu,Theni,Red Soil,Rabi,25.9,44,291.3,Pigeonpeas,Millets
Tamil Nadu,Theni,Black Soil,Kharif,30.0,85,57.4,Pomegranate,Soybean
Tamil Nadu,Theni,Alluvial Soil,Zaid,30.5,56,51.1,Pigeonpeas,Maize
Tamil Nadu,Theni,Sandy Soil,Rabi,22.5,71,83.7,Maize,Watermelon
Tamil Nadu,Theni,Laterite Soil,Kharif,27.8,44,162.0,Banana,Cashew
Tamil Nadu,Theni,Red Soil,Whole Year,33.8,80,89.0,Lentil,Pulses
Tamil Nadu,Theni,Laterite Soil,Kharif,30.9,75,289.7,Lentil,Cashew
Tamil Nadu,Theni,Loamy Soil,Rabi,35.1,49,153.1,Coffee,Maize
Tamil Nadu,Theni,Sandy Soil,Zaid,18.4,65,77.1,Chickpea,Groundnut
Tamil Nadu,Theni,Loamy Soil,Zaid,35.2,49,139.6,Muskmelon,Wheat
Tamil Nadu,Theni,Black Soil,Rabi,18.6,59,25.3,Pigeonpeas,Cotton
Tamil Nadu,Theni,Alluvial Soil,Kharif,35.8,72,132.9,Blackgram,Wheat
Tamil Nadu,Theni,Black Soil,Whole Year,28.2,53,77.1,Mungbean,Cotton
Tamil Nadu,Theni,Red Soil,Zaid,32.5,88,348.6,Chickpea,Pulses
Tamil Nadu,Theni,Sandy Soil,Rabi,32.6,64,326.6,Jute,Muskmelon
Tamil Nadu,Theni,Loamy Soil,Zaid,31.6,94,231.8,Muskmelon,Sugarcane
Tamil Nadu,Theni,Black Soil,Whole Year,33.5,79,190.9,Apple,Soybean
Tamil Nadu,Theni,Loamy Soil,Rabi,39.0,41,118.9,Banana,Maize
Tamil Nadu,Thoothukudi,Sandy Soil,Whole Year,27.6,60,154.7,Orange,Muskmelon
Tamil Nadu,Thoothukudi,Laterite Soil,Rabi,27.8,80,163.0,Pomegranate,Tea
Tamil Nadu,Thoothukudi,Laterite Soil,Rabi,20.3,55,122.4,Pomegranate,Coffee
Tamil Nadu,Thoothukudi,Black Soil,Zaid,23.6,54,129.9,Cotton,Jowar
Tamil Nadu,Thoothukudi,Black Soil,Rabi,20.4,57,266.0,Cotton,Jowar
Tamil Nadu,Thoothukudi,Sandy Soil,Zaid,22.0,51,116.0,Grapes,Groundnut
Tamil Nadu,Thoothukudi,Laterite Soil,Zaid,20.9,56,53.1,Blackgram,Coffee
Tamil Nadu,Thoothukudi,Alluvial Soil,Rabi,34.1,47,185.9,Orange,Wheat
Tamil Nadu,Thoothukudi,Laterite Soil,Kharif,28.3,89,205.1,Muskmelon,Tea
Tamil Nadu,Thoothukudi,Sandy Soil,Whole Year,36.6,64,233.8,Rice,Watermelon
Tamil Nadu,Thoothukudi,Laterite Soil,Kharif,32.2,75,150.6,Coconut,Coffee
Tamil Nadu,Thoothukudi,Black Soil,Rabi,27.2,63,136.7,Mango,Jowar
Tamil Nadu,Thoothukudi,Black Soil,Rabi,29.1,64,280.9,Muskmelon,Cotton
Tamil Nadu,Thoothukudi,Alluvial Soil,Rabi,33.5,89,221.7,Grapes,Sugarcane
Tamil Nadu,Thoothukudi,Sandy Soil,Rabi,36.1,45,83.6,Rice,Watermelon
Tamil Nadu,Thoothukudi,Laterite Soil,Whole Year,36.3,51,77.6,Pomegranate,Tea
Tamil Nadu,Thoothukudi,Black Soil,Zaid,26.8,94,165.7,Lentil,Soybean
Tamil Nadu,Thoothukudi,Alluvial Soil,Kharif,33.4,76,243.6,Papaya,Sugarcane
Tamil Nadu,Thoothukudi,Loamy Soil,Kharif,23.6,44,206.1,Jute,Maize
Tamil Nadu,Thoothukudi,Black Soil,Rabi,39.1,86,319.8,Coconut,Soybean
Tamil Nadu,Tiruchirappalli,Sandy Soil,Whole Year,30.5,72,157.8,Jute,Groundnut
Tamil Nadu,Tiruchirappalli,Red Soil,Zaid,33.1,47,287.0,Lentil,Millets
Tamil Nadu,Tiruchirappalli,Alluvial Soil,Zaid,28.2,60,63.9,Muskmelon,Maize
Tamil Nadu,Tiruchirappalli,Black Soil,Rabi,34.2,55,257.6,Grapes,Jowar
Tamil Nadu,Tiruchirappalli,Sandy Soil,Zaid,38.1,48,65.9,Lentil,Muskmelon
Tamil Nadu,Tiruchirappalli,Alluvial Soil,Rabi,29.0,57,344.6,Apple,Maize
Tamil Nadu,Tiruchirappalli,Sandy Soil,Rabi,29.3,42,246.0,Maize,Watermelon
Tamil Nadu,Tiruchirappalli,Loamy Soil,Rabi,23.3,47,309.2,Orange,Maize
Tamil Nadu,Tiruchirappalli,Laterite Soil,Whole Year,38.5,67,226.8,Watermelon,Tea
Tamil Nadu,Tiruchirappalli,Alluvial Soil,Kharif,37.3,72,144.8,Apple,Rice
Tamil Nadu,Tiruchirappalli,Laterite Soil,Kharif,31.8,58,54.6,Pomegranate,Coffee
Tamil Nadu,Tiruchirappalli,Laterite Soil,Whole Year,26.6,69,243.9,Apple,Coffee
Tamil Nadu,Tiruchirappalli,Laterite Soil,Whole Year,36.2,76,108.8,Jute,Coffee
Tamil Nadu,Tiruchirappalli,Loamy Soil,Zaid,32.1,94,134.4,Blackgram,Sugarcane
Tamil Nadu,Tiruchirappalli,Alluvial Soil,Kharif,25.4,58,73.1,Coconut,Sugarcane
Tamil Nadu,Tiruchirappalli,Sandy Soil,Rabi,32.3,68,149.2,Pigeonpeas,Groundnut
Tamil Nadu,Tiruchirappalli,Loamy Soil,Kharif,19.8,65,192.5,Maize,Maize
Tamil Nadu,Tiruchirappalli,Alluvial Soil,Rabi,32.0,53,306.1,Cotton,Rice
Tamil Nadu,Tiruchirappalli,Black Soil,Zaid,36.5,66,310.9,Jute,Jowar
Tamil Nadu,Tiruchirappalli,Black Soil,Rabi,28.5,78,54.0,Apple,Jowar
Tamil Nadu,Tirunelveli,Black Soil,Zaid,23.8,89,31.0,Papaya,Cotton
Tamil Nadu,Tirunelveli,Black Soil,Zaid,31.7,78,276.5,Watermelon,Cotton
Tamil Nadu,Tirunelveli,Red Soil,Kharif,38.4,89,341.4,Papaya,Groundnut
Tamil Nadu,Tirunelveli,Laterite Soil,Rabi,39.7,76,85.4,Lentil,Tea
Tamil Nadu,Tirunelveli,Alluvial Soil,Kharif,29.8,61,321.9,Orange,Maize
Tamil Nadu,Tirunelveli,Sandy Soil,Kharif,40.0,49,81.4,Blackgram,Muskmelon
Tamil Nadu,Tirunelveli,Black Soil,Whole Year,28.8,88,133.9,Banana,Soybean
Tamil Nadu,Tirunelveli,Laterite Soil,Zaid,36.9,79,20.0,Watermelon,Cashew
Tamil Nadu,Tirunelveli,Red Soil,Kharif,21.5,52,262.3,Mothbeans,Groundnut
Tamil Nadu,Tirunelveli,Alluvial Soil,Zaid,19.2,91,108.6,Papaya,Rice
Tamil Nadu,Tirunelveli,Alluvial Soil,Rabi,18.8,50,262.1,Blackgram,Rice
Tamil Nadu,Tirunelveli,Loamy Soil,Rabi,22.0,74,213.0,Mothbeans,Wheat
Tamil Nadu,Tirunelveli,Sandy Soil,Whole Year,26.0,48,40.6,Jute,Watermelon
Tamil Nadu,Tirunelveli,Laterite Soil,Rabi,23.4,81,313.2,Blackgram,Cashew
Tamil Nadu,Tirunelveli,Sandy Soil,Zaid,20.9,74,344.0,Coffee,Groundnut
Tamil Nadu,Tirunelveli,Loamy Soil,Whole Year,25.9,63,247.7,Lentil,Maize
Tamil Nadu,Tirunelveli,Sandy Soil,Rabi,25.0,84,309.0,Pomegranate,Muskmelon
Tamil Nadu,Tirunelveli,Black Soil,Rabi,21.8,81,57.3,Rice,Jowar
Tamil Nadu,Tirunelveli,Red Soil,Kharif,35.8,72,76.2,Jute,Millets
Tamil Nadu,Tirunelveli,Red Soil,Whole Year,25.2,88,233.0,Jute,Millets
Tamil Nadu,Tirupathur,Sandy Soil,Zaid,21.1,57,267.1,Maize,Watermelon
Tamil Nadu,Tirupathur,Alluvial Soil,Whole Year,32.5,47,242.4,Chickpea,Sugarcane
Tamil Nadu,Tirupathur,Black Soil,Whole Year,22.5,46,157.4,Mungbean,Cotton
Tamil Nadu,Tirupathur,Red Soil,Rabi,27.1,48,36.2,Kidneybeans,Millets
Tamil Nadu,Tirupathur,Sandy Soil,Rabi,33.9,74,178.2,Lentil,Muskmelon
Tamil Nadu,Tirupathur,Alluvial Soil,Rabi,31.6,43,174.3,Orange,Sugarcane
Tamil Nadu,Tirupathur,Laterite Soil,Kharif,40.0,47,93.8,Apple,Coffee
Tamil Nadu,Tirupathur,Laterite Soil,Whole Year,27.0,78,295.2,Rice,Coffee
Tamil Nadu,Tirupathur,Laterite Soil,Zaid,31.5,41,228.1,Papaya,Coffee
Tamil Nadu,Tirupathur,Red Soil,Rabi,37.8,91,323.0,Lentil,Pulses
Tamil Nadu,Tirupathur,Black Soil,Kharif,18.5,56,297.5,Mothbeans,Soybean
Tamil Nadu,Tirupathur,Alluvial Soil,Zaid,18.1,75,170.6,Banana,Sugarcane
Tamil Nadu,Tirupathur,Laterite Soil,Rabi,29.0,76,308.8,Papaya,Coffee
Tamil Nadu,Tirupathur,Sandy Soil,Kharif,23.8,43,345.5,Pigeonpeas,Groundnut
Tamil Nadu,Tirupathur,Red Soil,Zaid,24.8,78,205.0,Watermelon,Groundnut
Tamil Nadu,Tirupathur,Laterite Soil,Kharif,19.2,77,135.2,Muskmelon,Tea
Tamil Nadu,Tirupathur,Black Soil,Zaid,32.8,42,309.4,Maize,Soybean
Tamil Nadu,Tirupathur,Sandy Soil,Rabi,22.3,84,229.6,Coffee,Watermelon
Tamil Nadu,Tirupathur,Sandy Soil,Kharif,26.0,44,96.4,Cotton,Groundnut
Tamil Nadu,Tirupathur,Loamy Soil,Rabi,20.4,81,38.2,Muskmelon,Rice
Tamil Nadu,Tiruppur,Alluvial Soil,Whole Year,28.9,95,113.5,Jute,Rice
Tamil Nadu,Tiruppur,Laterite Soil,Whole Year,27.4,69,245.6,Jute,Coffee
Tamil Nadu,Tiruppur,Black Soil,Rabi,34.4,44,20.5,Muskmelon,Soybean
Tamil Nadu,Tiruppur,Red Soil,Zaid,38.3,72,50.3,Muskmelon,Millets
Tamil Nadu,Tiruppur,Alluvial Soil,Whole Year,25.8,44,290.2,Pigeonpeas,Rice
Tamil Nadu,Tiruppur,Sandy Soil,Kharif,36.2,47,347.5,Lentil,Muskmelon
Tamil Nadu,Tiruppur,Loamy Soil,Kharif,24.5,52,315.1,Rice,Sugarcane
Tamil Nadu,Tiruppur,Black Soil,Whole Year,26.2,46,252.9,Lentil,Jowar
Tamil Nadu,Tiruppur,Laterite Soil,Zaid,24.9,68,214.2,Maize,Coffee
Tamil Nadu,Tiruppur,Red Soil,Whole Year,31.9,64,40.2,Jute,Millets
Tamil Nadu,Tiruppur,Alluvial Soil,Zaid,36.1,93,21.8,Blackgram,Rice
Tamil Nadu,Tiruppur,Sandy Soil,Zaid,27.5,53,227.0,Jute,Groundnut
Tamil Nadu,Tiruppur,Red Soil,Rabi,35.8,41,64.7,Maize,Pulses
Tamil Nadu,Tiruppur,Laterite Soil,Kharif,33.4,59,102.6,Watermelon,Tea
Tamil Nadu,Tiruppur,Sandy Soil,Whole Year,20.3,49,329.7,Maize,Muskmelon
Tamil Nadu,Tiruppur,Alluvial Soil,Rabi,26.9,52,114.1,Apple,Wheat
Tamil Nadu,Tiruppur,Laterite Soil,Kharif,27.2,46,211.9,Coffee,Coffee
Tamil Nadu,Tiruppur,Loamy Soil,Rabi,34.5,73,219.2,Rice,Maize
Tamil Nadu,Tiruppur,Laterite Soil,Whole Year,33.7,63,114.5,Mungbean,Cashew
Tamil Nadu,Tiruppur,Red Soil,Whole Year,19.8,57,229.2,Muskmelon,Millets
Tamil Nadu,Tiruvallur,Sandy Soil,Zaid,26.6,40,79.9,Papaya,Groundnut
Tamil Nadu,Tiruvallur,Black Soil,Kharif,34.0,40,327.7,Mothbeans,Soybean
Tamil Nadu,Tiruvallur,Red Soil,Rabi,39.0,63,43.2,Jute,Pulses
Tamil Nadu,Tiruvallur,Red Soil,Rabi,39.2,79,247.5,Muskmelon,Groundnut
Tamil Nadu,Tiruvallur,Sandy Soil,Zaid,23.1,58,238.4,Coconut,Groundnut
Tamil Nadu,Tiruvallur,Black Soil,Zaid,29.2,68,169.9,Mothbeans,Cotton
Tamil Nadu,Tiruvallur,Sandy Soil,Whole Year,24.1,78,138.8,Rice,Muskmelon
Tamil Nadu,Tiruvallur,Black Soil,Kharif,24.4,85,60.8,Watermelon,Jowar
Tamil Nadu,Tiruvallur,Red Soil,Rabi,32.0,80,333.1,Cotton,Millets
Tamil Nadu,Tiruvallur,Black Soil,Rabi,26.3,64,305.7,Mothbeans,Jowar
Tamil Nadu,Tiruvallur,Loamy Soil,Kharif,37.2,62,171.6,Mango,Wheat
Tamil Nadu,Tiruvallur,Alluvial Soil,Zaid,21.2,89,139.3,Banana,Rice
Tamil Nadu,Tiruvallur,Red Soil,Kharif,24.6,70,113.9,Cotton,Millets
Tamil Nadu,Tiruvallur,Alluvial Soil,Rabi,35.9,71,214.9,Mungbean,Maize
Tamil Nadu,Tiruvallur,Black Soil,Whole Year,27.7,45,136.6,Blackgram,Soybean
Tamil Nadu,Tiruvallur,Red Soil,Kharif,25.4,87,70.8,Orange,Millets
Tamil Nadu,Tiruvallur,Alluvial Soil,Zaid,20.3,49,254.3,Coconut,Wheat
Tamil Nadu,Tiruvallur,Loamy Soil,Whole Year,39.3,69,155.7,Watermelon,Wheat
Tamil Nadu,Tiruvallur,Black Soil,Zaid,23.0,77,133.8,Papaya,Soybean
Tamil Nadu,Tiruvallur,Laterite Soil,Zaid,32.1,82,248.4,Watermelon,Cashew
Tamil Nadu,Tiruvannamalai,Red Soil,Kharif,36.3,69,325.4,Papaya,Pulses
Tamil Nadu,Tiruvannamalai,Alluvial Soil,Whole Year,30.6,50,311.6,Apple,Sugarcane
Tamil Nadu,Tiruvannamalai,Loamy Soil,Whole Year,36.0,40,123.1,Kidneybeans,Maize
Tamil Nadu,Tiruvannamalai,Laterite Soil,Kharif,29.2,60,255.6,Orange,Cashew
Tamil Nadu,Tiruvannamalai,Loamy Soil,Rabi,26.1,64,60.4,Mothbeans,Wheat
Tamil Nadu,Tiruvannamalai,Red Soil,Whole Year,20.9,74,123.9,Orange,Groundnut
Tamil Nadu,Tiruvannamalai,Alluvial Soil,Whole Year,18.7,69,263.9,Banana,Maize
Tamil Nadu,Tiruvannamalai,Sandy Soil,Zaid,23.8,89,197.9,Maize,Watermelon
Tamil Nadu,Tiruvannamalai,Red Soil,Zaid,27.2,52,59.9,Maize,Groundnut
Tamil Nadu,Tiruvannamalai,Sandy Soil,Rabi,23.4,53,27.7,Muskmelon,Muskmelon
Tamil Nadu,Tiruvannamalai,Laterite Soil,Whole Year,20.6,58,145.6,Orange,Tea
Tamil Nadu,Tiruvannamalai,Sandy Soil,Kharif,38.9,51,82.1,Papaya,Muskmelon
Tamil Nadu,Tiruvannamalai,Loamy Soil,Kharif,19.2,77,260.7,Maize,Wheat
Tamil Nadu,Tiruvannamalai,Black Soil,Kharif,32.2,63,114.4,Pigeonpeas,Soybean
Tamil Nadu,Tiruvannamalai,Black Soil,Kharif,28.4,66,342.6,Pomegranate,Soybean
Tamil Nadu,Tiruvannamalai,Sandy Soil,Zaid,33.5,52,300.7,Cotton,Muskmelon
Tamil Nadu,Tiruvannamalai,Laterite Soil,Rabi,26.9,60,258.4,Papaya,Coffee
Tamil Nadu,Tiruvannamalai,Laterite Soil,Zaid,23.7,63,170.9,Cotton,Tea
Tamil Nadu,Tiruvannamalai,Alluvial Soil,Kharif,37.1,68,320.0,Mothbeans,Maize
Tamil Nadu,Tiruvannamalai,Sandy Soil,Whole Year,26.4,56,78.2,Banana,Watermelon
Tamil Nadu,Tiruvarur,Black Soil,Rabi,26.7,42,282.6,Coconut,Soybean
Tamil Nadu,Tiruvarur,Black Soil,Zaid,23.9,83,180.4,Mungbean,Cotton
Tamil Nadu,Tiruvarur,Alluvial Soil,Rabi,39.8,72,239.0,Coconut,Wheat
Tamil Nadu,Tiruvarur,Sandy Soil,Zaid,21.0,69,344.1,Pigeonpeas,Groundnut
Tamil Nadu,Tiruvarur,Black Soil,Zaid,37.6,66,256.2,Muskmelon,Soybean
Tamil Nadu,Tiruvarur,Laterite Soil,Rabi,40.0,50,32.9,Mungbean,Tea
Tamil Nadu,Tiruvarur,Sandy Soil,Kharif,23.9,72,83.7,Orange,Groundnut
Tamil Nadu,Tiruvarur,Sandy Soil,Zaid,38.7,74,52.0,Orange,Watermelon
Tamil Nadu,Tiruvarur,Black Soil,Zaid,37.4,85,119.0,Mungbean,Cotton
Tamil Nadu,Tiruvarur,Laterite Soil,Rabi,24.2,63,160.1,Mungbean,Cashew
Tamil Nadu,Tiruvarur,Red Soil,Whole Year,20.8,75,237.4,Cotton,Groundnut
Tamil Nadu,Tiruvarur,Loamy Soil,Kharif,25.3,65,267.2,Maize,Sugarcane
Tamil Nadu,Tiruvarur,Black Soil,Zaid,27.6,52,328.7,Coconut,Jowar
Tamil Nadu,Tiruvarur,Black Soil,Kharif,34.8,52,147.5,Coconut,Cotton
Tamil Nadu,Tiruvarur,Red Soil,Rabi,31.8,77,219.9,Chickpea,Groundnut
Tamil Nadu,Tiruvarur,Laterite Soil,Rabi,31.2,43,65.2,Watermelon,Coffee
Tamil Nadu,Tiruvarur,Red Soil,Zaid,26.1,47,207.7,Maize,Pulses
Tamil Nadu,Tiruvarur,Alluvial Soil,Rabi,29.3,53,50.5,Apple,Maize
Tamil Nadu,Tiruvarur,Red Soil,Whole Year,27.5,67,250.6,Blackgram,Pulses
Tamil Nadu,Tiruvarur,Loamy Soil,Kharif,30.8,50,205.5,Watermelon,Maize
Tamil Nadu,Vellore,Laterite Soil,Rabi,38.3,59,107.3,Banana,Cashew
Tamil Nadu,Vellore,Sandy Soil,Zaid,32.2,40,333.6,Chickpea,Watermelon
Tamil Nadu,Vellore,Red Soil,Zaid,34.6,86,30.5,Coconut,Groundnut
Tamil Nadu,Vellore,Sandy Soil,Rabi,30.7,44,208.4,Pomegranate,Watermelon
Tamil Nadu,Vellore,Laterite Soil,Rabi,32.0,43,40.9,Coffee,Cashew
Tamil Nadu,Vellore,Red Soil,Rabi,20.4,90,126.7,Apple,Groundnut
Tamil Nadu,Vellore,Laterite Soil,Rabi,34.0,44,34.1,Mango,Tea
Tamil Nadu,Vellore,Red Soil,Kharif,36.5,68,176.4,Muskmelon,Groundnut
Tamil Nadu,Vellore,Black Soil,Kharif,33.3,76,54.5,Muskmelon,Soybean
Tamil Nadu,Vellore,Alluvial Soil,Rabi,30.6,72,102.3,Chickpea,Rice
Tamil Nadu,Vellore,Laterite Soil,Zaid,29.7,71,214.5,Grapes,Cashew
Tamil Nadu,Vellore,Red Soil,Kharif,22.1,90,148.0,Apple,Groundnut
Tamil Nadu,Vellore,Red Soil,Kharif,30.9,89,109.8,Watermelon,Groundnut
Tamil Nadu,Vellore,Black Soil,Whole Year,37.5,73,119.2,Mungbean,Cotton
Tamil Nadu,Vellore,Red Soil,Kharif,37.9,64,333.4,Pigeonpeas,Pulses
Tamil Nadu,Vellore,Loamy Soil,Zaid,36.2,53,305.0,Mothbeans,Wheat
Tamil Nadu,Vellore,Red Soil,Kharif,27.4,75,280.7,Chickpea,Millets
Tamil Nadu,Vellore,Alluvial Soil,Rabi,37.3,60,122.6,Cotton,Rice
Tamil Nadu,Vellore,Black Soil,Zaid,28.4,67,60.7,Pomegranate,Cotton
Tamil Nadu,Vellore,Alluvial Soil,Kharif,23.3,68,67.1,Mothbeans,Wheat
Tamil Nadu,Viluppuram,Sandy Soil,Zaid,34.6,74,129.3,Blackgram,Muskmelon
Tamil Nadu,Viluppuram,Loamy Soil,Whole Year,19.3,72,158.5,Maize,Wheat
Tamil Nadu,Viluppuram,Loamy Soil,Rabi,32.1,90,109.9,Lentil,Maize
Tamil Nadu,Viluppuram,Loamy Soil,Zaid,18.4,62,142.3,Mungbean,Rice
Tamil Nadu,Viluppuram,Red Soil,Zaid,36.1,47,23.7,Blackgram,Millets
Tamil Nadu,Viluppuram,Red Soil,Whole Year,23.0,69,29.4,Pomegranate,Millets
Tamil Nadu,Viluppuram,Red Soil,Whole Year,19.6,48,218.4,Pigeonpeas,Groundnut
Tamil Nadu,Viluppuram,Black Soil,Whole Year,18.6,76,105.5,Coffee,Jowar
Tamil Nadu,Viluppuram,Red Soil,Whole Year,24.7,55,284.1,Lentil,Groundnut
Tamil Nadu,Viluppuram,Alluvial Soil,Rabi,38.3,59,88.9,Pigeonpeas,Wheat
Tamil Nadu,Viluppuram,Black Soil,Zaid,27.1,68,85.7,Coffee,Soybean
Tamil Nadu,Viluppuram,Red Soil,Whole Year,27.2,55,241.4,Blackgram,Groundnut
Tamil Nadu,Viluppuram,Laterite Soil,Zaid,37.2,92,142.2,Coffee,Tea
Tamil Nadu,Viluppuram,Sandy Soil,Zaid,26.3,50,162.6,Mungbean,Watermelon
Tamil Nadu,Viluppuram,Alluvial Soil,Kharif,37.1,92,186.1,Lentil,Maize
Tamil Nadu,Viluppuram,Red Soil,Zaid,35.4,80,136.9,Papaya,Groundnut
Tamil Nadu,Viluppuram,Alluvial Soil,Zaid,22.7,41,73.5,Mothbeans,Wheat
Tamil Nadu,Viluppuram,Red Soil,Whole Year,25.9,85,297.0,Kidneybeans,Millets
Tamil Nadu,Viluppuram,Red Soil,Kharif,38.1,60,171.7,Maize,Groundnut
Tamil Nadu,Viluppuram,Alluvial Soil,Zaid,24.9,89,196.9,Papaya,Wheat
Tamil Nadu,Virudhunagar,Alluvial Soil,Kharif,34.5,42,290.7,Rice,Wheat
Tamil Nadu,Virudhunagar,Black Soil,Zaid,29.5,72,285.9,Muskmelon,Soybean
Tamil Nadu,Virudhunagar,Laterite Soil,Zaid,26.2,74,326.8,Kidneybeans,Cashew
Tamil Nadu,Virudhunagar,Loamy Soil,Whole Year,21.8,71,299.0,Cotton,Sugarcane
Tamil Nadu,Virudhunagar,Laterite Soil,Whole Year,20.0,64,67.5,Blackgram,Coffee
Tamil Nadu,Virudhunagar,Black Soil,Whole Year,38.5,42,147.1,Muskmelon,Cotton
Tamil Nadu,Virudhunagar,Laterite Soil,Zaid,34.5,87,304.2,Banana,Tea
Tamil Nadu,Virudhunagar,Loamy Soil,Rabi,25.7,77,175.6,Jute,Wheat
Tamil Nadu,Virudhunagar,Sandy Soil,Whole Year,23.1,72,153.5,Cotton,Watermelon
Tamil Nadu,Virudhunagar,Laterite Soil,Whole Year,20.9,81,174.6,Cotton,Coffee
Tamil Nadu,Virudhunagar,Black Soil,Rabi,23.1,60,325.8,Maize,Soybean
Tamil Nadu,Virudhunagar,Red Soil,Zaid,38.3,46,229.4,Maize,Millets
Tamil Nadu,Virudhunagar,Black Soil,Rabi,18.4,87,294.3,Muskmelon,Cotton
Tamil Nadu,Virudhunagar,Black Soil,Zaid,39.1,41,318.9,Mango,Cotton
Tamil Nadu,Virudhunagar,Red Soil,Whole Year,25.1,77,203.3,Banana,Millets
Tamil Nadu,Virudhunagar,Black Soil,Kharif,35.7,43,45.6,Mango,Jowar
Tamil Nadu,Virudhunagar,Sandy Soil,Zaid,37.1,47,42.7,Papaya,Watermelon
Tamil Nadu,Virudhunagar,Sandy Soil,Rabi,38.3,91,226.7,Pomegranate,Muskmelon
Tamil Nadu,Virudhunagar,Laterite Soil,Rabi,39.9,53,184.0,Mungbean,Cashew
Tamil Nadu,Virudhunagar,Black Soil,Kharif,30.4,92,144.4,Maize,Cotton
Telangana,Adilabad,Red Soil,Whole Year,23.0,81,23.2,Muskmelon,Millets
Telangana,Adilabad,Alluvial Soil,Whole Year,18.0,92,341.7,Chickpea,Wheat
Telangana,Adilabad,Black Soil,Whole Year,34.1,43,221.7,Coconut,Soybean
Telangana,Adilabad,Black Soil,Kharif,30.6,68,179.1,Jute,Cotton
Telangana,Adilabad,Sandy Soil,Zaid,26.8,53,29.5,Banana,Muskmelon
Telangana,Adilabad,Red Soil,Whole Year,19.3,76,117.2,Cotton,Millets
Telangana,Adilabad,Alluvial Soil,Zaid,24.9,87,211.1,Coffee,Sugarcane
Telangana,Adilabad,Red Soil,Rabi,20.3,49,265.6,Orange,Pulses
Telangana,Adilabad,Laterite Soil,Whole Year,18.2,67,213.4,Grapes,Coffee
Telangana,Adilabad,Laterite Soil,Zaid,19.5,47,146.1,Orange,Coffee
Telangana,Adilabad,Red Soil,Rabi,23.7,72,173.5,Papaya,Millets
Telangana,Adilabad,Alluvial Soil,Kharif,33.1,94,143.0,Mungbean,Maize
Telangana,Adilabad,Red Soil,Kharif,35.1,62,81.7,Papaya,Pulses
Telangana,Adilabad,Red Soil,Whole Year,38.0,57,302.5,Kidneybeans,Millets
Telangana,Adilabad,Laterite Soil,Zaid,27.6,65,195.9,Grapes,Cashew
Telangana,Adilabad,Laterite Soil,Whole Year,26.9,69,72.7,Pigeonpeas,Coffee
Telangana,Adilabad,Red Soil,Zaid,26.3,55,148.3,Coconut,Pulses
Telangana,Adilabad,Loamy Soil,Kharif,26.3,42,270.5,Mungbean,Sugarcane
Telangana,Adilabad,Alluvial Soil,Zaid,31.9,44,28.7,Orange,Maize
Telangana,Adilabad,Black Soil,Kharif,27.8,50,32.7,Orange,Jowar
Telangana,Bhadradri Kothagudem,Sandy Soil,Zaid,26.1,63,96.4,Kidneybeans,Muskmelon
Telangana,Bhadradri Kothagudem,Sandy Soil,Kharif,35.4,62,144.6,Coffee,Muskmelon
Telangana,Bhadradri Kothagudem,Black Soil,Zaid,22.5,86,83.8,Mango,Soybean
Telangana,Bhadradri Kothagudem,Sandy Soil,Kharif,34.0,45,127.6,Mothbeans,Watermelon
Telangana,Bhadradri Kothagudem,Alluvial Soil,Rabi,20.8,80,332.5,Orange,Sugarcane
Telangana,Bhadradri Kothagudem,Red Soil,Kharif,33.5,60,111.7,Banana,Pulses
Telangana,Bhadradri Kothagudem,Sandy Soil,Whole Year,38.0,86,315.7,Kidneybeans,Groundnut
Telangana,Bhadradri Kothagudem,Alluvial Soil,Whole Year,18.6,79,272.7,Grapes,Maize
Telangana,Bhadradri Kothagudem,Sandy Soil,Whole Year,33.2,89,277.2,Mothbeans,Groundnut
Telangana,Bhadradri Kothagudem,Loamy Soil,Rabi,36.3,41,318.9,Chickpea,Sugarcane
Telangana,Bhadradri Kothagudem,Sandy Soil,Whole Year,28.2,93,199.9,Apple,Watermelon
Telangana,Bhadradri Kothagudem,Alluvial Soil,Rabi,19.5,92,174.9,Lentil,Sugarcane
Telangana,Bhadradri Kothagudem,Sandy Soil,Whole Year,40.0,76,74.1,Jute,Groundnut
Telangana,Bhadradri Kothagudem,Sandy Soil,Rabi,40.0,60,299.2,Mothbeans,Groundnut
Telangana,Bhadradri Kothagudem,Loamy Soil,Whole Year,23.4,81,268.2,Kidneybeans,Wheat
Telangana,Bhadradri Kothagudem,Loamy Soil,Kharif,32.0,85,263.6,Grapes,Sugarcane
Telangana,Bhadradri Kothagudem,Loamy Soil,Zaid,30.5,64,334.4,Pigeonpeas,Sugarcane
Telangana,Bhadradri Kothagudem,Loamy Soil,Rabi,36.7,88,108.0,Cotton,Rice
Telangana,Bhadradri Kothagudem,Sandy Soil,Whole Year,24.5,48,43.2,Grapes,Groundnut
Telangana,Bhadradri Kothagudem,Alluvial Soil,Kharif,37.6,67,307.7,Watermelon,Sugarcane
Telangana,Hanumakonda,Sandy Soil,Whole Year,28.1,65,20.2,Kidneybeans,Groundnut
Telangana,Hanumakonda,Laterite Soil,Rabi,18.8,69,91.9,Jute,Cashew
Telangana,Hanumakonda,Alluvial Soil,Kharif,26.3,67,170.3,Mango,Sugarcane
Telangana,Hanumakonda,Sandy Soil,Zaid,30.0,77,169.5,Watermelon,Watermelon
Telangana,Hanumakonda,Red Soil,Whole Year,20.7,77,139.8,Pigeonpeas,Pulses
Telangana,Hanumakonda,Sandy Soil,Zaid,21.2,48,86.9,Chickpea,Muskmelon
Telangana,Hanumakonda,Red Soil,Rabi,30.9,75,155.8,Mango,Groundnut
Telangana,Hanumakonda,Laterite Soil,Whole Year,39.2,72,321.6,Rice,Coffee
Telangana,Hanumakonda,Red Soil,Zaid,21.5,43,153.8,Watermelon,Pulses
Telangana,Hanumakonda,Sandy Soil,Whole Year,19.9,56,258.9,Kidneybeans,Watermelon
Telangana,Hanumakonda,Laterite Soil,Whole Year,21.8,70,226.1,Maize,Cashew
Telangana,Hanumakonda,Loamy Soil,Whole Year,38.9,56,276.7,Coconut,Wheat
Telangana,Hanumakonda,Sandy Soil,Rabi,30.1,70,59.6,Kidneybeans,Groundnut
Telangana,Hanumakonda,Red Soil,Whole Year,26.9,78,78.9,Grapes,Millets
Telangana,Hanumakonda,Alluvial Soil,Whole Year,37.2,46,97.9,Banana,Maize
Telangana,Hanumakonda,Loamy Soil,Rabi,21.3,95,344.4,Jute,Wheat
Telangana,Hanumakonda,Alluvial Soil,Zaid,23.8,82,342.0,Kidneybeans,Sugarcane
Telangana,Hanumakonda,Black Soil,Kharif,39.3,43,118.1,Chickpea,Jowar
Telangana,Hanumakonda,Black Soil,Rabi,30.5,72,223.2,Coconut,Soybean
Telangana,Hanumakonda,Alluvial Soil,Rabi,39.7,65,104.4,Jute,Wheat
Telangana,Hyderabad,Sandy Soil,Whole Year,34.5,59,213.0,Coffee,Muskmelon
Telangana,Hyderabad,Red Soil,Whole Year,35.2,45,329.1,Blackgram,Pulses
Telangana,Hyderabad,Black Soil,Rabi,36.5,54,249.8,Watermelon,Soybean
Telangana,Hyderabad,Laterite Soil,Zaid,30.5,93,146.3,Papaya,Cashew
Telangana,Hyderabad,Alluvial Soil,Rabi,22.7,92,47.2,Rice,Rice
Telangana,Hyderabad,Laterite Soil,Zaid,30.1,67,234.5,Lentil,Coffee
Telangana,Hyderabad,Sandy Soil,Rabi,26.5,85,90.1,Grapes,Watermelon
Telangana,Hyderabad,Sandy Soil,Kharif,38.3,50,200.1,Grapes,Muskmelon
Telangana,Hyderabad,Red Soil,Kharif,23.2,70,167.7,Apple,Groundnut
Telangana,Hyderabad,Sandy Soil,Whole Year,38.5,56,322.0,Chickpea,Muskmelon
Telangana,Hyderabad,Alluvial Soil,Whole Year,38.5,86,187.9,Maize,Maize
Telangana,Hyderabad,Sandy Soil,Whole Year,27.3,83,341.9,Orange,Watermelon
Telangana,Hyderabad,Red Soil,Zaid,22.9,52,308.4,Grapes,Pulses
Telangana,Hyderabad,Loamy Soil,Kharif,21.3,52,115.8,Cotton,Maize
Telangana,Hyderabad,Red Soil,Rabi,29.4,58,154.4,Pigeonpeas,Groundnut
Telangana,Hyderabad,Sandy Soil,Zaid,34.9,87,278.2,Lentil,Muskmelon
Telangana,Hyderabad,Alluvial Soil,Kharif,21.9,72,169.2,Watermelon,Maize
Telangana,Hyderabad,Sandy Soil,Kharif,29.8,77,267.8,Mungbean,Muskmelon
Telangana,Hyderabad,Loamy Soil,Zaid,20.2,50,232.8,Cotton,Maize
Telangana,Hyderabad,Alluvial Soil,Kharif,23.4,55,257.6,Orange,Maize
Telangana,Jagtial,Sandy Soil,Whole Year,34.8,64,245.0,Rice,Muskmelon
Telangana,Jagtial,Loamy Soil,Zaid,31.7,90,120.3,Grapes,Maize
Telangana,Jagtial,Loamy Soil,Zaid,33.6,88,324.2,Kidneybeans,Maize
Telangana,Jagtial,Loamy Soil,Whole Year,18.9,68,310.5,Kidneybeans,Rice
Telangana,Jagtial,Black Soil,Zaid,22.9,45,285.2,Lentil,Cotton
Telangana,Jagtial,Sandy Soil,Rabi,37.9,63,47.0,Cotton,Groundnut
Telangana,Jagtial,Black Soil,Zaid,23.5,62,334.2,Lentil,Soybean
Telangana,Jagtial,Red Soil,Zaid,31.9,41,97.9,Mango,Groundnut
Telangana,Jagtial,Loamy Soil,Zaid,34.9,89,306.9,Papaya,Sugarcane
Telangana,Jagtial,Red Soil,Zaid,36.7,60,31.1,Coffee,Millets
Telangana,Jagtial,Black Soil,Kharif,30.2,79,227.2,Chickpea,Jowar
Telangana,Jagtial,Red Soil,Zaid,19.2,85,198.8,Pomegranate,Pulses
Telangana,Jagtial,Alluvial Soil,Rabi,36.2,76,65.4,Mungbean,Wheat
Telangana,Jagtial,Sandy Soil,Rabi,31.8,72,84.0,Muskmelon,Groundnut
Telangana,Jagtial,Black Soil,Whole Year,33.1,57,105.1,Watermelon,Jowar
Telangana,Jagtial,Laterite Soil,Whole Year,27.6,87,163.3,Pigeonpeas,Coffee
Telangana,Jagtial,Black Soil,Rabi,38.5,47,125.1,Cotton,Jowar
Telangana,Jagtial,Loamy Soil,Whole Year,35.3,44,39.0,Mothbeans,Rice
Telangana,Jagtial,Sandy Soil,Rabi,21.3,55,105.8,Mungbean,Watermelon
Telangana,Jagtial,Loamy Soil,Kharif,30.1,42,178.4,Watermelon,Sugarcane
Telangana,Jangaon,Alluvial Soil,Kharif,38.4,48,89.1,Mango,Rice
Telangana,Jangaon,Red Soil,Zaid,28.9,86,107.5,Banana,Groundnut
Telangana,Jangaon,Alluvial Soil,Whole Year,35.0,78,293.9,Muskmelon,Rice
Telangana,Jangaon,Laterite Soil,Zaid,18.4,86,239.2,Muskmelon,Coffee
Telangana,Jangaon,Sandy Soil,Rabi,36.5,82,104.4,Coconut,Muskmelon
Telangana,Jangaon,Alluvial Soil,Rabi,39.0,72,135.8,Rice,Wheat
Telangana,Jangaon,Alluvial Soil,Whole Year,29.1,89,61.6,Papaya,Maize
Telangana,Jangaon,Loamy Soil,Kharif,30.3,53,281.9,Grapes,Maize
Telangana,Jangaon,Alluvial Soil,Rabi,34.2,91,52.4,Jute,Wheat
Telangana,Jangaon,Sandy Soil,Kharif,22.6,73,304.2,Jute,Watermelon
Telangana,Jangaon,Loamy Soil,Zaid,23.7,90,91.1,Blackgram,Wheat
Telangana,Jangaon,Loamy Soil,Rabi,32.6,62,241.4,Rice,Maize
Telangana,Jangaon,Loamy Soil,Zaid,32.2,70,300.4,Banana,Rice
Telangana,Jangaon,Sandy Soil,Rabi,28.1,81,59.3,Pomegranate,Muskmelon
Telangana,Jangaon,Black Soil,Whole Year,39.5,62,83.6,Coffee,Jowar
Telangana,Jangaon,Alluvial Soil,Zaid,24.3,84,68.0,Pigeonpeas,Sugarcane
Telangana,Jangaon,Sandy Soil,Zaid,24.6,57,212.1,Muskmelon,Watermelon
Telangana,Jangaon,Sandy Soil,Zaid,32.6,80,287.8,Pomegranate,Muskmelon
Telangana,Jangaon,Sandy Soil,Zaid,18.9,94,30.8,Pigeonpeas,Groundnut
Telangana,Jangaon,Laterite Soil,Whole Year,30.1,40,304.1,Chickpea,Coffee
Telangana,Jayashankar Bhupalpally,Laterite Soil,Kharif,18.0,95,130.2,Coffee,Tea
Telangana,Jayashankar Bhupalpally,Red Soil,Kharif,38.3,70,60.8,Kidneybeans,Pulses
Telangana,Jayashankar Bhupalpally,Laterite Soil,Rabi,30.8,47,146.4,Kidneybeans,Tea
Telangana,Jayashankar Bhupalpally,Red Soil,Kharif,26.8,89,244.3,Chickpea,Groundnut
Telangana,Jayashankar Bhupalpally,Black Soil,Rabi,23.9,62,236.5,Apple,Soybean
Telangana,Jayashankar Bhupalpally,Red Soil,Whole Year,21.2,82,44.1,Banana,Pulses
Telangana,Jayashankar Bhupalpally,Sandy Soil,Whole Year,30.7,42,32.2,Jute,Watermelon
Telangana,Jayashankar Bhupalpally,Laterite Soil,Rabi,19.1,61,257.2,Jute,Cashew
Telangana,Jayashankar Bhupalpally,Alluvial Soil,Zaid,23.8,55,284.6,Mungbean,Wheat
Telangana,Jayashankar Bhupalpally,Red Soil,Kharif,39.2,84,60.6,Chickpea,Groundnut
Telangana,Jayashankar Bhupalpally,Laterite Soil,Rabi,39.3,40,243.9,Papaya,Coffee
Telangana,Jayashankar Bhupalpally,Alluvial Soil,Rabi,37.5,83,95.7,Banana,Maize
Telangana,Jayashankar Bhupalpally,Red Soil,Whole Year,18.3,81,239.2,Mango,Pulses
Telangana,Jayashankar Bhupalpally,Red Soil,Rabi,20.2,44,231.3,Coconut,Millets
Telangana,Jayashankar Bhupalpally,Black Soil,Zaid,36.4,68,95.2,Grapes,Cotton
Telangana,Jayashankar Bhupalpally,Red Soil,Kharif,26.0,72,79.6,Pomegranate,Groundnut
Telangana,Jayashankar Bhupalpally,Laterite Soil,Whole Year,38.5,63,46.0,Grapes,Tea
Telangana,Jayashankar Bhupalpally,Sandy Soil,Zaid,33.8,86,310.5,Pomegranate,Groundnut
Telangana,Jayashankar Bhupalpally,Alluvial Soil,Kharif,40.0,72,100.3,Blackgram,Rice
Telangana,Jayashankar Bhupalpally,Alluvial Soil,Zaid,34.6,40,156.4,Rice,Maize
Telangana,Jogulamba Gadwal,Red Soil,Zaid,24.9,76,151.6,Papaya,Pulses
Telangana,Jogulamba Gadwal,Laterite Soil,Rabi,19.5,53,225.0,Chickpea,Tea
Telangana,Jogulamba Gadwal,Alluvial Soil,Zaid,34.8,87,34.2,Kidneybeans,Rice
Telangana,Jogulamba Gadwal,Sandy Soil,Zaid,19.4,45,196.1,Lentil,Watermelon
Telangana,Jogulamba Gadwal,Loamy Soil,Kharif,31.6,66,62.4,Mungbean,Rice
Telangana,Jogulamba Gadwal,Red Soil,Rabi,30.8,87,38.1,Lentil,Groundnut
Telangana,Jogulamba Gadwal,Sandy Soil,Rabi,37.8,69,36.0,Cotton,Groundnut
Telangana,Jogulamba Gadwal,Black Soil,Whole Year,37.9,81,335.5,Papaya,Cotton
Telangana,Jogulamba Gadwal,Black Soil,Kharif,35.5,95,36.7,Chickpea,Soybean
Telangana,Jogulamba Gadwal,Alluvial Soil,Zaid,24.9,49,178.5,Pigeonpeas,Rice
Telangana,Jogulamba Gadwal,Laterite Soil,Zaid,37.8,89,276.0,Chickpea,Cashew
Telangana,Jogulamba Gadwal,Laterite Soil,Rabi,23.1,69,146.4,Mango,Tea
Telangana,Jogulamba Gadwal,Laterite Soil,Kharif,37.6,79,304.2,Coffee,Tea
Telangana,Jogulamba Gadwal,Red Soil,Whole Year,36.6,78,20.8,Mothbeans,Pulses
Telangana,Jogulamba Gadwal,Laterite Soil,Whole Year,24.4,66,303.3,Maize,Tea
Telangana,Jogulamba Gadwal,Sandy Soil,Rabi,37.5,78,213.4,Rice,Muskmelon
Telangana,Jogulamba Gadwal,Red Soil,Zaid,34.1,49,157.0,Papaya,Groundnut
Telangana,Jogulamba Gadwal,Loamy Soil,Rabi,20.0,67,335.2,Jute,Rice
Telangana,Jogulamba Gadwal,Alluvial Soil,Zaid,34.4,48,158.7,Banana,Maize
Telangana,Jogulamba Gadwal,Loamy Soil,Kharif,27.1,43,78.7,Coconut,Sugarcane
Telangana,Kamareddy,Alluvial Soil,Whole Year,23.2,86,329.0,Coconut,Sugarcane
Telangana,Kamareddy,Red Soil,Whole Year,19.7,83,75.0,Jute,Pulses
Telangana,Kamareddy,Loamy Soil,Zaid,36.1,71,287.5,Orange,Wheat
Telangana,Kamareddy,Loamy Soil,Rabi,23.7,94,192.2,Cotton,Wheat
Telangana,Kamareddy,Loamy Soil,Rabi,28.9,79,203.8,Apple,Maize
Telangana,Kamareddy,Sandy Soil,Rabi,26.4,51,45.3,Jute,Groundnut
Telangana,Kamareddy,Alluvial Soil,Whole Year,38.5,47,79.0,Maize,Rice
Telangana,Kamareddy,Alluvial Soil,Zaid,27.9,91,84.3,Kidneybeans,Rice
Telangana,Kamareddy,Alluvial Soil,Rabi,24.8,71,187.1,Cotton,Maize
Telangana,Kamareddy,Loamy Soil,Rabi,36.6,82,60.9,Muskmelon,Wheat
Telangana,Kamareddy,Red Soil,Zaid,22.6,81,269.3,Maize,Pulses
Telangana,Kamareddy,Red Soil,Zaid,34.8,54,313.0,Cotton,Pulses
Telangana,Kamareddy,Laterite Soil,Kharif,20.2,86,232.9,Muskmelon,Cashew
Telangana,Kamareddy,Alluvial Soil,Zaid,34.3,89,22.5,Coconut,Wheat
Telangana,Kamareddy,Loamy Soil,Zaid,28.3,59,224.8,Muskmelon,Maize
Telangana,Kamareddy,Sandy Soil,Kharif,31.2,93,88.3,Cotton,Groundnut
Telangana,Kamareddy,Red Soil,Whole Year,36.9,56,317.8,Watermelon,Groundnut
Telangana,Kamareddy,Red Soil,Whole Year,19.2,52,215.1,Rice,Pulses
Telangana,Kamareddy,Black Soil,Whole Year,27.4,77,256.6,Pomegranate,Cotton
Telangana,Kamareddy,Alluvial Soil,Rabi,27.4,86,87.6,Coconut,Sugarcane
Telangana,Karimnagar,Black Soil,Whole Year,26.9,63,187.9,Cotton,Jowar
Telangana,Karimnagar,Alluvial Soil,Rabi,25.8,72,149.0,Pigeonpeas,Rice
Telangana,Karimnagar,Red Soil,Rabi,36.1,69,207.3,Watermelon,Pulses
Telangana,Karimnagar,Alluvial Soil,Whole Year,34.3,44,274.2,Pomegranate,Wheat
Telangana,Karimnagar,Sandy Soil,Whole Year,36.1,64,316.8,Grapes,Watermelon
Telangana,Karimnagar,Sandy Soil,Rabi,35.2,61,238.0,Mango,Watermelon
Telangana,Karimnagar,Sandy Soil,Kharif,26.5,84,329.4,Mango,Watermelon
Telangana,Karimnagar,Loamy Soil,Kharif,30.2,85,238.2,Chickpea,Wheat
Telangana,Karimnagar,Laterite Soil,Kharif,34.2,46,194.9,Cotton,Cashew
Telangana,Karimnagar,Black Soil,Zaid,27.0,86,56.4,Maize,Jowar
Telangana,Karimnagar,Alluvial Soil,Rabi,27.2,61,127.5,Papaya,Rice
Telangana,Karimnagar,Red Soil,Zaid,29.6,78,20.3,Blackgram,Groundnut
Telangana,Karimnagar,Laterite Soil,Rabi,35.9,91,182.6,Lentil,Tea
Telangana,Karimnagar,Red Soil,Kharif,22.8,57,203.3,Muskmelon,Pulses
Telangana,Karimnagar,Sandy Soil,Kharif,32.5,55,304.3,Muskmelon,Watermelon
Telangana,Karimnagar,Alluvial Soil,Kharif,19.2,56,317.6,Pigeonpeas,Sugarcane
Telangana,Karimnagar,Alluvial Soil,Rabi,28.2,77,318.5,Rice,Rice
Telangana,Karimnagar,Loamy Soil,Kharif,30.7,78,72.5,Kidneybeans,Sugarcane
Telangana,Karimnagar,Loamy Soil,Whole Year,25.0,45,167.4,Watermelon,Wheat
Telangana,Karimnagar,Alluvial Soil,Rabi,33.3,58,38.4,Cotton,Sugarcane
Telangana,Khammam,Red Soil,Zaid,19.1,75,22.1,Orange,Pulses
Telangana,Khammam,Laterite Soil,Rabi,30.1,50,216.9,Kidneybeans,Coffee
Telangana,Khammam,Alluvial Soil,Zaid,27.7,90,89.4,Pomegranate,Maize
Telangana,Khammam,Sandy Soil,Whole Year,25.9,51,307.6,Mothbeans,Muskmelon
Telangana,Khammam,Loamy Soil,Rabi,29.5,88,261.9,Mungbean,Maize
Telangana,Khammam,Black Soil,Rabi,29.2,71,58.2,Lentil,Cotton
Telangana,Khammam,Sandy Soil,Rabi,18.9,43,207.8,Pomegranate,Watermelon
Telangana,Khammam,Laterite Soil,Kharif,33.2,67,152.9,Lentil,Cashew
Telangana,Khammam,Red Soil,Kharif,25.1,77,212.4,Chickpea,Millets
Telangana,Khammam,Alluvial Soil,Rabi,20.2,94,59.7,Blackgram,Maize
Telangana,Khammam,Laterite Soil,Rabi,23.4,87,165.9,Pomegranate,Cashew
Telangana,Khammam,Sandy Soil,Kharif,24.3,66,71.1,Coffee,Muskmelon
Telangana,Khammam,Alluvial Soil,Zaid,29.4,65,288.8,Cotton,Wheat
Telangana,Khammam,Alluvial Soil,Rabi,31.2,92,220.4,Pomegranate,Rice
Telangana,Khammam,Sandy Soil,Rabi,29.6,90,132.4,Lentil,Watermelon
Telangana,Khammam,Loamy Soil,Rabi,23.4,45,290.4,Lentil,Sugarcane
Telangana,Khammam,Black Soil,Rabi,25.3,82,142.3,Mungbean,Jowar
Telangana,Khammam,Black Soil,Rabi,24.9,49,53.0,Mungbean,Jowar
Telangana,Khammam,Black Soil,Rabi,27.8,82,28.4,Watermelon,Soybean
Telangana,Khammam,Red Soil,Zaid,21.5,72,170.4,Coffee,Groundnut
Telangana,Komaram Bheem Asifabad,Sandy Soil,Kharif,23.8,45,115.7,Cotton,Groundnut
Telangana,Komaram Bheem Asifabad,Alluvial Soil,Kharif,23.1,84,274.3,Pigeonpeas,Wheat
Telangana,Komaram Bheem Asifabad,Red Soil,Whole Year,30.8,44,309.4,Rice,Pulses
Telangana,Komaram Bheem Asifabad,Black Soil,Whole Year,24.6,73,91.9,Apple,Cotton
Telangana,Komaram Bheem Asifabad,Alluvial Soil,Zaid,19.4,46,260.7,Coconut,Rice
Telangana,Komaram Bheem Asifabad,Loamy Soil,Kharif,25.5,77,313.1,Mothbeans,Sugarcane
Telangana,Komaram Bheem Asifabad,Red Soil,Rabi,29.5,73,269.4,Chickpea,Groundnut
Telangana,Komaram Bheem Asifabad,Loamy Soil,Kharif,18.2,43,133.8,Chickpea,Rice
Telangana,Komaram Bheem Asifabad,Black Soil,Whole Year,22.7,42,121.3,Coconut,Jowar
Telangana,Komaram Bheem Asifabad,Laterite Soil,Kharif,18.4,64,319.9,Pigeonpeas,Coffee
Telangana,Komaram Bheem Asifabad,Black Soil,Zaid,39.5,81,293.4,Papaya,Jowar
Telangana,Komaram Bheem Asifabad,Black Soil,Whole Year,30.4,50,63.6,Pigeonpeas,Jowar
Telangana,Komaram Bheem Asifabad,Loamy Soil,Whole Year,33.2,67,308.5,Muskmelon,Rice
Telangana,Komaram Bheem Asifabad,Loamy Soil,Rabi,34.0,56,130.5,Papaya,Maize
Telangana,Komaram Bheem Asifabad,Laterite Soil,Whole Year,25.6,68,178.5,Kidneybeans,Coffee
Telangana,Komaram Bheem Asifabad,Red Soil,Rabi,37.6,79,267.4,Mango,Millets
Telangana,Komaram Bheem Asifabad,Red Soil,Zaid,24.2,44,113.6,Pigeonpeas,Pulses
Telangana,Komaram Bheem Asifabad,Alluvial Soil,Rabi,21.2,72,96.3,Maize,Maize
Telangana,Komaram Bheem Asifabad,Black Soil,Zaid,36.1,65,288.5,Pomegranate,Soybean
Telangana,Komaram Bheem Asifabad,Black Soil,Whole Year,34.2,71,311.2,Jute,Soybean
Telangana,Mahabubabad,Red Soil,Zaid,39.3,76,205.8,Coconut,Groundnut
Telangana,Mahabubabad,Sandy Soil,Whole Year,31.6,57,285.6,Rice,Groundnut
Telangana,Mahabubabad,Laterite Soil,Zaid,37.9,42,158.8,Chickpea,Tea
Telangana,Mahabubabad,Laterite Soil,Zaid,18.1,63,275.0,Banana,Cashew
Telangana,Mahabubabad,Sandy Soil,Whole Year,29.0,41,42.5,Jute,Muskmelon
Telangana,Mahabubabad,Sandy Soil,Zaid,26.8,74,23.8,Watermelon,Muskmelon
Telangana,Mahabubabad,Sandy Soil,Whole Year,18.5,88,224.4,Blackgram,Watermelon
Telangana,Mahabubabad,Laterite Soil,Rabi,25.7,43,34.7,Cotton,Cashew
Telangana,Mahabubabad,Red Soil,Zaid,32.0,67,176.3,Banana,Pulses
Telangana,Mahabubabad,Laterite Soil,Kharif,23.0,90,168.3,Mothbeans,Tea
Telangana,Mahabubabad,Loamy Soil,Rabi,34.5,86,205.1,Mungbean,Rice
Telangana,Mahabubabad,Laterite Soil,Rabi,29.1,40,124.0,Watermelon,Tea
Telangana,Mahabubabad,Sandy Soil,Rabi,29.8,75,56.0,Pigeonpeas,Muskmelon
Telangana,Mahabubabad,Red Soil,Rabi,31.7,94,323.9,Grapes,Groundnut
Telangana,Mahabubabad,Sandy Soil,Rabi,27.4,82,62.6,Maize,Groundnut
Telangana,Mahabubabad,Sandy Soil,Whole Year,23.5,81,45.7,Kidneybeans,Watermelon
Telangana,Mahabubabad,Black Soil,Zaid,27.3,82,332.0,Coffee,Cotton
Telangana,Mahabubabad,Loamy Soil,Rabi,18.5,41,165.7,Coconut,Sugarcane
Telangana,Mahabubabad,Red Soil,Whole Year,31.3,43,327.3,Mothbeans,Millets
Telangana,Mahabubabad,Alluvial Soil,Whole Year,35.0,89,157.6,Watermelon,Wheat
Telangana,Mahbubnagar,Alluvial Soil,Kharif,25.5,59,257.8,Watermelon,Maize
Telangana,Mahbubnagar,Laterite Soil,Rabi,38.4,46,213.4,Blackgram,Tea
Telangana,Mahbubnagar,Alluvial Soil,Rabi,27.6,65,309.5,Cotton,Wheat
Telangana,Mahbubnagar,Black Soil,Whole Year,20.2,53,133.6,Pigeonpeas,Jowar
Telangana,Mahbubnagar,Black Soil,Zaid,30.4,54,338.8,Mango,Jowar
Telangana,Mahbubnagar,Alluvial Soil,Whole Year,38.6,87,69.7,Coconut,Sugarcane
Telangana,Mahbubnagar,Red Soil,Rabi,27.3,95,128.5,Pigeonpeas,Groundnut
Telangana,Mahbubnagar,Alluvial Soil,Zaid,19.2,61,291.8,Coffee,Rice
Telangana,Mahbubnagar,Red Soil,Rabi,28.7,75,254.6,Muskmelon,Pulses
Telangana,Mahbubnagar,Black Soil,Whole Year,20.5,74,203.4,Mothbeans,Jowar
Telangana,Mahbubnagar,Red Soil,Zaid,27.1,75,138.2,Coffee,Millets
Telangana,Mahbubnagar,Red Soil,Zaid,24.8,86,272.5,Mungbean,Millets
Telangana,Mahbubnagar,Laterite Soil,Whole Year,39.3,46,176.4,Pigeonpeas,Coffee
Telangana,Mahbubnagar,Loamy Soil,Kharif,29.0,48,139.6,Grapes,Wheat
Telangana,Mahbubnagar,Sandy Soil,Zaid,34.2,46,49.8,Orange,Groundnut
Telangana,Mahbubnagar,Loamy Soil,Kharif,23.1,57,342.8,Pigeonpeas,Maize
Telangana,Mahbubnagar,Sandy Soil,Zaid,22.3,47,318.3,Kidneybeans,Watermelon
Telangana,Mahbubnagar,Laterite Soil,Zaid,25.9,59,148.9,Jute,Cashew
Telangana,Mahbubnagar,Laterite Soil,Kharif,39.9,51,212.8,Mango,Coffee
Telangana,Mahbubnagar,Alluvial Soil,Zaid,31.7,76,162.2,Banana,Wheat
Telangana,Mancherial,Black Soil,Rabi,23.4,58,253.6,Jute,Soybean
Telangana,Mancherial,Loamy Soil,Whole Year,22.7,64,306.5,Rice,Wheat
Telangana,Mancherial,Sandy Soil,Whole Year,18.7,57,53.6,Grapes,Groundnut
Telangana,Mancherial,Alluvial Soil,Rabi,21.4,56,25.1,Coffee,Rice
Telangana,Mancherial,Black Soil,Zaid,31.1,73,138.9,Mothbeans,Jowar
Telangana,Mancherial,Alluvial Soil,Whole Year,34.2,74,33.1,Lentil,Wheat
Telangana,Mancherial,Black Soil,Zaid,21.5,77,272.7,Chickpea,Jowar
Telangana,Mancherial,Loamy Soil,Whole Year,39.3,76,40.1,Apple,Rice
Telangana,Mancherial,Loamy Soil,Whole Year,34.5,64,158.0,Banana,Maize
Telangana,Mancherial,Red Soil,Zaid,19.3,93,42.3,Mungbean,Millets
Telangana,Mancherial,Black Soil,Whole Year,21.4,84,65.1,Mango,Jowar
Telangana,Mancherial,Black Soil,Whole Year,34.1,87,246.7,Orange,Jowar
Telangana,Mancherial,Red Soil,Kharif,35.4,94,231.2,Coffee,Pulses
Telangana,Mancherial,Red Soil,Kharif,28.9,69,169.2,Apple,Millets
Telangana,Mancherial,Black Soil,Zaid,20.9,95,157.6,Orange,Jowar
Telangana,Mancherial,Sandy Soil,Zaid,24.2,52,247.9,Watermelon,Groundnut
Telangana,Mancherial,Black Soil,Whole Year,25.8,88,269.5,Orange,Jowar
Telangana,Mancherial,Laterite Soil,Rabi,39.8,66,76.6,Blackgram,Tea
Telangana,Mancherial,Alluvial Soil,Kharif,32.0,81,214.3,Blackgram,Sugarcane
Telangana,Mancherial,Laterite Soil,Rabi,23.7,82,155.9,Kidneybeans,Coffee
Telangana,Medak,Black Soil,Zaid,24.2,68,129.4,Pigeonpeas,Cotton
Telangana,Medak,Sandy Soil,Zaid,26.5,47,87.2,Mango,Watermelon
Telangana,Medak,Red Soil,Rabi,32.9,77,85.4,Coconut,Millets
Telangana,Medak,Black Soil,Whole Year,38.1,52,185.0,Blackgram,Soybean
Telangana,Medak,Sandy Soil,Whole Year,36.3,73,103.6,Chickpea,Watermelon
Telangana,Medak,Black Soil,Whole Year,30.6,63,257.4,Coffee,Soybean
Telangana,Medak,Red Soil,Rabi,36.4,55,193.9,Lentil,Pulses
Telangana,Medak,Laterite Soil,Rabi,29.5,54,22.5,Mothbeans,Coffee
Telangana,Medak,Red Soil,Whole Year,35.8,61,72.5,Coffee,Millets
Telangana,Medak,Alluvial Soil,Whole Year,22.1,67,112.2,Grapes,Wheat
Telangana,Medak,Black Soil,Kharif,20.1,55,212.9,Mungbean,Jowar
Telangana,Medak,Sandy Soil,Zaid,34.6,92,70.5,Jute,Watermelon
Telangana,Medak,Sandy Soil,Zaid,30.6,59,164.0,Jute,Groundnut
Telangana,Medak,Loamy Soil,Kharif,28.4,44,336.0,Coffee,Maize
Telangana,Medak,Black Soil,Whole Year,35.1,78,41.5,Coconut,Jowar
Telangana,Medak,Loamy Soil,Rabi,34.2,54,94.3,Apple,Wheat
Telangana,Medak,Alluvial Soil,Zaid,38.5,58,263.3,Watermelon,Maize
Telangana,Medak,Red Soil,Rabi,29.6,44,301.4,Coconut,Millets
Telangana,Medak,Laterite Soil,Whole Year,30.4,59,63.2,Coffee,Tea
Telangana,Medak,Black Soil,Rabi,20.9,65,210.7,Kidneybeans,Soybean
Telangana,Medchal-Malkajgiri,Sandy Soil,Rabi,19.6,65,330.9,Muskmelon,Muskmelon
Telangana,Medchal-Malkajgiri,Black Soil,Rabi,19.4,71,205.6,Banana,Soybean
Telangana,Medchal-Malkajgiri,Loamy Soil,Kharif,21.2,68,227.1,Pomegranate,Maize
Telangana,Medchal-Malkajgiri,Red Soil,Whole Year,37.4,90,118.9,Rice,Millets
Telangana,Medchal-Malkajgiri,Red Soil,Rabi,35.2,46,35.6,Pigeonpeas,Millets
Telangana,Medchal-Malkajgiri,Laterite Soil,Zaid,24.6,52,24.0,Apple,Coffee
Telangana,Medchal-Malkajgiri,Red Soil,Whole Year,30.7,55,29.0,Watermelon,Pulses
Telangana,Medchal-Malkajgiri,Black Soil,Rabi,35.6,88,193.1,Muskmelon,Jowar
Telangana,Medchal-Malkajgiri,Alluvial Soil,Whole Year,30.3,85,241.1,Jute,Wheat
Telangana,Medchal-Malkajgiri,Laterite Soil,Zaid,25.9,72,105.8,Watermelon,Tea
Telangana,Medchal-Malkajgiri,Alluvial Soil,Whole Year,26.2,84,219.4,Pigeonpeas,Maize
Telangana,Medchal-Malkajgiri,Laterite Soil,Whole Year,28.7,67,70.8,Banana,Tea
Telangana,Medchal-Malkajgiri,Black Soil,Rabi,29.0,52,197.6,Mothbeans,Cotton
Telangana,Medchal-Malkajgiri,Alluvial Soil,Zaid,35.1,89,349.2,Orange,Rice
Telangana,Medchal-Malkajgiri,Red Soil,Kharif,19.8,95,279.7,Mungbean,Groundnut
Telangana,Medchal-Malkajgiri,Loamy Soil,Kharif,21.9,69,184.3,Pomegranate,Maize
Telangana,Medchal-Malkajgiri,Loamy Soil,Kharif,35.9,67,83.1,Chickpea,Rice
Telangana,Medchal-Malkajgiri,Alluvial Soil,Zaid,30.6,70,295.6,Banana,Rice
Telangana,Medchal-Malkajgiri,Red Soil,Rabi,31.4,52,89.4,Mango,Groundnut
Telangana,Medchal-Malkajgiri,Sandy Soil,Zaid,38.1,93,205.2,Orange,Groundnut
Telangana,Mulugu,Laterite Soil,Rabi,35.7,87,281.5,Coconut,Tea
Telangana,Mulugu,Red Soil,Zaid,38.6,71,133.8,Apple,Millets
Telangana,Mulugu,Loamy Soil,Rabi,21.6,77,113.9,Kidneybeans,Maize
Telangana,Mulugu,Black Soil,Whole Year,39.4,70,35.2,Pomegranate,Jowar
Telangana,Mulugu,Black Soil,Rabi,38.3,93,57.7,Mango,Soybean
Telangana,Mulugu,Red Soil,Kharif,36.2,70,191.5,Chickpea,Groundnut
Telangana,Mulugu,Black Soil,Whole Year,20.5,50,152.4,Coffee,Soybean
Telangana,Mulugu,Sandy Soil,Rabi,38.3,94,338.1,Lentil,Muskmelon
Telangana,Mulugu,Black Soil,Whole Year,35.5,70,63.6,Kidneybeans,Jowar
Telangana,Mulugu,Laterite Soil,Kharif,33.4,81,89.8,Pigeonpeas,Cashew
Telangana,Mulugu,Black Soil,Whole Year,18.4,57,249.0,Banana,Soybean
Telangana,Mulugu,Laterite Soil,Whole Year,28.9,46,27.1,Mothbeans,Cashew
Telangana,Mulugu,Loamy Soil,Zaid,19.6,52,280.4,Coffee,Sugarcane
Telangana,Mulugu,Alluvial Soil,Kharif,33.2,40,282.4,Blackgram,Maize
Telangana,Mulugu,Red Soil,Zaid,22.4,83,318.1,Pigeonpeas,Pulses
Telangana,Mulugu,Black Soil,Rabi,18.2,67,347.5,Muskmelon,Soybean
Telangana,Mulugu,Alluvial Soil,Whole Year,30.9,92,113.7,Pomegranate,Sugarcane
Telangana,Mulugu,Black Soil,Rabi,19.6,76,327.7,Mango,Cotton
Telangana,Mulugu,Alluvial Soil,Kharif,25.2,76,329.7,Maize,Maize
Telangana,Mulugu,Black Soil,Kharif,21.4,62,98.8,Muskmelon,Jowar
Telangana,Nagarkurnool,Alluvial Soil,Kharif,21.4,75,78.9,Chickpea,Rice
Telangana,Nagarkurnool,Red Soil,Whole Year,22.6,78,217.7,Mothbeans,Pulses
Telangana,Nagarkurnool,Sandy Soil,Zaid,23.9,93,238.3,Grapes,Watermelon
Telangana,Nagarkurnool,Alluvial Soil,Rabi,35.8,90,341.4,Coconut,Maize
Telangana,Nagarkurnool,Sandy Soil,Whole Year,28.0,52,217.4,Mothbeans,Groundnut
Telangana,Nagarkurnool,Sandy Soil,Whole Year,34.1,75,306.1,Pigeonpeas,Muskmelon
Telangana,Nagarkurnool,Sandy Soil,Kharif,34.7,92,117.2,Mango,Muskmelon
Telangana,Nagarkurnool,Alluvial Soil,Rabi,32.9,58,313.1,Mungbean,Maize
Telangana,Nagarkurnool,Red Soil,Zaid,39.4,91,102.8,Watermelon,Pulses
Telangana,Nagarkurnool,Laterite Soil,Rabi,36.4,83,343.0,Coconut,Cashew
Telangana,Nagarkurnool,Sandy Soil,Zaid,35.3,77,230.4,Grapes,Muskmelon
Telangana,Nagarkurnool,Loamy Soil,Whole Year,38.5,79,334.2,Mungbean,Rice
Telangana,Nagarkurnool,Black Soil,Whole Year,24.5,89,117.1,Mungbean,Cotton
Telangana,Nagarkurnool,Black Soil,Whole Year,20.0,88,349.9,Watermelon,Cotton
Telangana,Nagarkurnool,Laterite Soil,Kharif,29.3,94,308.1,Papaya,Cashew
Telangana,Nagarkurnool,Sandy Soil,Rabi,21.0,91,221.9,Cotton,Muskmelon
Telangana,Nagarkurnool,Laterite Soil,Whole Year,34.8,53,120.2,Jute,Cashew
Telangana,Nagarkurnool,Sandy Soil,Whole Year,31.7,92,150.0,Chickpea,Muskmelon
Telangana,Nagarkurnool,Black Soil,Rabi,27.6,88,295.3,Banana,Soybean
Telangana,Nagarkurnool,Alluvial Soil,Rabi,33.1,72,330.3,Rice,Rice
Telangana,Nalgonda,Laterite Soil,Whole Year,20.3,79,127.1,Jute,Tea
Telangana,Nalgonda,Sandy Soil,Rabi,35.7,66,308.7,Pigeonpeas,Muskmelon
Telangana,Nalgonda,Alluvial Soil,Kharif,37.3,89,105.3,Chickpea,Maize
Telangana,Nalgonda,Black Soil,Whole Year,22.1,84,241.2,Orange,Cotton
Telangana,Nalgonda,Laterite Soil,Whole Year,32.7,45,276.4,Jute,Tea
Telangana,Nalgonda,Loamy Soil,Kharif,36.5,52,23.5,Coffee,Maize
Telangana,Nalgonda,Red Soil,Zaid,26.7,61,81.8,Apple,Groundnut
Telangana,Nalgonda,Alluvial Soil,Rabi,34.8,75,228.1,Mothbeans,Sugarcane
Telangana,Nalgonda,Loamy Soil,Whole Year,39.6,65,276.3,Maize,Wheat
Telangana,Nalgonda,Laterite Soil,Rabi,31.7,64,188.5,Coffee,Cashew
Telangana,Nalgonda,Loamy Soil,Rabi,31.6,71,113.0,Coffee,Sugarcane
Telangana,Nalgonda,Alluvial Soil,Zaid,35.2,49,194.3,Orange,Wheat
Telangana,Nalgonda,Alluvial Soil,Rabi,20.7,93,345.1,Mango,Maize
Telangana,Nalgonda,Black Soil,Kharif,23.5,40,182.3,Apple,Jowar
Telangana,Nalgonda,Black Soil,Whole Year,35.9,58,131.7,Jute,Jowar
Telangana,Nalgonda,Sandy Soil,Whole Year,29.3,43,297.6,Apple,Muskmelon
Telangana,Nalgonda,Loamy Soil,Kharif,32.4,58,178.2,Kidneybeans,Sugarcane
Telangana,Nalgonda,Red Soil,Whole Year,34.1,86,56.4,Orange,Millets
Telangana,Nalgonda,Loamy Soil,Whole Year,39.7,93,319.1,Watermelon,Sugarcane
Telangana,Nalgonda,Black Soil,Zaid,25.3,88,275.3,Coconut,Jowar
Telangana,Narayanpet,Alluvial Soil,Kharif,35.2,49,297.3,Banana,Maize
Telangana,Narayanpet,Red Soil,Kharif,23.8,69,36.2,Banana,Pulses
Telangana,Narayanpet,Black Soil,Rabi,20.0,43,315.8,Lentil,Cotton
Telangana,Narayanpet,Red Soil,Kharif,29.3,77,309.4,Maize,Millets
Telangana,Narayanpet,Laterite Soil,Rabi,26.9,79,345.2,Grapes,Tea
Telangana,Narayanpet,Alluvial Soil,Zaid,19.1,82,289.9,Kidneybeans,Wheat
Telangana,Narayanpet,Loamy Soil,Whole Year,36.7,54,57.9,Banana,Maize
Telangana,Narayanpet,Black Soil,Kharif,20.7,46,211.2,Papaya,Soybean
Telangana,Narayanpet,Black Soil,Zaid,29.6,84,348.4,Kidneybeans,Jowar
Telangana,Narayanpet,Alluvial Soil,Whole Year,31.4,81,294.6,Grapes,Sugarcane
Telangana,Narayanpet,Loamy Soil,Zaid,36.7,65,130.6,Muskmelon,Wheat
Telangana,Narayanpet,Red Soil,Whole Year,21.1,53,117.3,Orange,Groundnut
Telangana,Narayanpet,Black Soil,Whole Year,36.3,79,97.6,Orange,Cotton
Telangana,Narayanpet,Black Soil,Kharif,26.4,61,230.9,Rice,Cotton
Telangana,Narayanpet,Black Soil,Rabi,37.0,58,237.9,Kidneybeans,Soybean
Telangana,Narayanpet,Loamy Soil,Zaid,18.6,57,42.4,Jute,Rice
Telangana,Narayanpet,Black Soil,Kharif,24.8,43,252.7,Muskmelon,Jowar
Telangana,Narayanpet,Alluvial Soil,Kharif,32.7,68,125.9,Jute,Sugarcane
Telangana,Narayanpet,Red Soil,Kharif,34.7,69,173.5,Papaya,Millets
Telangana,Narayanpet,Red Soil,Rabi,24.9,75,130.5,Mango,Pulses
Telangana,Nirmal,Alluvial Soil,Zaid,33.9,82,110.5,Rice,Maize
Telangana,Nirmal,Loamy Soil,Whole Year,26.7,74,252.3,Cotton,Sugarcane
Telangana,Nirmal,Red Soil,Rabi,33.0,42,271.1,Coffee,Pulses
Telangana,Nirmal,Alluvial Soil,Rabi,20.5,91,188.0,Kidneybeans,Maize
Telangana,Nirmal,Red Soil,Whole Year,24.8,95,163.2,Mothbeans,Groundnut
Telangana,Nirmal,Black Soil,Whole Year,34.7,51,303.4,Mungbean,Jowar
Telangana,Nirmal,Alluvial Soil,Kharif,25.7,66,117.4,Grapes,Wheat
Telangana,Nirmal,Red Soil,Whole Year,23.9,92,57.8,Mothbeans,Millets
Telangana,Nirmal,Laterite Soil,Whole Year,34.7,74,174.7,Muskmelon,Tea
Telangana,Nirmal,Alluvial Soil,Zaid,38.4,90,268.2,Jute,Rice
Telangana,Nirmal,Alluvial Soil,Kharif,33.2,57,280.4,Pigeonpeas,Rice
Telangana,Nirmal,Loamy Soil,Whole Year,39.1,95,73.5,Cotton,Rice
Telangana,Nirmal,Laterite Soil,Kharif,35.6,91,305.3,Kidneybeans,Tea
Telangana,Nirmal,Laterite Soil,Kharif,29.3,83,38.2,Watermelon,Tea
Telangana,Nirmal,Red Soil,Zaid,35.6,78,201.8,Jute,Groundnut
Telangana,Nirmal,Laterite Soil,Zaid,22.0,83,104.5,Maize,Coffee
Telangana,Nirmal,Laterite Soil,Kharif,19.3,72,142.6,Muskmelon,Cashew
Telangana,Nirmal,Laterite Soil,Kharif,28.2,64,130.2,Cotton,Tea
Telangana,Nirmal,Black Soil,Zaid,37.8,41,325.7,Papaya,Cotton
Telangana,Nirmal,Black Soil,Whole Year,30.9,82,41.3,Papaya,Cotton
Telangana,Nizamabad,Red Soil,Whole Year,29.3,55,69.2,Muskmelon,Pulses
Telangana,Nizamabad,Black Soil,Zaid,26.5,71,339.5,Mango,Cotton
Telangana,Nizamabad,Black Soil,Whole Year,37.2,73,32.3,Jute,Soybean
Telangana,Nizamabad,Sandy Soil,Whole Year,34.8,61,102.6,Cotton,Watermelon
Telangana,Nizamabad,Black Soil,Rabi,21.1,49,33.2,Rice,Soybean
Telangana,Nizamabad,Laterite Soil,Rabi,21.3,94,30.2,Rice,Cashew
Telangana,Nizamabad,Alluvial Soil,Zaid,39.5,63,48.9,Lentil,Sugarcane
Telangana,Nizamabad,Laterite Soil,Kharif,20.7,81,52.6,Lentil,Coffee
Telangana,Nizamabad,Red Soil,Kharif,24.7,47,239.9,Pigeonpeas,Groundnut
Telangana,Nizamabad,Black Soil,Whole Year,38.3,74,25.2,Coconut,Jowar
Telangana,Nizamabad,Loamy Soil,Whole Year,39.8,41,55.4,Kidneybeans,Rice
Telangana,Nizamabad,Sandy Soil,Kharif,24.3,54,78.0,Grapes,Muskmelon
Telangana,Nizamabad,Red Soil,Kharif,29.4,74,268.8,Apple,Groundnut
Telangana,Nizamabad,Black Soil,Whole Year,30.5,51,256.2,Pigeonpeas,Soybean
Telangana,Nizamabad,Loamy Soil,Zaid,37.9,88,283.5,Blackgram,Rice
Telangana,Nizamabad,Laterite Soil,Whole Year,29.5,59,27.5,Blackgram,Cashew
Telangana,Nizamabad,Alluvial Soil,Whole Year,33.0,66,78.6,Pigeonpeas,Sugarcane
Telangana,Nizamabad,Laterite Soil,Whole Year,19.8,93,255.0,Coffee,Coffee
Telangana,Nizamabad,Laterite Soil,Rabi,24.2,50,23.0,Rice,Tea
Telangana,Nizamabad,Black Soil,Rabi,39.8,58,209.3,Jute,Jowar
Telangana,Peddapalli,Laterite Soil,Kharif,30.1,51,261.9,Kidneybeans,Cashew
Telangana,Peddapalli,Sandy Soil,Zaid,19.3,78,203.9,Jute,Groundnut
Telangana,Peddapalli,Laterite Soil,Kharif,38.2,71,122.9,Blackgram,Cashew
Telangana,Peddapalli,Alluvial Soil,Kharif,34.9,78,249.4,Maize,Sugarcane
Telangana,Peddapalli,Sandy Soil,Kharif,22.2,93,342.8,Cotton,Watermelon
Telangana,Peddapalli,Laterite Soil,Whole Year,33.9,69,278.9,Watermelon,Cashew
Telangana,Peddapalli,Alluvial Soil,Zaid,22.6,43,83.2,Rice,Wheat
Telangana,Peddapalli,Red Soil,Zaid,32.5,40,152.2,Papaya,Groundnut
Telangana,Peddapalli,Red Soil,Rabi,33.2,52,292.8,Watermelon,Groundnut
Telangana,Peddapalli,Alluvial Soil,Rabi,27.8,78,226.5,Blackgram,Wheat
Telangana,Peddapalli,Loamy Soil,Whole Year,39.4,77,288.3,Coconut,Maize
Telangana,Peddapalli,Red Soil,Whole Year,22.9,86,324.5,Apple,Groundnut
Telangana,Peddapalli,Sandy Soil,Kharif,29.1,64,268.8,Coffee,Muskmelon
Telangana,Peddapalli,Loamy Soil,Whole Year,29.7,71,226.1,Chickpea,Sugarcane
Telangana,Peddapalli,Laterite Soil,Rabi,33.8,62,170.0,Papaya,Cashew
Telangana,Peddapalli,Loamy Soil,Kharif,37.6,66,326.9,Mungbean,Wheat
Telangana,Peddapalli,Loamy Soil,Rabi,24.0,78,47.5,Grapes,Sugarcane
Telangana,Peddapalli,Alluvial Soil,Kharif,39.1,46,165.6,Rice,Maize
Telangana,Peddapalli,Laterite Soil,Rabi,37.9,77,217.4,Pomegranate,Tea
Telangana,Peddapalli,Alluvial Soil,Kharif,36.2,60,80.2,Pomegranate,Maize
Telangana,Rajanna Sircilla,Black Soil,Kharif,39.1,62,297.4,Jute,Jowar
Telangana,Rajanna Sircilla,Laterite Soil,Rabi,26.8,46,62.4,Mango,Tea
Telangana,Rajanna Sircilla,Black Soil,Rabi,29.7,81,330.3,Rice,Cotton
Telangana,Rajanna Sircilla,Black Soil,Kharif,31.5,91,71.0,Chickpea,Cotton
Telangana,Rajanna Sircilla,Red Soil,Kharif,28.1,48,174.9,Coffee,Millets
Telangana,Rajanna Sircilla,Laterite Soil,Rabi,33.8,67,208.5,Chickpea,Tea
Telangana,Rajanna Sircilla,Alluvial Soil,Rabi,22.5,88,51.0,Banana,Wheat
Telangana,Rajanna Sircilla,Laterite Soil,Rabi,31.9,59,178.8,Banana,Cashew
Telangana,Rajanna Sircilla,Alluvial Soil,Kharif,19.6,82,206.6,Cotton,Wheat
Telangana,Rajanna Sircilla,Laterite Soil,Zaid,29.4,45,168.4,Mothbeans,Tea
Telangana,Rajanna Sircilla,Laterite Soil,Zaid,26.7,72,104.0,Cotton,Coffee
Telangana,Rajanna Sircilla,Sandy Soil,Zaid,25.1,70,103.5,Banana,Muskmelon
Telangana,Rajanna Sircilla,Laterite Soil,Zaid,30.7,74,135.8,Lentil,Cashew
Telangana,Rajanna Sircilla,Loamy Soil,Whole Year,24.0,79,321.0,Rice,Sugarcane
Telangana,Rajanna Sircilla,Loamy Soil,Kharif,37.7,84,257.2,Lentil,Sugarcane
Telangana,Rajanna Sircilla,Black Soil,Rabi,22.7,67,105.2,Lentil,Jowar
Telangana,Rajanna Sircilla,Loamy Soil,Whole Year,18.2,87,311.4,Apple,Sugarcane
Telangana,Rajanna Sircilla,Sandy Soil,Kharif,38.6,88,136.9,Muskmelon,Watermelon
Telangana,Rajanna Sircilla,Black Soil,Zaid,28.0,73,56.7,Kidneybeans,Soybean
Telangana,Rajanna Sircilla,Sandy Soil,Rabi,20.2,56,81.7,Cotton,Watermelon
Telangana,Rangareddy,Black Soil,Kharif,18.5,59,225.6,Papaya,Soybean
Telangana,Rangareddy,Loamy Soil,Rabi,30.7,77,287.9,Pomegranate,Sugarcane
Telangana,Rangareddy,Laterite Soil,Whole Year,19.3,76,155.6,Watermelon,Coffee
Telangana,Rangareddy,Laterite Soil,Zaid,31.8,78,271.2,Lentil,Tea
Telangana,Rangareddy,Red Soil,Kharif,35.0,82,56.4,Jute,Millets
Telangana,Rangareddy,Sandy Soil,Kharif,36.9,81,145.5,Kidneybeans,Watermelon
Telangana,Rangareddy,Laterite Soil,Zaid,20.0,91,222.1,Orange,Coffee
Telangana,Rangareddy,Sandy Soil,Rabi,35.4,49,180.6,Pomegranate,Watermelon
Telangana,Rangareddy,Loamy Soil,Zaid,25.3,55,104.2,Orange,Rice
Telangana,Rangareddy,Alluvial Soil,Kharif,23.0,54,69.0,Maize,Wheat
Telangana,Rangareddy,Red Soil,Zaid,28.0,64,320.4,Apple,Millets
Telangana,Rangareddy,Black Soil,Whole Year,31.3,88,243.0,Pomegranate,Jowar
Telangana,Rangareddy,Red Soil,Rabi,36.4,69,335.2,Pomegranate,Pulses
Telangana,Rangareddy,Laterite Soil,Kharif,29.1,41,346.7,Jute,Cashew
Telangana,Rangareddy,Red Soil,Rabi,35.1,58,197.7,Coffee,Groundnut
Telangana,Rangareddy,Alluvial Soil,Zaid,22.8,84,128.6,Chickpea,Maize
Telangana,Rangareddy,Loamy Soil,Kharif,27.8,80,58.7,Chickpea,Wheat
Telangana,Rangareddy,Loamy Soil,Zaid,29.9,84,343.6,Rice,Sugarcane
Telangana,Rangareddy,Sandy Soil,Zaid,36.3,91,178.5,Coconut,Watermelon
Telangana,Rangareddy,Sandy Soil,Rabi,25.2,78,266.2,Blackgram,Groundnut
Telangana,Sangareddy,Laterite Soil,Rabi,19.4,49,167.7,Blackgram,Cashew
Telangana,Sangareddy,Alluvial Soil,Whole Year,29.8,73,314.5,Jute,Wheat
Telangana,Sangareddy,Alluvial Soil,Zaid,18.2,81,45.8,Cotton,Wheat
Telangana,Sangareddy,Sandy Soil,Whole Year,37.3,44,193.3,Coffee,Groundnut
Telangana,Sangareddy,Alluvial Soil,Zaid,27.8,74,277.4,Muskmelon,Rice
Telangana,Sangareddy,Black Soil,Zaid,30.3,63,226.8,Lentil,Jowar
Telangana,Sangareddy,Alluvial Soil,Rabi,33.0,66,276.8,Mothbeans,Sugarcane
Telangana,Sangareddy,Loamy Soil,Zaid,38.8,42,294.9,Blackgram,Maize
Telangana,Sangareddy,Alluvial Soil,Zaid,25.3,78,44.2,Apple,Sugarcane
Telangana,Sangareddy,Black Soil,Zaid,26.9,67,96.0,Pigeonpeas,Cotton
Telangana,Sangareddy,Black Soil,Rabi,31.6,53,185.4,Watermelon,Soybean
Telangana,Sangareddy,Alluvial Soil,Whole Year,29.0,81,71.5,Lentil,Sugarcane
Telangana,Sangareddy,Black Soil,Zaid,29.2,87,114.0,Chickpea,Cotton
Telangana,Sangareddy,Sandy Soil,Rabi,27.7,76,298.2,Banana,Watermelon
Telangana,Sangareddy,Red Soil,Kharif,20.1,76,271.1,Pigeonpeas,Millets
Telangana,Sangareddy,Black Soil,Zaid,27.6,50,145.9,Pigeonpeas,Jowar
Telangana,Sangareddy,Sandy Soil,Kharif,36.3,53,188.8,Blackgram,Muskmelon
Telangana,Sangareddy,Sandy Soil,Whole Year,31.7,49,291.2,Orange,Muskmelon
Telangana,Sangareddy,Loamy Soil,Rabi,38.3,90,94.0,Mungbean,Rice
Telangana,Sangareddy,Black Soil,Kharif,37.0,52,242.3,Mango,Cotton
Telangana,Siddipet,Red Soil,Rabi,38.7,50,109.8,Lentil,Millets
Telangana,Siddipet,Sandy Soil,Whole Year,25.1,77,34.7,Orange,Groundnut
Telangana,Siddipet,Alluvial Soil,Whole Year,32.6,68,143.9,Pigeonpeas,Rice
Telangana,Siddipet,Black Soil,Kharif,30.9,92,42.7,Lentil,Jowar
Telangana,Siddipet,Loamy Soil,Rabi,27.6,49,33.3,Rice,Sugarcane
Telangana,Siddipet,Black Soil,Whole Year,21.0,73,316.5,Mungbean,Jowar
Telangana,Siddipet,Alluvial Soil,Zaid,22.4,57,146.9,Orange,Wheat
Telangana,Siddipet,Black Soil,Rabi,24.1,95,248.9,Cotton,Cotton
Telangana,Siddipet,Alluvial Soil,Kharif,24.9,49,29.7,Rice,Maize
Telangana,Siddipet,Black Soil,Zaid,25.3,66,121.7,Coconut,Cotton
Telangana,Siddipet,Loamy Soil,Kharif,32.2,69,215.3,Mungbean,Maize
Telangana,Siddipet,Loamy Soil,Rabi,39.7,60,134.4,Apple,Maize
Telangana,Siddipet,Loamy Soil,Zaid,34.8,82,264.8,Cotton,Wheat
Telangana,Siddipet,Loamy Soil,Zaid,33.2,79,140.1,Pigeonpeas,Wheat
Telangana,Siddipet,Laterite Soil,Zaid,28.6,57,212.2,Watermelon,Tea
Telangana,Siddipet,Red Soil,Rabi,19.3,87,301.3,Rice,Millets
Telangana,Siddipet,Laterite Soil,Rabi,38.0,61,175.5,Chickpea,Tea
Telangana,Siddipet,Loamy Soil,Zaid,29.7,79,315.3,Banana,Sugarcane
Telangana,Siddipet,Alluvial Soil,Whole Year,36.0,54,222.1,Apple,Maize
Telangana,Siddipet,Black Soil,Rabi,24.2,51,309.9,Lentil,Soybean
Telangana,Suryapet,Alluvial Soil,Zaid,39.2,61,245.5,Mango,Sugarcane
Telangana,Suryapet,Black Soil,Kharif,36.5,60,214.3,Pomegranate,Soybean
Telangana,Suryapet,Alluvial Soil,Kharif,25.6,85,66.0,Papaya,Wheat
Telangana,Suryapet,Alluvial Soil,Zaid,31.3,56,312.1,Cotton,Sugarcane
Telangana,Suryapet,Laterite Soil,Kharif,23.6,76,307.2,Mango,Cashew
Telangana,Suryapet,Laterite Soil,Whole Year,37.5,83,70.5,Mungbean,Coffee
Telangana,Suryapet,Black Soil,Rabi,28.1,80,86.3,Pigeonpeas,Jowar
Telangana,Suryapet,Sandy Soil,Whole Year,31.0,95,202.3,Coconut,Muskmelon
Telangana,Suryapet,Sandy Soil,Kharif,36.3,80,65.3,Jute,Watermelon
Telangana,Suryapet,Red Soil,Whole Year,30.4,49,85.9,Pomegranate,Groundnut
Telangana,Suryapet,Black Soil,Kharif,18.2,56,184.8,Mothbeans,Soybean
Telangana,Suryapet,Loamy Soil,Zaid,30.7,48,291.4,Maize,Rice
Telangana,Suryapet,Sandy Soil,Kharif,38.2,93,35.2,Pomegranate,Watermelon
Telangana,Suryapet,Loamy Soil,Kharif,26.8,59,308.4,Coffee,Wheat
Telangana,Suryapet,Loamy Soil,Kharif,29.6,68,70.9,Coffee,Rice
Telangana,Suryapet,Laterite Soil,Kharif,32.7,69,210.3,Pomegranate,Cashew
Telangana,Suryapet,Sandy Soil,Whole Year,31.4,67,238.7,Maize,Muskmelon
Telangana,Suryapet,Red Soil,Zaid,38.7,90,84.0,Mungbean,Millets
Telangana,Suryapet,Black Soil,Zaid,24.5,87,279.9,Cotton,Soybean
Telangana,Suryapet,Black Soil,Zaid,36.0,83,120.5,Kidneybeans,Cotton
Telangana,Vikarabad,Loamy Soil,Kharif,36.8,75,296.2,Rice,Sugarcane
Telangana,Vikarabad,Sandy Soil,Rabi,23.8,51,190.4,Orange,Groundnut
Telangana,Vikarabad,Alluvial Soil,Zaid,35.8,93,93.3,Rice,Sugarcane
Telangana,Vikarabad,Black Soil,Whole Year,31.8,70,258.2,Coconut,Cotton
Telangana,Vikarabad,Black Soil,Zaid,19.3,46,189.5,Grapes,Jowar
Telangana,Vikarabad,Black Soil,Whole Year,30.3,95,331.5,Watermelon,Jowar
Telangana,Vikarabad,Alluvial Soil,Zaid,33.9,42,69.2,Mothbeans,Rice
Telangana,Vikarabad,Black Soil,Rabi,28.2,82,174.2,Coconut,Cotton
Telangana,Vikarabad,Red Soil,Zaid,22.3,62,67.6,Blackgram,Groundnut
Telangana,Vikarabad,Sandy Soil,Rabi,26.2,71,254.1,Rice,Watermelon
Telangana,Vikarabad,Loamy Soil,Zaid,28.1,94,120.5,Rice,Rice
Telangana,Vikarabad,Loamy Soil,Whole Year,38.2,72,274.7,Kidneybeans,Sugarcane
Telangana,Vikarabad,Sandy Soil,Kharif,39.5,66,65.8,Lentil,Groundnut
Telangana,Vikarabad,Alluvial Soil,Kharif,32.5,74,337.1,Watermelon,Rice
Telangana,Vikarabad,Alluvial Soil,Rabi,37.4,87,198.0,Blackgram,Wheat
Telangana,Vikarabad,Red Soil,Kharif,32.8,45,31.7,Maize,Pulses
Telangana,Vikarabad,Alluvial Soil,Zaid,36.1,49,88.7,Rice,Maize
Telangana,Vikarabad,Black Soil,Rabi,33.2,81,90.8,Coconut,Jowar
Telangana,Vikarabad,Black Soil,Rabi,22.0,57,257.0,Maize,Jowar
Telangana,Vikarabad,Black Soil,Rabi,24.0,72,208.2,Chickpea,Jowar
Telangana,Wanaparthy,Loamy Soil,Whole Year,32.3,46,237.5,Blackgram,Sugarcane
Telangana,Wanaparthy,Black Soil,Zaid,22.0,74,238.1,Cotton,Jowar
Telangana,Wanaparthy,Black Soil,Rabi,32.6,79,196.8,Mungbean,Soybean
Telangana,Wanaparthy,Loamy Soil,Whole Year,38.0,72,158.5,Pigeonpeas,Rice
Telangana,Wanaparthy,Sandy Soil,Whole Year,26.2,82,74.7,Watermelon,Watermelon
Telangana,Wanaparthy,Laterite Soil,Rabi,21.2,68,240.3,Grapes,Coffee
Telangana,Wanaparthy,Loamy Soil,Whole Year,21.0,62,334.4,Coconut,Rice
Telangana,Wanaparthy,Loamy Soil,Whole Year,37.9,91,138.5,Mango,Sugarcane
Telangana,Wanaparthy,Sandy Soil,Zaid,33.4,41,318.2,Cotton,Watermelon
Telangana,Wanaparthy,Red Soil,Rabi,22.1,48,205.3,Mango,Pulses
Telangana,Wanaparthy,Alluvial Soil,Kharif,30.3,70,262.9,Kidneybeans,Wheat
Telangana,Wanaparthy,Red Soil,Rabi,19.7,72,278.0,Maize,Groundnut
Telangana,Wanaparthy,Red Soil,Rabi,37.4,70,310.9,Muskmelon,Pulses
Telangana,Wanaparthy,Red Soil,Whole Year,33.6,92,172.9,Pomegranate,Pulses
Telangana,Wanaparthy,Red Soil,Zaid,24.8,57,182.3,Muskmelon,Millets
Telangana,Wanaparthy,Laterite Soil,Kharif,24.6,45,65.9,Jute,Coffee
Telangana,Wanaparthy,Sandy Soil,Whole Year,30.2,88,148.3,Maize,Watermelon
Telangana,Wanaparthy,Alluvial Soil,Zaid,35.3,72,277.3,Cotton,Rice
Telangana,Wanaparthy,Alluvial Soil,Whole Year,21.7,54,69.3,Orange,Sugarcane
Telangana,Wanaparthy,Alluvial Soil,Rabi,31.4,79,149.6,Kidneybeans,Wheat
Telangana,Warangal,Alluvial Soil,Kharif,22.9,72,40.0,Pigeonpeas,Sugarcane
Telangana,Warangal,Laterite Soil,Whole Year,20.9,90,130.2,Blackgram,Coffee
Telangana,Warangal,Red Soil,Rabi,24.1,78,165.8,Chickpea,Groundnut
Telangana,Warangal,Sandy Soil,Rabi,37.1,47,128.0,Coconut,Muskmelon
Telangana,Warangal,Sandy Soil,Zaid,19.7,70,287.9,Coconut,Watermelon
Telangana,Warangal,Red Soil,Zaid,28.7,56,252.8,Cotton,Millets
Telangana,Warangal,Red Soil,Whole Year,30.8,49,110.7,Mothbeans,Groundnut
Telangana,Warangal,Laterite Soil,Rabi,28.1,45,173.7,Apple,Cashew
Telangana,Warangal,Laterite Soil,Kharif,30.4,48,33.5,Coconut,Tea
Telangana,Warangal,Laterite Soil,Rabi,25.6,45,155.3,Pigeonpeas,Tea
Telangana,Warangal,Loamy Soil,Kharif,20.1,48,236.1,Coffee,Rice
Telangana,Warangal,Sandy Soil,Whole Year,38.1,70,222.1,Kidneybeans,Muskmelon
Telangana,Warangal,Black Soil,Zaid,35.2,65,311.9,Muskmelon,Jowar
Telangana,Warangal,Sandy Soil,Kharif,25.9,70,36.9,Cotton,Watermelon
Telangana,Warangal,Alluvial Soil,Zaid,32.8,50,73.4,Mungbean,Wheat
Telangana,Warangal,Black Soil,Kharif,18.8,48,298.8,Lentil,Soybean
Telangana,Warangal,Alluvial Soil,Zaid,24.3,58,345.5,Mothbeans,Wheat
Telangana,Warangal,Sandy Soil,Rabi,31.8,76,148.1,Banana,Muskmelon
Telangana,Warangal,Laterite Soil,Zaid,39.6,82,148.6,Rice,Cashew
Telangana,Warangal,Laterite Soil,Kharif,24.5,74,287.0,Mango,Coffee
Telangana,Yadadri Bhuvanagiri,Black Soil,Whole Year,28.5,87,100.3,Muskmelon,Cotton
Telangana,Yadadri Bhuvanagiri,Red Soil,Rabi,39.0,84,114.0,Jute,Groundnut
Telangana,Yadadri Bhuvanagiri,Alluvial Soil,Whole Year,39.7,44,163.5,Papaya,Sugarcane
Telangana,Yadadri Bhuvanagiri,Laterite Soil,Kharif,26.5,52,272.0,Papaya,Cashew
Telangana,Yadadri Bhuvanagiri,Alluvial Soil,Kharif,19.0,83,251.4,Blackgram,Maize
Telangana,Yadadri Bhuvanagiri,Loamy Soil,Kharif,25.7,40,117.2,Watermelon,Sugarcane
Telangana,Yadadri Bhuvanagiri,Loamy Soil,Rabi,28.6,52,81.0,Coconut,Sugarcane
Telangana,Yadadri Bhuvanagiri,Loamy Soil,Kharif,20.3,93,227.7,Mungbean,Rice
Telangana,Yadadri Bhuvanagiri,Red Soil,Whole Year,31.0,78,67.0,Coconut,Millets
Telangana,Yadadri Bhuvanagiri,Red Soil,Kharif,29.2,67,298.1,Chickpea,Groundnut
Telangana,Yadadri Bhuvanagiri,Laterite Soil,Kharif,24.2,45,283.3,Papaya,Coffee
Telangana,Yadadri Bhuvanagiri,Black Soil,Kharif,20.7,82,54.1,Mothbeans,Soybean
Telangana,Yadadri Bhuvanagiri,Sandy Soil,Rabi,26.7,89,150.9,Maize,Groundnut
Telangana,Yadadri Bhuvanagiri,Alluvial Soil,Kharif,28.7,89,278.8,Apple,Wheat
Telangana,Yadadri Bhuvanagiri,Black Soil,Whole Year,36.8,47,164.3,Grapes,Soybean
Telangana,Yadadri Bhuvanagiri,Alluvial Soil,Rabi,25.8,58,264.0,Mungbean,Sugarcane
Telangana,Yadadri Bhuvanagiri,Black Soil,Whole Year,34.6,59,231.1,Chickpea,Jowar
Telangana,Yadadri Bhuvanagiri,Red Soil,Rabi,27.4,74,268.7,Orange,Millets
Telangana,Yadadri Bhuvanagiri,Sandy Soil,Kharif,39.3,48,101.4,Banana,Watermelon
Telangana,Yadadri Bhuvanagiri,Laterite Soil,Kharif,23.6,40,24.4,Mungbean,Cashew
West Bengal,Alipurduar,Black Soil,Kharif,31.2,58,325.9,Orange,Soybean
West Bengal,Alipurduar,Loamy Soil,Rabi,21.9,67,332.8,Mango,Wheat
West Bengal,Alipurduar,Alluvial Soil,Zaid,22.4,83,319.7,Apple,Rice
West Bengal,Alipurduar,Red Soil,Whole Year,25.6,72,227.9,Papaya,Pulses
West Bengal,Alipurduar,Laterite Soil,Rabi,24.3,75,338.4,Mungbean,Tea
West Bengal,Alipurduar,Alluvial Soil,Kharif,20.6,49,47.5,Kidneybeans,Maize
West Bengal,Alipurduar,Alluvial Soil,Rabi,32.0,50,211.8,Blackgram,Wheat
West Bengal,Alipurduar,Laterite Soil,Rabi,24.8,95,103.9,Mungbean,Cashew
West Bengal,Alipurduar,Alluvial Soil,Whole Year,38.4,93,185.2,Jute,Rice
West Bengal,Alipurduar,Laterite Soil,Rabi,27.3,78,288.2,Chickpea,Tea
West Bengal,Alipurduar,Loamy Soil,Zaid,22.1,82,161.9,Kidneybeans,Sugarcane
West Bengal,Alipurduar,Sandy Soil,Zaid,29.9,81,247.3,Banana,Muskmelon
West Bengal,Alipurduar,Laterite Soil,Zaid,30.9,72,129.6,Grapes,Tea
West Bengal,Alipurduar,Laterite Soil,Rabi,32.6,41,137.2,Pigeonpeas,Cashew
West Bengal,Alipurduar,Loamy Soil,Rabi,24.0,74,202.7,Mungbean,Maize
West Bengal,Alipurduar,Loamy Soil,Rabi,27.9,85,83.4,Rice,Wheat
West Bengal,Alipurduar,Sandy Soil,Zaid,38.3,66,155.0,Pomegranate,Groundnut
West Bengal,Alipurduar,Alluvial Soil,Rabi,37.7,88,348.9,Mothbeans,Wheat
West Bengal,Alipurduar,Black Soil,Whole Year,25.0,84,219.5,Chickpea,Soybean
West Bengal,Alipurduar,Laterite Soil,Rabi,32.9,95,329.1,Banana,Coffee
West Bengal,Bankura,Laterite Soil,Rabi,24.6,87,67.5,Cotton,Tea
West Bengal,Bankura,Laterite Soil,Whole Year,26.1,94,308.6,Papaya,Coffee
West Bengal,Bankura,Laterite Soil,Rabi,23.5,40,23.2,Grapes,Cashew
West Bengal,Bankura,Sandy Soil,Zaid,39.8,50,142.7,Blackgram,Watermelon
West Bengal,Bankura,Alluvial Soil,Rabi,20.4,82,113.3,Maize,Rice
West Bengal,Bankura,Black Soil,Zaid,22.9,54,111.4,Kidneybeans,Jowar
West Bengal,Bankura,Red Soil,Whole Year,35.5,42,152.7,Banana,Millets
West Bengal,Bankura,Laterite Soil,Zaid,25.7,44,221.8,Blackgram,Cashew
West Bengal,Bankura,Loamy Soil,Kharif,37.0,87,61.6,Lentil,Sugarcane
West Bengal,Bankura,Alluvial Soil,Rabi,30.8,68,107.4,Cotton,Wheat
West Bengal,Bankura,Loamy Soil,Whole Year,31.9,89,38.0,Papaya,Maize
West Bengal,Bankura,Sandy Soil,Rabi,29.6,81,166.8,Coconut,Groundnut
West Bengal,Bankura,Sandy Soil,Rabi,18.9,90,197.3,Banana,Groundnut
West Bengal,Bankura,Black Soil,Rabi,35.2,65,181.4,Maize,Cotton
West Bengal,Bankura,Laterite Soil,Zaid,38.8,75,131.8,Coffee,Coffee
West Bengal,Bankura,Black Soil,Rabi,24.4,84,46.1,Banana,Soybean
West Bengal,Bankura,Red Soil,Kharif,31.2,40,286.6,Muskmelon,Pulses
West Bengal,Bankura,Sandy Soil,Zaid,29.3,82,289.2,Blackgram,Groundnut
West Bengal,Bankura,Sandy Soil,Whole Year,35.3,82,311.0,Orange,Muskmelon
West Bengal,Bankura,Loamy Soil,Kharif,28.9,49,164.0,Papaya,Maize
West Bengal,Birbhum,Loamy Soil,Zaid,25.1,41,199.3,Mango,Rice
West Bengal,Birbhum,Black Soil,Whole Year,22.6,54,268.4,Banana,Soybean
West Bengal,Birbhum,Loamy Soil,Zaid,31.8,51,170.8,Papaya,Wheat
West Bengal,Birbhum,Red Soil,Whole Year,28.8,81,267.9,Coconut,Millets
West Bengal,Birbhum,Sandy Soil,Kharif,32.0,75,116.2,Rice,Watermelon
West Bengal,Birbhum,Alluvial Soil,Zaid,40.0,66,178.9,Coffee,Rice
West Bengal,Birbhum,Sandy Soil,Kharif,29.7,76,287.4,Banana,Watermelon
West Bengal,Birbhum,Sandy Soil,Kharif,39.5,41,165.8,Maize,Muskmelon
West Bengal,Birbhum,Red Soil,Kharif,36.8,92,269.1,Mungbean,Millets
West Bengal,Birbhum,Alluvial Soil,Kharif,32.6,53,150.1,Pomegranate,Rice
West Bengal,Birbhum,Laterite Soil,Whole Year,28.2,85,197.6,Muskmelon,Coffee
West Bengal,Birbhum,Alluvial Soil,Rabi,30.8,66,116.1,Mothbeans,Sugarcane
West Bengal,Birbhum,Sandy Soil,Rabi,27.0,66,210.9,Orange,Groundnut
West Bengal,Birbhum,Black Soil,Whole Year,18.4,65,100.4,Banana,Jowar
West Bengal,Birbhum,Loamy Soil,Kharif,34.1,72,33.5,Jute,Rice
West Bengal,Birbhum,Sandy Soil,Rabi,34.5,85,144.1,Mango,Watermelon
West Bengal,Birbhum,Alluvial Soil,Whole Year,26.6,71,164.2,Rice,Wheat
West Bengal,Birbhum,Sandy Soil,Rabi,37.1,53,47.7,Coffee,Muskmelon
West Bengal,Birbhum,Laterite Soil,Kharif,36.0,92,131.1,Orange,Coffee
West Bengal,Birbhum,Sandy Soil,Whole Year,18.9,72,227.6,Rice,Groundnut
West Bengal,Cooch Behar,Black Soil,Rabi,35.4,68,283.8,Coconut,Soybean
West Bengal,Cooch Behar,Black Soil,Zaid,29.5,79,272.7,Lentil,Cotton
West Bengal,Cooch Behar,Red Soil,Rabi,27.6,54,104.7,Grapes,Groundnut
West Bengal,Cooch Behar,Sandy Soil,Rabi,19.0,50,152.5,Grapes,Watermelon
West Bengal,Cooch Behar,Black Soil,Whole Year,27.7,48,260.3,Pigeonpeas,Cotton
West Bengal,Cooch Behar,Loamy Soil,Kharif,21.7,76,216.4,Maize,Maize
West Bengal,Cooch Behar,Black Soil,Whole Year,27.0,83,126.6,Apple,Jowar
West Bengal,Cooch Behar,Laterite Soil,Kharif,23.8,89,184.5,Watermelon,Coffee
West Bengal,Cooch Behar,Alluvial Soil,Kharif,36.1,94,47.8,Orange,Maize
West Bengal,Cooch Behar,Red Soil,Rabi,33.8,54,249.5,Pomegranate,Millets
West Bengal,Cooch Behar,Sandy Soil,Rabi,38.5,48,49.8,Pigeonpeas,Groundnut
West Bengal,Cooch Behar,Red Soil,Zaid,39.6,47,24.6,Banana,Millets
West Bengal,Cooch Behar,Black Soil,Rabi,36.0,59,135.8,Orange,Jowar
West Bengal,Cooch Behar,Loamy Soil,Zaid,32.9,56,317.0,Pigeonpeas,Rice
West Bengal,Cooch Behar,Loamy Soil,Whole Year,32.7,75,230.9,Cotton,Wheat
West Bengal,Cooch Behar,Loamy Soil,Whole Year,33.2,70,60.1,Papaya,Wheat
West Bengal,Cooch Behar,Red Soil,Zaid,37.7,84,234.2,Rice,Groundnut
West Bengal,Cooch Behar,Red Soil,Whole Year,35.2,47,222.6,Apple,Groundnut
West Bengal,Cooch Behar,Loamy Soil,Kharif,28.3,75,194.4,Rice,Rice
West Bengal,Cooch Behar,Alluvial Soil,Whole Year,26.3,57,150.0,Mungbean,Rice
West Bengal,Dakshin Dinajpur,Laterite Soil,Kharif,39.1,41,224.0,Muskmelon,Tea
West Bengal,Dakshin Dinajpur,Sandy Soil,Rabi,21.3,49,120.4,Cotton,Watermelon
West Bengal,Dakshin Dinajpur,Red Soil,Zaid,31.8,79,106.5,Orange,Millets
West Bengal,Dakshin Dinajpur,Alluvial Soil,Whole Year,33.6,43,95.4,Rice,Sugarcane
West Bengal,Dakshin Dinajpur,Alluvial Soil,Zaid,21.4,44,133.5,Mungbean,Wheat
West Bengal,Dakshin Dinajpur,Sandy Soil,Rabi,27.5,62,60.7,Maize,Watermelon
West Bengal,Dakshin Dinajpur,Sandy Soil,Rabi,21.7,67,71.3,Maize,Muskmelon
West Bengal,Dakshin Dinajpur,Loamy Soil,Zaid,21.6,78,95.2,Muskmelon,Maize
West Bengal,Dakshin Dinajpur,Black Soil,Whole Year,32.2,49,338.6,Chickpea,Jowar
West Bengal,Dakshin Dinajpur,Alluvial Soil,Kharif,24.1,56,40.2,Grapes,Wheat
West Bengal,Dakshin Dinajpur,Sandy Soil,Whole Year,19.9,66,40.6,Lentil,Groundnut
West Bengal,Dakshin Dinajpur,Laterite Soil,Rabi,31.5,62,153.8,Rice,Tea
West Bengal,Dakshin Dinajpur,Alluvial Soil,Rabi,21.0,60,164.8,Apple,Maize
West Bengal,Dakshin Dinajpur,Loamy Soil,Rabi,19.7,57,231.6,Blackgram,Maize
West Bengal,Dakshin Dinajpur,Alluvial Soil,Rabi,32.2,64,120.1,Papaya,Rice
West Bengal,Dakshin Dinajpur,Sandy Soil,Rabi,37.8,66,37.6,Papaya,Muskmelon
West Bengal,Dakshin Dinajpur,Black Soil,Whole Year,21.5,89,126.0,Coconut,Cotton
West Bengal,Dakshin Dinajpur,Alluvial Soil,Rabi,33.1,72,55.8,Lentil,Rice
West Bengal,Dakshin Dinajpur,Alluvial Soil,Rabi,25.0,89,88.0,Kidneybeans,Wheat
West Bengal,Dakshin Dinajpur,Black Soil,Whole Year,27.7,40,97.7,Orange,Cotton
West Bengal,Darjeeling,Alluvial Soil,Whole Year,28.9,94,20.9,Pigeonpeas,Rice
West Bengal,Darjeeling,Laterite Soil,Kharif,18.9,75,137.9,Maize,Cashew
West Bengal,Darjeeling,Alluvial Soil,Whole Year,31.6,79,88.5,Banana,Maize
West Bengal,Darjeeling,Black Soil,Rabi,29.5,40,106.1,Blackgram,Cotton
West Bengal,Darjeeling,Sandy Soil,Rabi,36.2,87,187.6,Coconut,Watermelon
West Bengal,Darjeeling,Red Soil,Whole Year,26.6,69,84.2,Pigeonpeas,Groundnut
West Bengal,Darjeeling,Sandy Soil,Rabi,24.0,40,184.4,Papaya,Groundnut
West Bengal,Darjeeling,Loamy Soil,Kharif,19.5,72,207.8,Blackgram,Sugarcane
West Bengal,Darjeeling,Loamy Soil,Rabi,22.2,47,38.4,Jute,Wheat
West Bengal,Darjeeling,Laterite Soil,Whole Year,20.2,91,92.0,Watermelon,Tea
West Bengal,Darjeeling,Alluvial Soil,Whole Year,31.1,88,25.4,Cotton,Maize
West Bengal,Darjeeling,Sandy Soil,Rabi,35.2,86,124.9,Orange,Muskmelon
West Bengal,Darjeeling,Sandy Soil,Whole Year,27.0,70,326.7,Grapes,Muskmelon
West Bengal,Darjeeling,Alluvial Soil,Whole Year,33.6,90,49.0,Pomegranate,Maize
West Bengal,Darjeeling,Black Soil,Zaid,21.2,42,203.4,Jute,Jowar
West Bengal,Darjeeling,Laterite Soil,Whole Year,25.6,45,180.7,Apple,Tea
West Bengal,Darjeeling,Alluvial Soil,Kharif,19.1,42,46.5,Mango,Maize
West Bengal,Darjeeling,Red Soil,Zaid,27.2,57,113.0,Jute,Pulses
West Bengal,Darjeeling,Loamy Soil,Whole Year,19.1,81,64.7,Apple,Sugarcane
West Bengal,Darjeeling,Sandy Soil,Kharif,34.2,69,53.4,Jute,Groundnut
West Bengal,Hooghly,Sandy Soil,Whole Year,37.7,51,190.1,Jute,Groundnut
West Bengal,Hooghly,Red Soil,Rabi,33.0,61,86.3,Mungbean,Groundnut
West Bengal,Hooghly,Black Soil,Kharif,33.1,69,37.2,Cotton,Jowar
West Bengal,Hooghly,Alluvial Soil,Zaid,37.2,42,34.4,Kidneybeans,Sugarcane
West Bengal,Hooghly,Red Soil,Rabi,27.1,78,66.7,Lentil,Groundnut
West Bengal,Hooghly,Black Soil,Zaid,36.9,87,144.9,Grapes,Soybean
West Bengal,Hooghly,Black Soil,Whole Year,29.1,65,29.7,Grapes,Jowar
West Bengal,Hooghly,Loamy Soil,Kharif,39.0,90,328.6,Blackgram,Rice
West Bengal,Hooghly,Red Soil,Zaid,28.6,64,297.1,Coconut,Millets
West Bengal,Hooghly,Sandy Soil,Kharif,29.0,69,274.9,Jute,Groundnut
West Bengal,Hooghly,Loamy Soil,Whole Year,25.2,47,182.3,Grapes,Wheat
West Bengal,Hooghly,Loamy Soil,Kharif,21.3,87,58.4,Pomegranate,Wheat
West Bengal,Hooghly,Laterite Soil,Kharif,36.0,68,224.6,Mango,Coffee
West Bengal,Hooghly,Alluvial Soil,Rabi,29.5,43,273.0,Lentil,Wheat
West Bengal,Hooghly,Loamy Soil,Kharif,36.2,62,65.2,Pomegranate,Maize
West Bengal,Hooghly,Black Soil,Rabi,36.5,73,264.2,Chickpea,Soybean
West Bengal,Hooghly,Loamy Soil,Whole Year,20.8,90,257.8,Coconut,Maize
West Bengal,Hooghly,Loamy Soil,Zaid,35.2,53,308.7,Rice,Maize
West Bengal,Hooghly,Sandy Soil,Zaid,22.7,66,142.2,Coconut,Muskmelon
West Bengal,Hooghly,Laterite Soil,Zaid,28.0,66,20.5,Rice,Cashew
West Bengal,Howrah,Black Soil,Rabi,22.4,48,112.4,Rice,Soybean
West Bengal,Howrah,Sandy Soil,Whole Year,38.1,81,166.9,Mango,Groundnut
West Bengal,Howrah,Black Soil,Zaid,28.5,77,317.2,Blackgram,Soybean
West Bengal,Howrah,Black Soil,Whole Year,31.8,77,274.5,Cotton,Jowar
West Bengal,Howrah,Loamy Soil,Whole Year,27.3,41,178.2,Mango,Sugarcane
West Bengal,Howrah,Loamy Soil,Kharif,22.2,65,165.8,Jute,Sugarcane
West Bengal,Howrah,Alluvial Soil,Whole Year,18.4,89,89.8,Papaya,Sugarcane
West Bengal,Howrah,Laterite Soil,Rabi,34.1,41,23.1,Banana,Coffee
West Bengal,Howrah,Alluvial Soil,Rabi,26.1,57,240.4,Muskmelon,Maize
West Bengal,Howrah,Laterite Soil,Whole Year,28.9,90,200.9,Kidneybeans,Cashew
West Bengal,Howrah,Alluvial Soil,Rabi,25.4,84,189.5,Coffee,Maize
West Bengal,Howrah,Laterite Soil,Zaid,38.7,47,188.3,Watermelon,Coffee
West Bengal,Howrah,Black Soil,Kharif,20.3,50,286.3,Coffee,Cotton
West Bengal,Howrah,Alluvial Soil,Kharif,29.9,66,84.0,Kidneybeans,Maize
West Bengal,Howrah,Loamy Soil,Zaid,34.8,45,320.9,Jute,Maize
West Bengal,Howrah,Laterite Soil,Whole Year,19.9,59,67.4,Kidneybeans,Cashew
West Bengal,Howrah,Red Soil,Rabi,39.0,81,139.5,Mungbean,Millets
West Bengal,Howrah,Loamy Soil,Rabi,35.1,46,22.6,Blackgram,Wheat
West Bengal,Howrah,Black Soil,Zaid,23.6,56,77.1,Apple,Cotton
West Bengal,Howrah,Loamy Soil,Rabi,27.3,44,68.3,Mango,Maize
West Bengal,Jalpaiguri,Laterite Soil,Rabi,28.7,58,76.1,Orange,Coffee
West Bengal,Jalpaiguri,Loamy Soil,Kharif,39.7,57,281.0,Jute,Rice
West Bengal,Jalpaiguri,Alluvial Soil,Whole Year,36.2,70,43.4,Chickpea,Maize
West Bengal,Jalpaiguri,Red Soil,Whole Year,31.1,70,157.0,Pomegranate,Pulses
West Bengal,Jalpaiguri,Alluvial Soil,Zaid,36.0,47,303.0,Coffee,Sugarcane
West Bengal,Jalpaiguri,Red Soil,Zaid,25.7,57,230.0,Chickpea,Pulses
West Bengal,Jalpaiguri,Loamy Soil,Rabi,32.6,89,289.8,Coffee,Wheat
West Bengal,Jalpaiguri,Laterite Soil,Zaid,27.7,92,264.7,Pomegranate,Tea
West Bengal,Jalpaiguri,Alluvial Soil,Zaid,31.8,93,60.9,Mango,Rice
West Bengal,Jalpaiguri,Loamy Soil,Zaid,31.5,43,209.4,Blackgram,Maize
West Bengal,Jalpaiguri,Red Soil,Whole Year,29.6,62,101.4,Mungbean,Millets
West Bengal,Jalpaiguri,Laterite Soil,Kharif,21.8,69,78.4,Lentil,Coffee
West Bengal,Jalpaiguri,Black Soil,Zaid,26.2,95,176.0,Mungbean,Jowar
West Bengal,Jalpaiguri,Sandy Soil,Kharif,24.1,87,202.1,Grapes,Muskmelon
West Bengal,Jalpaiguri,Loamy Soil,Rabi,20.1,42,325.8,Papaya,Rice
West Bengal,Jalpaiguri,Loamy Soil,Whole Year,25.7,59,191.5,Lentil,Wheat
West Bengal,Jalpaiguri,Sandy Soil,Zaid,34.4,40,52.9,Muskmelon,Muskmelon
West Bengal,Jalpaiguri,Black Soil,Kharif,24.8,48,258.9,Mungbean,Cotton
West Bengal,Jalpaiguri,Sandy Soil,Kharif,20.5,70,119.0,Mungbean,Muskmelon
West Bengal,Jalpaiguri,Red Soil,Kharif,36.1,77,249.8,Orange,Pulses
West Bengal,Jhargram,Loamy Soil,Rabi,34.0,86,249.9,Orange,Wheat
West Bengal,Jhargram,Sandy Soil,Kharif,37.7,92,145.5,Mungbean,Muskmelon
West Bengal,Jhargram,Alluvial Soil,Rabi,32.2,92,46.8,Cotton,Sugarcane
West Bengal,Jhargram,Sandy Soil,Kharif,27.0,57,64.5,Grapes,Groundnut
West Bengal,Jhargram,Sandy Soil,Rabi,33.7,81,30.5,Mungbean,Muskmelon
West Bengal,Jhargram,Red Soil,Kharif,36.5,72,258.1,Mungbean,Pulses
West Bengal,Jhargram,Black Soil,Zaid,31.5,53,152.4,Chickpea,Cotton
West Bengal,Jhargram,Red Soil,Kharif,31.3,74,39.2,Orange,Pulses
West Bengal,Jhargram,Red Soil,Whole Year,26.4,59,58.0,Mungbean,Groundnut
West Bengal,Jhargram,Loamy Soil,Zaid,22.6,71,304.0,Blackgram,Wheat
West Bengal,Jhargram,Sandy Soil,Whole Year,24.4,80,264.3,Grapes,Muskmelon
West Bengal,Jhargram,Red Soil,Whole Year,29.0,51,37.2,Blackgram,Millets
West Bengal,Jhargram,Black Soil,Kharif,30.5,57,295.3,Banana,Soybean
West Bengal,Jhargram,Red Soil,Rabi,39.9,56,239.2,Jute,Pulses
West Bengal,Jhargram,Alluvial Soil,Whole Year,27.1,70,93.9,Muskmelon,Rice
West Bengal,Jhargram,Alluvial Soil,Whole Year,34.3,88,182.2,Mungbean,Maize
West Bengal,Jhargram,Laterite Soil,Zaid,32.5,89,231.2,Orange,Cashew
West Bengal,Jhargram,Alluvial Soil,Kharif,25.4,74,159.9,Muskmelon,Maize
West Bengal,Jhargram,Red Soil,Zaid,20.1,80,105.2,Pomegranate,Groundnut
West Bengal,Jhargram,Alluvial Soil,Zaid,39.6,72,276.5,Apple,Maize
West Bengal,Kalimpong,Laterite Soil,Kharif,40.0,85,22.0,Chickpea,Cashew
West Bengal,Kalimpong,Loamy Soil,Kharif,23.9,93,148.6,Maize,Wheat
West Bengal,Kalimpong,Laterite Soil,Rabi,19.9,64,52.1,Rice,Coffee
West Bengal,Kalimpong,Sandy Soil,Kharif,18.3,95,248.4,Maize,Watermelon
West Bengal,Kalimpong,Black Soil,Kharif,29.6,85,249.0,Jute,Cotton
West Bengal,Kalimpong,Loamy Soil,Kharif,25.4,73,316.9,Chickpea,Wheat
West Bengal,Kalimpong,Sandy Soil,Whole Year,24.1,54,344.8,Coffee,Muskmelon
West Bengal,Kalimpong,Black Soil,Zaid,38.0,66,294.7,Pigeonpeas,Jowar
West Bengal,Kalimpong,Alluvial Soil,Whole Year,27.9,87,336.5,Pomegranate,Sugarcane
West Bengal,Kalimpong,Black Soil,Kharif,37.3,85,52.8,Kidneybeans,Soybean
West Bengal,Kalimpong,Loamy Soil,Kharif,37.9,58,221.2,Orange,Wheat
West Bengal,Kalimpong,Black Soil,Kharif,33.9,91,56.0,Jute,Jowar
West Bengal,Kalimpong,Sandy Soil,Kharif,27.9,90,200.1,Mothbeans,Groundnut
West Bengal,Kalimpong,Laterite Soil,Zaid,27.5,51,71.4,Coffee,Cashew
West Bengal,Kalimpong,Sandy Soil,Zaid,22.8,51,274.4,Banana,Groundnut
West Bengal,Kalimpong,Loamy Soil,Zaid,18.2,90,168.4,Mungbean,Wheat
West Bengal,Kalimpong,Red Soil,Zaid,34.3,53,333.5,Coffee,Groundnut
West Bengal,Kalimpong,Red Soil,Whole Year,20.0,83,27.3,Mothbeans,Groundnut
West Bengal,Kalimpong,Laterite Soil,Zaid,39.4,84,186.7,Coconut,Coffee
West Bengal,Kalimpong,Laterite Soil,Whole Year,20.0,72,85.9,Muskmelon,Coffee
West Bengal,Kolkata,Loamy Soil,Zaid,38.2,53,32.5,Orange,Sugarcane
West Bengal,Kolkata,Laterite Soil,Zaid,31.2,63,123.8,Lentil,Tea
West Bengal,Kolkata,Black Soil,Rabi,22.3,85,244.1,Grapes,Jowar
West Bengal,Kolkata,Alluvial Soil,Zaid,20.9,49,309.1,Orange,Rice
West Bengal,Kolkata,Laterite Soil,Zaid,33.1,47,250.8,Coconut,Cashew
West Bengal,Kolkata,Red Soil,Zaid,35.5,92,159.2,Papaya,Groundnut
West Bengal,Kolkata,Red Soil,Zaid,33.1,60,138.0,Kidneybeans,Pulses
West Bengal,Kolkata,Laterite Soil,Zaid,35.2,63,259.4,Rice,Coffee
West Bengal,Kolkata,Black Soil,Zaid,28.8,76,57.8,Mothbeans,Jowar
West Bengal,Kolkata,Alluvial Soil,Zaid,26.4,68,80.2,Banana,Sugarcane
West Bengal,Kolkata,Sandy Soil,Zaid,21.4,41,152.2,Kidneybeans,Watermelon
West Bengal,Kolkata,Alluvial Soil,Kharif,34.0,59,119.7,Cotton,Wheat
West Bengal,Kolkata,Laterite Soil,Rabi,31.1,74,159.8,Muskmelon,Cashew
West Bengal,Kolkata,Loamy Soil,Zaid,20.0,59,33.8,Banana,Rice
West Bengal,Kolkata,Red Soil,Rabi,20.6,73,335.6,Chickpea,Pulses
West Bengal,Kolkata,Black Soil,Zaid,24.4,79,244.3,Blackgram,Jowar
West Bengal,Kolkata,Black Soil,Zaid,20.7,74,167.4,Apple,Jowar
West Bengal,Kolkata,Sandy Soil,Rabi,30.3,56,56.4,Rice,Muskmelon
West Bengal,Kolkata,Loamy Soil,Zaid,22.9,48,196.5,Coffee,Wheat
West Bengal,Kolkata,Laterite Soil,Whole Year,21.5,58,51.6,Muskmelon,Coffee
West Bengal,Malda,Sandy Soil,Zaid,28.6,52,340.4,Apple,Groundnut
West Bengal,Malda,Laterite Soil,Zaid,28.2,94,58.2,Cotton,Coffee
West Bengal,Malda,Alluvial Soil,Whole Year,30.1,71,163.3,Mango,Maize
West Bengal,Malda,Black Soil,Kharif,28.1,94,34.0,Apple,Jowar
West Bengal,Malda,Black Soil,Zaid,39.0,60,216.1,Mango,Soybean
West Bengal,Malda,Laterite Soil,Whole Year,23.2,58,34.9,Pomegranate,Coffee
West Bengal,Malda,Black Soil,Zaid,37.5,88,58.5,Maize,Jowar
West Bengal,Malda,Laterite Soil,Whole Year,29.8,73,106.0,Coffee,Coffee
West Bengal,Malda,Loamy Soil,Zaid,33.4,45,162.0,Maize,Sugarcane
West Bengal,Malda,Laterite Soil,Kharif,38.3,64,323.3,Mango,Cashew
West Bengal,Malda,Alluvial Soil,Whole Year,25.2,55,246.0,Pigeonpeas,Wheat
West Bengal,Malda,Red Soil,Rabi,31.1,69,48.9,Mungbean,Pulses
West Bengal,Malda,Sandy Soil,Zaid,32.6,64,114.9,Blackgram,Muskmelon
West Bengal,Malda,Alluvial Soil,Zaid,22.9,43,110.0,Coconut,Maize
West Bengal,Malda,Alluvial Soil,Whole Year,30.0,84,44.6,Maize,Rice
West Bengal,Malda,Sandy Soil,Whole Year,39.6,80,221.3,Kidneybeans,Groundnut
West Bengal,Malda,Loamy Soil,Whole Year,38.1,55,54.8,Mothbeans,Sugarcane
West Bengal,Malda,Sandy Soil,Whole Year,35.5,94,291.7,Mango,Watermelon
West Bengal,Malda,Loamy Soil,Zaid,27.4,57,282.8,Papaya,Sugarcane
West Bengal,Malda,Red Soil,Whole Year,32.5,88,244.8,Grapes,Pulses
West Bengal,Murshidabad,Black Soil,Zaid,37.9,72,290.3,Pomegranate,Jowar
West Bengal,Murshidabad,Red Soil,Zaid,32.9,91,107.3,Mango,Pulses
West Bengal,Murshidabad,Black Soil,Kharif,19.1,70,237.4,Cotton,Cotton
West Bengal,Murshidabad,Red Soil,Zaid,32.3,50,304.2,Coffee,Pulses
West Bengal,Murshidabad,Sandy Soil,Whole Year,29.7,53,25.6,Jute,Watermelon
West Bengal,Murshidabad,Red Soil,Kharif,21.6,89,160.0,Mungbean,Millets
West Bengal,Murshidabad,Red Soil,Rabi,18.7,51,44.9,Banana,Pulses
West Bengal,Murshidabad,Red Soil,Whole Year,24.8,76,167.5,Coffee,Groundnut
West Bengal,Murshidabad,Laterite Soil,Zaid,29.6,62,185.4,Chickpea,Tea
West Bengal,Murshidabad,Loamy Soil,Whole Year,26.0,57,323.3,Coffee,Maize
West Bengal,Murshidabad,Loamy Soil,Zaid,39.2,75,44.8,Mungbean,Rice
West Bengal,Murshidabad,Alluvial Soil,Kharif,23.3,81,346.6,Muskmelon,Sugarcane
West Bengal,Murshidabad,Alluvial Soil,Kharif,22.8,55,161.9,Muskmelon,Wheat
West Bengal,Murshidabad,Black Soil,Rabi,20.5,72,22.6,Watermelon,Jowar
West Bengal,Murshidabad,Sandy Soil,Rabi,30.3,62,257.6,Papaya,Groundnut
West Bengal,Murshidabad,Alluvial Soil,Whole Year,34.6,41,244.2,Mothbeans,Rice
West Bengal,Murshidabad,Sandy Soil,Kharif,24.2,91,140.4,Blackgram,Muskmelon
West Bengal,Murshidabad,Red Soil,Kharif,26.3,64,301.8,Coffee,Pulses
West Bengal,Murshidabad,Laterite Soil,Zaid,27.6,46,269.2,Coffee,Cashew
West Bengal,Murshidabad,Alluvial Soil,Whole Year,27.8,63,129.6,Kidneybeans,Maize
West Bengal,Nadia,Laterite Soil,Whole Year,38.3,47,275.0,Grapes,Cashew
West Bengal,Nadia,Alluvial Soil,Zaid,39.4,69,249.3,Lentil,Wheat
West Bengal,Nadia,Red Soil,Rabi,22.7,88,246.4,Watermelon,Pulses
West Bengal,Nadia,Loamy Soil,Zaid,25.7,67,107.8,Papaya,Sugarcane
West Bengal,Nadia,Loamy Soil,Whole Year,35.3,64,25.9,Pomegranate,Maize
West Bengal,Nadia,Red Soil,Kharif,39.2,95,258.7,Cotton,Pulses
West Bengal,Nadia,Alluvial Soil,Whole Year,34.4,79,193.8,Apple,Rice
West Bengal,Nadia,Loamy Soil,Whole Year,28.6,72,38.4,Kidneybeans,Rice
West Bengal,Nadia,Red Soil,Rabi,36.7,48,48.9,Lentil,Millets
West Bengal,Nadia,Alluvial Soil,Kharif,26.3,63,219.9,Pigeonpeas,Maize
West Bengal,Nadia,Black Soil,Kharif,35.8,90,121.3,Pigeonpeas,Cotton
West Bengal,Nadia,Loamy Soil,Zaid,38.0,82,46.2,Rice,Rice
West Bengal,Nadia,Alluvial Soil,Rabi,39.6,53,46.8,Cotton,Sugarcane
West Bengal,Nadia,Red Soil,Kharif,39.8,95,192.4,Maize,Pulses
West Bengal,Nadia,Laterite Soil,Kharif,29.8,81,294.4,Papaya,Tea
West Bengal,Nadia,Black Soil,Rabi,21.7,84,254.1,Lentil,Jowar
West Bengal,Nadia,Loamy Soil,Zaid,35.6,89,52.0,Pigeonpeas,Rice
West Bengal,Nadia,Red Soil,Rabi,37.0,61,70.0,Muskmelon,Pulses
West Bengal,Nadia,Loamy Soil,Zaid,38.6,75,61.5,Watermelon,Rice
West Bengal,Nadia,Sandy Soil,Rabi,23.7,68,197.5,Cotton,Groundnut
West Bengal,North 24 Parganas,Black Soil,Whole Year,26.2,79,295.6,Mango,Soybean
West Bengal,North 24 Parganas,Laterite Soil,Rabi,25.5,83,230.1,Muskmelon,Cashew
West Bengal,North 24 Parganas,Loamy Soil,Zaid,26.9,40,45.8,Mothbeans,Sugarcane
West Bengal,North 24 Parganas,Sandy Soil,Kharif,31.3,58,286.4,Orange,Groundnut
West Bengal,North 24 Parganas,Laterite Soil,Zaid,36.2,90,164.1,Mungbean,Tea
West Bengal,North 24 Parganas,Black Soil,Kharif,34.0,47,283.9,Coconut,Jowar
West Bengal,North 24 Parganas,Laterite Soil,Whole Year,40.0,88,237.7,Mango,Coffee
West Bengal,North 24 Parganas,Loamy Soil,Rabi,22.6,65,125.3,Maize,Sugarcane
West Bengal,North 24 Parganas,Black Soil,Whole Year,23.7,78,156.0,Blackgram,Soybean
West Bengal,North 24 Parganas,Laterite Soil,Rabi,36.5,74,228.3,Pigeonpeas,Tea
West Bengal,North 24 Parganas,Sandy Soil,Rabi,24.2,68,46.9,Mungbean,Watermelon
West Bengal,North 24 Parganas,Alluvial Soil,Rabi,27.2,65,268.4,Banana,Sugarcane
West Bengal,North 24 Parganas,Red Soil,Rabi,37.5,62,83.9,Lentil,Groundnut
West Bengal,North 24 Parganas,Sandy Soil,Whole Year,19.0,63,110.9,Lentil,Muskmelon
West Bengal,North 24 Parganas,Black Soil,Zaid,33.1,71,235.8,Orange,Jowar
West Bengal,North 24 Parganas,Alluvial Soil,Zaid,34.3,84,323.1,Pomegranate,Wheat
West Bengal,North 24 Parganas,Loamy Soil,Whole Year,25.7,79,67.0,Rice,Maize
West Bengal,North 24 Parganas,Red Soil,Zaid,30.1,48,131.5,Lentil,Millets
West Bengal,North 24 Parganas,Red Soil,Rabi,21.8,61,333.6,Watermelon,Pulses
West Bengal,North 24 Parganas,Loamy Soil,Rabi,38.3,60,84.4,Mango,Maize
West Bengal,Paschim Bardhaman,Sandy Soil,Zaid,33.4,44,256.4,Grapes,Watermelon
West Bengal,Paschim Bardhaman,Red Soil,Rabi,22.6,73,209.6,Coconut,Pulses
West Bengal,Paschim Bardhaman,Black Soil,Rabi,37.9,85,236.0,Mango,Cotton
West Bengal,Paschim Bardhaman,Sandy Soil,Zaid,36.3,71,253.1,Jute,Muskmelon
West Bengal,Paschim Bardhaman,Laterite Soil,Kharif,29.3,73,225.4,Watermelon,Coffee
West Bengal,Paschim Bardhaman,Black Soil,Zaid,30.7,92,250.3,Mango,Soybean
West Bengal,Paschim Bardhaman,Loamy Soil,Zaid,37.9,72,224.4,Kidneybeans,Sugarcane
West Bengal,Paschim Bardhaman,Loamy Soil,Whole Year,39.4,74,94.0,Blackgram,Sugarcane
West Bengal,Paschim Bardhaman,Sandy Soil,Zaid,35.9,92,306.0,Maize,Watermelon
West Bengal,Paschim Bardhaman,Black Soil,Zaid,18.9,91,227.6,Mothbeans,Jowar
West Bengal,Paschim Bardhaman,Sandy Soil,Kharif,35.1,92,254.4,Pomegranate,Watermelon
West Bengal,Paschim Bardhaman,Red Soil,Whole Year,25.4,58,125.6,Apple,Groundnut
West Bengal,Paschim Bardhaman,Sandy Soil,Rabi,21.9,64,190.1,Coffee,Watermelon
West Bengal,Paschim Bardhaman,Laterite Soil,Zaid,32.1,72,58.2,Blackgram,Cashew
West Bengal,Paschim Bardhaman,Black Soil,Whole Year,24.1,56,87.2,Jute,Soybean
West Bengal,Paschim Bardhaman,Loamy Soil,Rabi,22.6,72,250.9,Mungbean,Wheat
West Bengal,Paschim Bardhaman,Sandy Soil,Whole Year,30.6,77,302.2,Watermelon,Groundnut
West Bengal,Paschim Bardhaman,Black Soil,Zaid,36.4,75,255.9,Mungbean,Soybean
West Bengal,Paschim Bardhaman,Sandy Soil,Whole Year,24.4,70,126.5,Muskmelon,Groundnut
West Bengal,Paschim Bardhaman,Laterite Soil,Rabi,30.2,56,204.5,Pigeonpeas,Coffee
West Bengal,Paschim Medinipur,Sandy Soil,Zaid,27.5,68,55.3,Rice,Muskmelon
West Bengal,Paschim Medinipur,Sandy Soil,Rabi,28.8,50,302.1,Mothbeans,Watermelon
West Bengal,Paschim Medinipur,Loamy Soil,Kharif,35.1,65,90.2,Rice,Wheat
West Bengal,Paschim Medinipur,Red Soil,Zaid,33.7,88,77.5,Banana,Pulses
West Bengal,Paschim Medinipur,Laterite Soil,Kharif,38.9,62,159.2,Pomegranate,Coffee
West Bengal,Paschim Medinipur,Black Soil,Kharif,29.7,84,29.1,Watermelon,Cotton
West Bengal,Paschim Medinipur,Laterite Soil,Rabi,28.0,74,202.9,Chickpea,Coffee
West Bengal,Paschim Medinipur,Sandy Soil,Kharif,39.6,45,268.3,Maize,Watermelon
West Bengal,Paschim Medinipur,Alluvial Soil,Kharif,19.7,79,200.0,Grapes,Wheat
West Bengal,Paschim Medinipur,Laterite Soil,Rabi,36.5,59,292.6,Lentil,Tea
West Bengal,Paschim Medinipur,Laterite Soil,Rabi,38.4,82,316.9,Lentil,Coffee
West Bengal,Paschim Medinipur,Sandy Soil,Kharif,38.5,52,89.6,Kidneybeans,Watermelon
West Bengal,Paschim Medinipur,Sandy Soil,Whole Year,39.1,89,257.7,Mungbean,Watermelon
West Bengal,Paschim Medinipur,Red Soil,Zaid,39.3,90,330.0,Muskmelon,Millets
West Bengal,Paschim Medinipur,Red Soil,Whole Year,38.3,46,253.7,Pomegranate,Groundnut
West Bengal,Paschim Medinipur,Laterite Soil,Whole Year,25.6,87,232.5,Maize,Coffee
West Bengal,Paschim Medinipur,Loamy Soil,Whole Year,25.7,91,319.4,Apple,Rice
West Bengal,Paschim Medinipur,Laterite Soil,Zaid,18.0,70,192.4,Rice,Tea
West Bengal,Paschim Medinipur,Red Soil,Whole Year,23.4,63,96.8,Banana,Groundnut
West Bengal,Paschim Medinipur,Black Soil,Zaid,36.3,55,49.1,Rice,Soybean
West Bengal,Purba Bardhaman,Sandy Soil,Whole Year,35.5,73,255.0,Coconut,Watermelon
West Bengal,Purba Bardhaman,Alluvial Soil,Rabi,29.6,51,229.7,Watermelon,Maize
West Bengal,Purba Bardhaman,Black Soil,Zaid,38.2,64,336.6,Pigeonpeas,Jowar
West Bengal,Purba Bardhaman,Loamy Soil,Kharif,35.0,51,75.1,Chickpea,Maize
West Bengal,Purba Bardhaman,Red Soil,Kharif,28.4,68,132.8,Papaya,Groundnut
West Bengal,Purba Bardhaman,Black Soil,Zaid,25.8,40,74.7,Kidneybeans,Cotton
West Bengal,Purba Bardhaman,Red Soil,Kharif,25.9,64,203.4,Maize,Groundnut
West Bengal,Purba Bardhaman,Sandy Soil,Kharif,26.8,85,61.7,Apple,Muskmelon
West Bengal,Purba Bardhaman,Black Soil,Rabi,23.0,67,299.7,Pomegranate,Cotton
West Bengal,Purba Bardhaman,Sandy Soil,Zaid,36.9,48,258.6,Papaya,Groundnut
West Bengal,Purba Bardhaman,Loamy Soil,Kharif,32.8,83,129.3,Kidneybeans,Maize
West Bengal,Purba Bardhaman,Sandy Soil,Rabi,29.8,47,280.0,Blackgram,Watermelon
West Bengal,Purba Bardhaman,Laterite Soil,Whole Year,32.6,64,287.8,Pomegranate,Coffee
West Bengal,Purba Bardhaman,Red Soil,Rabi,36.7,54,276.3,Kidneybeans,Groundnut
West Bengal,Purba Bardhaman,Loamy Soil,Zaid,33.8,75,302.7,Maize,Maize
West Bengal,Purba Bardhaman,Loamy Soil,Kharif,35.8,41,300.3,Watermelon,Sugarcane
West Bengal,Purba Bardhaman,Loamy Soil,Kharif,26.5,51,79.4,Pomegranate,Maize
West Bengal,Purba Bardhaman,Sandy Soil,Whole Year,31.4,93,52.6,Coffee,Muskmelon
West Bengal,Purba Bardhaman,Alluvial Soil,Zaid,19.2,58,323.5,Apple,Sugarcane
West Bengal,Purba Bardhaman,Laterite Soil,Whole Year,29.2,72,115.6,Pigeonpeas,Coffee
West Bengal,Purba Medinipur,Loamy Soil,Kharif,39.4,78,187.4,Mothbeans,Sugarcane
West Bengal,Purba Medinipur,Laterite Soil,Zaid,29.7,71,322.2,Cotton,Tea
West Bengal,Purba Medinipur,Black Soil,Kharif,26.3,88,132.5,Lentil,Jowar
West Bengal,Purba Medinipur,Alluvial Soil,Zaid,29.0,58,240.8,Grapes,Sugarcane
West Bengal,Purba Medinipur,Laterite Soil,Kharif,18.8,81,212.4,Cotton,Coffee
West Bengal,Purba Medinipur,Sandy Soil,Rabi,27.8,54,131.2,Kidneybeans,Muskmelon
West Bengal,Purba Medinipur,Sandy Soil,Zaid,32.0,94,62.8,Cotton,Muskmelon
West Bengal,Purba Medinipur,Sandy Soil,Whole Year,27.4,55,162.5,Papaya,Groundnut
West Bengal,Purba Medinipur,Alluvial Soil,Kharif,21.9,65,170.6,Pomegranate,Sugarcane
West Bengal,Purba Medinipur,Loamy Soil,Zaid,22.6,88,91.3,Blackgram,Maize
West Bengal,Purba Medinipur,Alluvial Soil,Rabi,36.3,58,30.9,Mango,Wheat
West Bengal,Purba Medinipur,Red Soil,Zaid,36.3,84,228.2,Kidneybeans,Groundnut
West Bengal,Purba Medinipur,Red Soil,Zaid,31.3,90,264.8,Watermelon,Groundnut
West Bengal,Purba Medinipur,Laterite Soil,Rabi,22.2,64,215.3,Chickpea,Coffee
West Bengal,Purba Medinipur,Loamy Soil,Zaid,36.6,91,37.5,Apple,Wheat
West Bengal,Purba Medinipur,Black Soil,Whole Year,35.0,81,320.0,Lentil,Soybean
West Bengal,Purba Medinipur,Loamy Soil,Zaid,38.3,76,147.3,Jute,Rice
West Bengal,Purba Medinipur,Alluvial Soil,Zaid,29.6,49,24.9,Kidneybeans,Rice
West Bengal,Purba Medinipur,Sandy Soil,Kharif,29.6,42,169.7,Maize,Watermelon
West Bengal,Purba Medinipur,Laterite Soil,Kharif,22.0,87,22.3,Mango,Coffee
West Bengal,Purulia,Sandy Soil,Rabi,33.3,66,331.2,Cotton,Muskmelon
West Bengal,Purulia,Loamy Soil,Rabi,28.1,93,250.7,Muskmelon,Sugarcane
West Bengal,Purulia,Sandy Soil,Zaid,36.8,71,346.8,Watermelon,Muskmelon
West Bengal,Purulia,Black Soil,Kharif,28.5,73,282.7,Cotton,Soybean
West Bengal,Purulia,Sandy Soil,Whole Year,19.1,44,249.4,Maize,Groundnut
West Bengal,Purulia,Red Soil,Whole Year,24.4,40,92.4,Coconut,Pulses
West Bengal,Purulia,Red Soil,Rabi,28.0,66,180.1,Papaya,Millets
West Bengal,Purulia,Red Soil,Rabi,19.2,51,235.4,Mango,Pulses
West Bengal,Purulia,Black Soil,Kharif,35.3,59,254.3,Blackgram,Jowar
West Bengal,Purulia,Laterite Soil,Zaid,38.7,61,40.0,Grapes,Tea
West Bengal,Purulia,Laterite Soil,Kharif,28.7,92,164.4,Chickpea,Cashew
West Bengal,Purulia,Laterite Soil,Zaid,24.2,93,192.7,Lentil,Cashew
West Bengal,Purulia,Loamy Soil,Kharif,19.4,73,150.3,Mungbean,Wheat
West Bengal,Purulia,Sandy Soil,Kharif,29.2,84,327.4,Watermelon,Muskmelon
West Bengal,Purulia,Red Soil,Zaid,34.6,72,40.4,Coffee,Millets
West Bengal,Purulia,Laterite Soil,Zaid,37.3,92,122.6,Pigeonpeas,Coffee
West Bengal,Purulia,Loamy Soil,Whole Year,23.3,73,258.6,Mungbean,Sugarcane
West Bengal,Purulia,Black Soil,Whole Year,25.9,64,316.0,Pigeonpeas,Jowar
West Bengal,Purulia,Loamy Soil,Zaid,33.4,50,206.2,Chickpea,Sugarcane
West Bengal,Purulia,Laterite Soil,Zaid,33.7,62,344.5,Banana,Coffee
West Bengal,South 24 Parganas,Laterite Soil,Rabi,21.1,71,259.6,Apple,Tea
West Bengal,South 24 Parganas,Black Soil,Whole Year,28.5,93,272.5,Mothbeans,Cotton
West Bengal,South 24 Parganas,Alluvial Soil,Zaid,32.4,61,300.8,Rice,Sugarcane
West Bengal,South 24 Parganas,Laterite Soil,Rabi,18.6,58,287.3,Mothbeans,Coffee
West Bengal,South 24 Parganas,Black Soil,Rabi,31.7,55,80.2,Blackgram,Jowar
West Bengal,South 24 Parganas,Laterite Soil,Whole Year,21.6,85,204.5,Cotton,Tea
West Bengal,South 24 Parganas,Loamy Soil,Zaid,19.2,82,238.1,Apple,Rice
West Bengal,South 24 Parganas,Red Soil,Rabi,27.0,76,216.4,Watermelon,Groundnut
West Bengal,South 24 Parganas,Laterite Soil,Rabi,19.5,57,344.4,Coconut,Coffee
West Bengal,South 24 Parganas,Laterite Soil,Zaid,36.7,86,31.9,Kidneybeans,Tea
West Bengal,South 24 Parganas,Alluvial Soil,Zaid,28.6,92,341.9,Coffee,Rice
West Bengal,South 24 Parganas,Alluvial Soil,Whole Year,22.2,80,252.9,Watermelon,Rice
West Bengal,South 24 Parganas,Alluvial Soil,Rabi,18.3,59,172.3,Coffee,Sugarcane
West Bengal,South 24 Parganas,Sandy Soil,Rabi,30.6,88,125.6,Pigeonpeas,Watermelon
West Bengal,South 24 Parganas,Loamy Soil,Zaid,31.6,46,111.0,Kidneybeans,Sugarcane
West Bengal,South 24 Parganas,Alluvial Soil,Whole Year,30.3,84,345.4,Coconut,Maize
West Bengal,South 24 Parganas,Laterite Soil,Kharif,30.6,77,296.0,Rice,Coffee
West Bengal,South 24 Parganas,Loamy Soil,Zaid,19.7,65,79.2,Maize,Wheat
West Bengal,South 24 Parganas,Red Soil,Kharif,37.9,91,90.3,Pigeonpeas,Millets
West Bengal,South 24 Parganas,Laterite Soil,Whole Year,25.3,64,178.8,Banana,Cashew
West Bengal,Uttar Dinajpur,Laterite Soil,Kharif,27.3,44,88.3,Rice,Tea
West Bengal,Uttar Dinajpur,Red Soil,Kharif,20.7,94,60.4,Banana,Pulses
West Bengal,Uttar Dinajpur,Laterite Soil,Whole Year,21.9,94,59.0,Muskmelon,Tea
West Bengal,Uttar Dinajpur,Red Soil,Zaid,35.9,66,182.1,Muskmelon,Pulses
West Bengal,Uttar Dinajpur,Red Soil,Rabi,21.9,64,196.3,Mungbean,Groundnut
West Bengal,Uttar Dinajpur,Red Soil,Zaid,23.9,91,322.0,Pigeonpeas,Groundnut
West Bengal,Uttar Dinajpur,Loamy Soil,Kharif,22.3,87,176.2,Mothbeans,Wheat
West Bengal,Uttar Dinajpur,Alluvial Soil,Rabi,23.3,92,317.1,Grapes,Maize
West Bengal,Uttar Dinajpur,Loamy Soil,Zaid,21.9,75,48.3,Jute,Sugarcane
West Bengal,Uttar Dinajpur,Sandy Soil,Zaid,34.1,93,272.8,Papaya,Muskmelon
West Bengal,Uttar Dinajpur,Red Soil,Whole Year,37.4,47,278.2,Coconut,Millets
West Bengal,Uttar Dinajpur,Red Soil,Kharif,29.0,94,179.1,Coconut,Groundnut
West Bengal,Uttar Dinajpur,Sandy Soil,Rabi,29.9,49,31.4,Apple,Watermelon
West Bengal,Uttar Dinajpur,Alluvial Soil,Whole Year,36.0,66,34.7,Orange,Wheat
West Bengal,Uttar Dinajpur,Black Soil,Rabi,25.6,52,71.0,Coffee,Jowar
West Bengal,Uttar Dinajpur,Red Soil,Zaid,35.4,61,237.1,Papaya,Pulses
West Bengal,Uttar Dinajpur,Loamy Soil,Rabi,32.3,74,231.1,Jute,Rice
West Bengal,Uttar Dinajpur,Alluvial Soil,Kharif,37.8,51,125.8,Mango,Maize
West Bengal,Uttar Dinajpur,Sandy Soil,Zaid,18.9,87,106.3,Mothbeans,Groundnut
West Bengal,Uttar Dinajpur,Black Soil,Kharif,23.5,67,270.2,Chickpea,Jowar
Gujarat,Ahmedabad,Loamy Soil,Whole Year,34.6,47,63.9,Grapes,Rice
Gujarat,Ahmedabad,Black Soil,Rabi,18.9,71,48.4,Pigeonpeas,Soybean
Gujarat,Ahmedabad,Alluvial Soil,Kharif,30.9,94,152.5,Orange,Wheat
Gujarat,Ahmedabad,Laterite Soil,Kharif,37.7,83,143.8,Coffee,Tea
Gujarat,Ahmedabad,Red Soil,Whole Year,31.1,41,94.0,Lentil,Pulses
Gujarat,Ahmedabad,Laterite Soil,Kharif,21.6,68,70.1,Rice,Tea
Gujarat,Ahmedabad,Laterite Soil,Whole Year,20.5,60,99.6,Pomegranate,Coffee
Gujarat,Ahmedabad,Loamy Soil,Kharif,27.3,56,284.5,Lentil,Rice
Gujarat,Ahmedabad,Sandy Soil,Whole Year,36.7,49,131.4,Papaya,Groundnut
Gujarat,Ahmedabad,Loamy Soil,Kharif,28.0,54,307.6,Watermelon,Maize
Gujarat,Ahmedabad,Black Soil,Zaid,38.4,85,329.4,Chickpea,Jowar
Gujarat,Ahmedabad,Sandy Soil,Kharif,36.8,65,142.4,Coconut,Muskmelon
Gujarat,Ahmedabad,Sandy Soil,Kharif,27.2,42,206.7,Papaya,Muskmelon
Gujarat,Ahmedabad,Laterite Soil,Zaid,18.1,47,288.9,Mango,Cashew
Gujarat,Ahmedabad,Red Soil,Whole Year,29.8,43,201.5,Grapes,Pulses
Gujarat,Ahmedabad,Loamy Soil,Rabi,38.3,84,336.1,Muskmelon,Wheat
Gujarat,Ahmedabad,Sandy Soil,Zaid,25.5,86,225.3,Blackgram,Muskmelon
Gujarat,Ahmedabad,Alluvial Soil,Kharif,19.7,67,94.2,Muskmelon,Wheat
Gujarat,Ahmedabad,Alluvial Soil,Zaid,25.8,46,224.9,Mungbean,Sugarcane
Gujarat,Ahmedabad,Alluvial Soil,Whole Year,35.4,58,80.0,Apple,Maize
Gujarat,Amreli,Black Soil,Rabi,28.2,91,103.2,Cotton,Soybean
Gujarat,Amreli,Black Soil,Zaid,39.8,65,292.0,Chickpea,Cotton
Gujarat,Amreli,Sandy Soil,Whole Year,23.3,68,321.9,Chickpea,Muskmelon
Gujarat,Amreli,Laterite Soil,Whole Year,19.3,47,96.5,Mungbean,Cashew
Gujarat,Amreli,Sandy Soil,Kharif,28.4,49,90.1,Pomegranate,Muskmelon
Gujarat,Amreli,Alluvial Soil,Rabi,31.4,64,185.4,Jute,Wheat
Gujarat,Amreli,Loamy Soil,Rabi,33.1,48,49.3,Chickpea,Sugarcane
Gujarat,Amreli,Laterite Soil,Zaid,23.8,76,128.3,Pomegranate,Coffee
Gujarat,Amreli,Alluvial Soil,Whole Year,20.3,89,34.3,Grapes,Wheat
Gujarat,Amreli,Laterite Soil,Kharif,18.7,67,81.9,Mungbean,Coffee
Gujarat,Amreli,Loamy Soil,Whole Year,29.7,71,265.5,Apple,Rice
Gujarat,Amreli,Black Soil,Zaid,35.0,79,43.7,Lentil,Cotton
Gujarat,Amreli,Loamy Soil,Whole Year,32.8,72,105.9,Rice,Maize
Gujarat,Amreli,Alluvial Soil,Zaid,37.5,46,317.0,Kidneybeans,Maize
Gujarat,Amreli,Laterite Soil,Rabi,23.9,79,136.5,Kidneybeans,Tea
Gujarat,Amreli,Red Soil,Zaid,28.8,53,320.0,Muskmelon,Millets
Gujarat,Amreli,Loamy Soil,Rabi,33.6,65,258.1,Pigeonpeas,Maize
Gujarat,Amreli,Alluvial Soil,Rabi,28.7,85,272.7,Jute,Sugarcane
Gujarat,Amreli,Alluvial Soil,Rabi,19.6,95,296.8,Banana,Wheat
Gujarat,Amreli,Alluvial Soil,Whole Year,25.6,84,129.9,Watermelon,Maize
Gujarat,Anand,Sandy Soil,Rabi,24.4,62,66.0,Orange,Watermelon
Gujarat,Anand,Sandy Soil,Kharif,33.5,61,118.1,Watermelon,Muskmelon
Gujarat,Anand,Laterite Soil,Kharif,20.6,67,205.8,Rice,Tea
Gujarat,Anand,Alluvial Soil,Zaid,36.8,66,75.0,Kidneybeans,Sugarcane
Gujarat,Anand,Laterite Soil,Kharif,27.1,53,114.3,Kidneybeans,Coffee
Gujarat,Anand,Red Soil,Zaid,19.8,81,137.4,Orange,Millets
Gujarat,Anand,Laterite Soil,Zaid,21.5,86,25.9,Rice,Tea
Gujarat,Anand,Red Soil,Whole Year,32.2,83,163.5,Jute,Pulses
Gujarat,Anand,Black Soil,Kharif,19.4,86,336.9,Rice,Jowar
Gujarat,Anand,Laterite Soil,Zaid,39.9,91,219.1,Cotton,Coffee
Gujarat,Anand,Red Soil,Whole Year,21.2,58,274.3,Maize,Pulses
Gujarat,Anand,Loamy Soil,Whole Year,23.8,67,282.4,Pomegranate,Rice
Gujarat,Anand,Black Soil,Kharif,33.9,95,239.4,Jute,Soybean
Gujarat,Anand,Loamy Soil,Kharif,37.5,53,74.1,Watermelon,Rice
Gujarat,Anand,Black Soil,Kharif,24.3,90,301.7,Lentil,Soybean
Gujarat,Anand,Sandy Soil,Rabi,24.1,40,168.2,Coconut,Watermelon
Gujarat,Anand,Alluvial Soil,Whole Year,35.8,87,27.4,Blackgram,Sugarcane
Gujarat,Anand,Red Soil,Whole Year,36.5,62,99.3,Mungbean,Millets
Gujarat,Anand,Alluvial Soil,Zaid,34.6,76,29.4,Chickpea,Rice
Gujarat,Anand,Alluvial Soil,Whole Year,20.4,44,184.3,Pigeonpeas,Sugarcane
Gujarat,Aravalli,Sandy Soil,Rabi,22.7,63,225.4,Watermelon,Groundnut
Gujarat,Aravalli,Red Soil,Rabi,31.5,86,165.4,Apple,Groundnut
Gujarat,Aravalli,Alluvial Soil,Whole Year,37.4,55,120.8,Pigeonpeas,Maize
Gujarat,Aravalli,Sandy Soil,Kharif,31.5,59,200.0,Maize,Groundnut
Gujarat,Aravalli,Loamy Soil,Zaid,25.3,54,54.9,Mothbeans,Maize
Gujarat,Aravalli,Alluvial Soil,Kharif,37.2,92,94.1,Papaya,Rice
Gujarat,Aravalli,Sandy Soil,Zaid,31.0,78,218.2,Muskmelon,Muskmelon
Gujarat,Aravalli,Alluvial Soil,Zaid,28.1,86,50.7,Pomegranate,Rice
Gujarat,Aravalli,Red Soil,Zaid,24.1,73,153.4,Blackgram,Millets
Gujarat,Aravalli,Red Soil,Kharif,35.1,40,73.0,Mungbean,Groundnut
Gujarat,Aravalli,Black Soil,Rabi,34.4,64,117.5,Blackgram,Soybean
Gujarat,Aravalli,Laterite Soil,Kharif,25.2,88,28.2,Banana,Cashew
Gujarat,Aravalli,Red Soil,Rabi,26.7,72,257.6,Mungbean,Groundnut
Gujarat,Aravalli,Alluvial Soil,Zaid,31.4,66,116.7,Watermelon,Rice
Gujarat,Aravalli,Alluvial Soil,Rabi,23.1,54,250.6,Watermelon,Sugarcane
Gujarat,Aravalli,Alluvial Soil,Whole Year,39.7,74,249.7,Watermelon,Sugarcane
Gujarat,Aravalli,Red Soil,Whole Year,36.2,76,99.7,Papaya,Groundnut
Gujarat,Aravalli,Alluvial Soil,Zaid,39.4,43,348.0,Mango,Maize
Gujarat,Aravalli,Laterite Soil,Kharif,23.3,44,279.2,Blackgram,Tea
Gujarat,Aravalli,Loamy Soil,Zaid,37.3,46,295.4,Mothbeans,Maize
Gujarat,Banaskantha,Sandy Soil,Zaid,33.4,89,69.7,Banana,Muskmelon
Gujarat,Banaskantha,Black Soil,Whole Year,31.5,49,63.1,Grapes,Cotton
Gujarat,Banaskantha,Black Soil,Rabi,19.1,70,318.3,Coconut,Soybean
Gujarat,Banaskantha,Red Soil,Rabi,27.6,78,171.0,Papaya,Millets
Gujarat,Banaskantha,Laterite Soil,Rabi,39.2,91,219.0,Blackgram,Coffee
Gujarat,Banaskantha,Black Soil,Kharif,23.6,76,107.0,Cotton,Cotton
Gujarat,Banaskantha,Black Soil,Rabi,36.4,57,314.7,Jute,Cotton
Gujarat,Banaskantha,Sandy Soil,Whole Year,37.6,95,193.0,Blackgram,Groundnut
Gujarat,Banaskantha,Sandy Soil,Zaid,39.8,57,182.3,Grapes,Muskmelon
Gujarat,Banaskantha,Laterite Soil,Whole Year,33.4,75,167.3,Blackgram,Tea
Gujarat,Banaskantha,Black Soil,Zaid,36.1,56,100.7,Mango,Jowar
Gujarat,Banaskantha,Loamy Soil,Kharif,19.4,71,241.9,Orange,Maize
Gujarat,Banaskantha,Alluvial Soil,Kharif,23.2,58,116.0,Banana,Rice
Gujarat,Banaskantha,Black Soil,Zaid,24.2,94,298.1,Grapes,Soybean
Gujarat,Banaskantha,Red Soil,Rabi,39.1,65,280.0,Chickpea,Millets
Gujarat,Banaskantha,Sandy Soil,Zaid,19.1,92,141.0,Apple,Watermelon
Gujarat,Banaskantha,Red Soil,Zaid,29.6,56,118.9,Lentil,Pulses
Gujarat,Banaskantha,Sandy Soil,Zaid,20.2,90,127.6,Maize,Groundnut
Gujarat,Banaskantha,Laterite Soil,Whole Year,38.9,79,348.0,Lentil,Coffee
Gujarat,Banaskantha,Black Soil,Zaid,21.8,46,40.7,Chickpea,Jowar
Gujarat,Bharuch,Loamy Soil,Whole Year,18.9,81,195.1,Mango,Wheat
Gujarat,Bharuch,Red Soil,Zaid,38.7,80,160.8,Rice,Groundnut
Gujarat,Bharuch,Red Soil,Zaid,27.2,84,197.0,Cotton,Groundnut
Gujarat,Bharuch,Loamy Soil,Rabi,32.0,78,208.5,Maize,Sugarcane
Gujarat,Bharuch,Loamy Soil,Rabi,19.9,55,22.4,Kidneybeans,Rice
Gujarat,Bharuch,Sandy Soil,Zaid,24.7,49,148.4,Mungbean,Groundnut
Gujarat,Bharuch,Laterite Soil,Kharif,38.5,81,246.6,Mango,Coffee
Gujarat,Bharuch,Alluvial Soil,Kharif,22.1,56,314.0,Rice,Rice
Gujarat,Bharuch,Black Soil,Kharif,22.6,49,181.0,Pigeonpeas,Soybean
Gujarat,Bharuch,Sandy Soil,Kharif,38.3,94,277.9,Pomegranate,Groundnut
Gujarat,Bharuch,Sandy Soil,Zaid,40.0,57,84.2,Mothbeans,Muskmelon
Gujarat,Bharuch,Red Soil,Rabi,19.5,62,231.4,Cotton,Pulses
Gujarat,Bharuch,Laterite Soil,Kharif,39.4,64,236.8,Apple,Tea
Gujarat,Bharuch,Loamy Soil,Zaid,19.0,70,263.1,Cotton,Rice
Gujarat,Bharuch,Laterite Soil,Zaid,31.8,68,163.8,Mango,Coffee
Gujarat,Bharuch,Black Soil,Kharif,39.7,55,173.7,Mungbean,Soybean
Gujarat,Bharuch,Laterite Soil,Whole Year,36.6,62,328.6,Jute,Tea
Gujarat,Bharuch,Sandy Soil,Rabi,37.5,89,47.2,Lentil,Watermelon
Gujarat,Bharuch,Black Soil,Rabi,31.7,44,112.0,Cotton,Jowar
Gujarat,Bharuch,Sandy Soil,Rabi,18.1,76,118.2,Pomegranate,Groundnut
Gujarat,Bhavnagar,Black Soil,Rabi,26.4,92,264.0,Grapes,Jowar
Gujarat,Bhavnagar,Loamy Soil,Zaid,20.0,55,293.5,Rice,Rice
Gujarat,Bhavnagar,Laterite Soil,Whole Year,38.5,78,321.6,Chickpea,Coffee
Gujarat,Bhavnagar,Black Soil,Whole Year,28.9,84,48.6,Cotton,Jowar
Gujarat,Bhavnagar,Red Soil,Whole Year,36.1,46,151.3,Chickpea,Groundnut
Gujarat,Bhavnagar,Black Soil,Whole Year,39.7,65,184.1,Orange,Soybean
Gujarat,Bhavnagar,Red Soil,Rabi,35.2,77,152.7,Grapes,Pulses
Gujarat,Bhavnagar,Loamy Soil,Kharif,23.1,93,200.4,Rice,Maize
Gujarat,Bhavnagar,Alluvial Soil,Kharif,26.9,79,293.1,Rice,Sugarcane
Gujarat,Bhavnagar,Alluvial Soil,Kharif,33.9,92,48.4,Pomegranate,Wheat
Gujarat,Bhavnagar,Loamy Soil,Zaid,38.0,59,328.9,Banana,Wheat
Gujarat,Bhavnagar,Alluvial Soil,Rabi,19.6,57,326.5,Blackgram,Rice
Gujarat,Bhavnagar,Laterite Soil,Rabi,30.2,88,236.0,Pomegranate,Tea
Gujarat,Bhavnagar,Black Soil,Rabi,28.4,50,161.2,Mango,Jowar
Gujarat,Bhavnagar,Red Soil,Kharif,22.9,81,21.0,Coffee,Groundnut
Gujarat,Bhavnagar,Loamy Soil,Rabi,30.7,51,140.8,Orange,Wheat
Gujarat,Bhavnagar,Red Soil,Whole Year,21.5,53,118.5,Cotton,Millets
Gujarat,Bhavnagar,Red Soil,Whole Year,21.3,64,84.5,Coconut,Groundnut
Gujarat,Bhavnagar,Black Soil,Whole Year,33.0,77,42.1,Rice,Cotton
Gujarat,Bhavnagar,Sandy Soil,Zaid,31.9,45,85.4,Grapes,Muskmelon
Gujarat,Botad,Sandy Soil,Rabi,31.5,50,233.8,Orange,Watermelon
Gujarat,Botad,Laterite Soil,Zaid,33.3,66,22.1,Pomegranate,Coffee
Gujarat,Botad,Laterite Soil,Rabi,23.3,65,275.7,Pigeonpeas,Cashew
Gujarat,Botad,Sandy Soil,Rabi,21.7,59,262.4,Papaya,Watermelon
Gujarat,Botad,Sandy Soil,Kharif,30.5,93,24.4,Mungbean,Muskmelon
Gujarat,Botad,Sandy Soil,Whole Year,36.0,72,317.3,Muskmelon,Watermelon
Gujarat,Botad,Alluvial Soil,Rabi,19.6,51,174.3,Pigeonpeas,Wheat
Gujarat,Botad,Alluvial Soil,Rabi,29.8,91,81.6,Lentil,Rice
Gujarat,Botad,Sandy Soil,Kharif,19.4,93,182.7,Watermelon,Muskmelon
Gujarat,Botad,Red Soil,Whole Year,22.3,86,212.0,Maize,Millets
Gujarat,Botad,Sandy Soil,Zaid,31.4,51,265.7,Maize,Muskmelon
Gujarat,Botad,Red Soil,Whole Year,31.4,55,171.4,Mothbeans,Millets
Gujarat,Botad,Red Soil,Zaid,27.7,80,218.2,Pomegranate,Pulses
Gujarat,Botad,Sandy Soil,Zaid,22.4,74,234.5,Mothbeans,Groundnut
Gujarat,Botad,Black Soil,Whole Year,27.9,84,298.0,Kidneybeans,Soybean
Gujarat,Botad,Laterite Soil,Kharif,33.7,52,83.8,Grapes,Cashew
Gujarat,Botad,Red Soil,Kharif,18.5,72,132.5,Cotton,Pulses
Gujarat,Botad,Sandy Soil,Kharif,34.3,49,266.2,Watermelon,Groundnut
Gujarat,Botad,Alluvial Soil,Whole Year,22.3,75,112.8,Pigeonpeas,Maize
Gujarat,Botad,Loamy Soil,Zaid,38.6,94,268.2,Coffee,Maize
Gujarat,Chhota Udaipur,Alluvial Soil,Zaid,39.1,50,262.5,Maize,Maize
Gujarat,Chhota Udaipur,Black Soil,Rabi,25.4,65,213.6,Lentil,Jowar
Gujarat,Chhota Udaipur,Red Soil,Rabi,29.8,59,158.5,Pomegranate,Millets
Gujarat,Chhota Udaipur,Black Soil,Whole Year,31.5,94,314.5,Papaya,Cotton
Gujarat,Chhota Udaipur,Black Soil,Kharif,29.7,86,157.9,Mothbeans,Jowar
Gujarat,Chhota Udaipur,Loamy Soil,Whole Year,34.2,49,258.1,Kidneybeans,Rice
Gujarat,Chhota Udaipur,Laterite Soil,Zaid,20.6,69,148.1,Maize,Coffee
Gujarat,Chhota Udaipur,Loamy Soil,Rabi,29.0,47,258.9,Grapes,Wheat
Gujarat,Chhota Udaipur,Loamy Soil,Kharif,27.5,46,56.3,Chickpea,Sugarcane
Gujarat,Chhota Udaipur,Laterite Soil,Zaid,22.1,62,218.5,Blackgram,Coffee
Gujarat,Chhota Udaipur,Loamy Soil,Zaid,24.5,87,211.0,Blackgram,Wheat
Gujarat,Chhota Udaipur,Black Soil,Zaid,19.7,86,303.5,Chickpea,Cotton
Gujarat,Chhota Udaipur,Red Soil,Zaid,33.5,95,210.8,Chickpea,Pulses
Gujarat,Chhota Udaipur,Red Soil,Rabi,29.6,61,160.0,Maize,Millets
Gujarat,Chhota Udaipur,Alluvial Soil,Zaid,24.7,70,31.7,Mango,Sugarcane
Gujarat,Chhota Udaipur,Loamy Soil,Kharif,39.3,92,81.1,Kidneybeans,Rice
Gujarat,Chhota Udaipur,Red Soil,Kharif,28.7,69,345.6,Watermelon,Groundnut
Gujarat,Chhota Udaipur,Red Soil,Zaid,21.2,67,319.1,Grapes,Groundnut
Gujarat,Chhota Udaipur,Alluvial Soil,Rabi,32.5,69,278.1,Mungbean,Rice
Gujarat,Chhota Udaipur,Laterite Soil,Rabi,24.6,95,20.5,Banana,Tea
Gujarat,Dahod,Alluvial Soil,Whole Year,28.0,53,110.9,Banana,Rice
Gujarat,Dahod,Sandy Soil,Whole Year,34.4,71,123.9,Cotton,Watermelon
Gujarat,Dahod,Red Soil,Zaid,39.6,88,240.6,Lentil,Pulses
Gujarat,Dahod,Alluvial Soil,Zaid,22.2,43,55.7,Muskmelon,Wheat
Gujarat,Dahod,Sandy Soil,Whole Year,21.6,92,144.0,Pomegranate,Watermelon
Gujarat,Dahod,Red Soil,Rabi,20.6,65,194.2,Orange,Millets
Gujarat,Dahod,Laterite Soil,Whole Year,24.9,53,35.3,Rice,Tea
Gujarat,Dahod,Loamy Soil,Kharif,21.8,64,219.2,Grapes,Wheat
Gujarat,Dahod,Black Soil,Whole Year,18.8,86,176.1,Mango,Jowar
Gujarat,Dahod,Red Soil,Zaid,30.7,69,78.7,Muskmelon,Groundnut
Gujarat,Dahod,Sandy Soil,Kharif,37.7,80,308.6,Grapes,Groundnut
Gujarat,Dahod,Sandy Soil,Rabi,18.9,54,335.3,Apple,Groundnut
Gujarat,Dahod,Laterite Soil,Kharif,32.5,58,44.8,Jute,Coffee
Gujarat,Dahod,Black Soil,Whole Year,27.4,73,108.1,Mungbean,Jowar
Gujarat,Dahod,Black Soil,Rabi,38.2,76,332.8,Coconut,Jowar
Gujarat,Dahod,Loamy Soil,Rabi,35.1,76,274.9,Apple,Rice
Gujarat,Dahod,Sandy Soil,Rabi,29.2,41,286.1,Banana,Watermelon
Gujarat,Dahod,Sandy Soil,Kharif,37.0,77,205.5,Kidneybeans,Watermelon
Gujarat,Dahod,Alluvial Soil,Zaid,21.8,78,20.5,Pomegranate,Sugarcane
Gujarat,Dahod,Black Soil,Whole Year,20.2,76,284.6,Chickpea,Cotton
Gujarat,Dang,Alluvial Soil,Zaid,34.6,85,143.4,Papaya,Maize
Gujarat,Dang,Red Soil,Rabi,22.4,68,244.1,Grapes,Groundnut
Gujarat,Dang,Laterite Soil,Kharif,19.4,91,153.7,Banana,Coffee
Gujarat,Dang,Black Soil,Zaid,35.5,56,189.4,Chickpea,Jowar
Gujarat,Dang,Black Soil,Whole Year,31.6,58,164.1,Jute,Jowar
Gujarat,Dang,Black Soil,Whole Year,26.4,76,97.7,Pomegranate,Cotton
Gujarat,Dang,Loamy Soil,Whole Year,28.2,68,34.3,Grapes,Wheat
Gujarat,Dang,Laterite Soil,Zaid,21.4,58,105.5,Grapes,Cashew
Gujarat,Dang,Red Soil,Rabi,28.2,40,319.2,Cotton,Millets
Gujarat,Dang,Loamy Soil,Rabi,38.4,70,315.4,Muskmelon,Rice
Gujarat,Dang,Laterite Soil,Rabi,31.5,54,154.0,Kidneybeans,Cashew
Gujarat,Dang,Sandy Soil,Rabi,24.9,50,78.4,Apple,Muskmelon
Gujarat,Dang,Black Soil,Rabi,39.8,94,158.8,Mothbeans,Jowar
Gujarat,Dang,Black Soil,Zaid,28.1,62,222.3,Blackgram,Soybean
Gujarat,Dang,Laterite Soil,Kharif,32.4,90,175.1,Watermelon,Cashew
Gujarat,Dang,Laterite Soil,Kharif,21.2,89,191.1,Mungbean,Cashew
Gujarat,Dang,Loamy Soil,Zaid,18.3,91,104.0,Orange,Rice
Gujarat,Dang,Alluvial Soil,Zaid,39.0,44,149.7,Blackgram,Sugarcane
Gujarat,Dang,Laterite Soil,Whole Year,37.9,57,96.3,Mungbean,Coffee
Gujarat,Dang,Loamy Soil,Whole Year,36.8,53,61.5,Jute,Rice
Gujarat,Devbhoomi Dwarka,Loamy Soil,Rabi,21.7,55,326.9,Apple,Sugarcane
Gujarat,Devbhoomi Dwarka,Black Soil,Kharif,19.4,93,169.5,Papaya,Soybean
Gujarat,Devbhoomi Dwarka,Laterite Soil,Kharif,19.2,81,124.6,Maize,Cashew
Gujarat,Devbhoomi Dwarka,Laterite Soil,Rabi,29.2,65,120.8,Mothbeans,Cashew
Gujarat,Devbhoomi Dwarka,Laterite Soil,Zaid,19.4,73,198.2,Mungbean,Cashew
Gujarat,Devbhoomi Dwarka,Black Soil,Rabi,20.2,80,155.8,Chickpea,Cotton
Gujarat,Devbhoomi Dwarka,Sandy Soil,Whole Year,22.4,48,177.2,Coconut,Watermelon
Gujarat,Devbhoomi Dwarka,Loamy Soil,Rabi,39.7,52,286.2,Banana,Wheat
Gujarat,Devbhoomi Dwarka,Red Soil,Kharif,18.8,69,265.3,Cotton,Groundnut
Gujarat,Devbhoomi Dwarka,Red Soil,Zaid,34.6,63,24.5,Banana,Millets
Gujarat,Devbhoomi Dwarka,Sandy Soil,Zaid,25.1,44,207.9,Watermelon,Groundnut
Gujarat,Devbhoomi Dwarka,Alluvial Soil,Zaid,23.2,95,157.1,Chickpea,Maize
Gujarat,Devbhoomi Dwarka,Alluvial Soil,Rabi,28.8,46,92.0,Kidneybeans,Rice
Gujarat,Devbhoomi Dwarka,Alluvial Soil,Rabi,33.6,83,79.6,Muskmelon,Wheat
Gujarat,Devbhoomi Dwarka,Sandy Soil,Rabi,39.6,93,299.7,Blackgram,Groundnut
Gujarat,Devbhoomi Dwarka,Sandy Soil,Whole Year,30.9,86,76.7,Kidneybeans,Muskmelon
Gujarat,Devbhoomi Dwarka,Sandy Soil,Zaid,23.4,93,26.8,Jute,Watermelon
Gujarat,Devbhoomi Dwarka,Sandy Soil,Zaid,23.9,44,142.5,Banana,Watermelon
Gujarat,Devbhoomi Dwarka,Sandy Soil,Rabi,38.1,50,77.4,Cotton,Muskmelon
Gujarat,Devbhoomi Dwarka,Sandy Soil,Rabi,18.7,84,38.6,Orange,Muskmelon
Gujarat,Gandhinagar,Loamy Soil,Kharif,33.4,82,292.2,Orange,Wheat
Gujarat,Gandhinagar,Sandy Soil,Kharif,36.0,61,191.4,Blackgram,Muskmelon
Gujarat,Gandhinagar,Black Soil,Zaid,27.1,42,119.5,Coconut,Cotton
Gujarat,Gandhinagar,Sandy Soil,Zaid,24.0,82,116.2,Jute,Groundnut
Gujarat,Gandhinagar,Red Soil,Kharif,23.0,77,244.6,Apple,Groundnut
Gujarat,Gandhinagar,Sandy Soil,Zaid,31.1,67,123.1,Grapes,Watermelon
Gujarat,Gandhinagar,Loamy Soil,Rabi,23.7,52,197.2,Mango,Rice
Gujarat,Gandhinagar,Sandy Soil,Zaid,18.5,69,188.7,Mungbean,Muskmelon
Gujarat,Gandhinagar,Sandy Soil,Rabi,35.3,68,51.2,Mothbeans,Watermelon
Gujarat,Gandhinagar,Sandy Soil,Whole Year,25.8,88,248.3,Mothbeans,Watermelon
Gujarat,Gandhinagar,Sandy Soil,Kharif,35.3,77,344.1,Blackgram,Muskmelon
Gujarat,Gandhinagar,Red Soil,Zaid,38.3,61,53.5,Mungbean,Groundnut
Gujarat,Gandhinagar,Sandy Soil,Kharif,22.8,62,224.9,Chickpea,Watermelon
Gujarat,Gandhinagar,Loamy Soil,Rabi,21.7,95,126.6,Apple,Rice
Gujarat,Gandhinagar,Laterite Soil,Zaid,22.1,41,118.3,Jute,Coffee
Gujarat,Gandhinagar,Alluvial Soil,Zaid,29.4,91,108.6,Grapes,Rice
Gujarat,Gandhinagar,Red Soil,Zaid,39.1,56,187.6,Grapes,Millets
Gujarat,Gandhinagar,Laterite Soil,Rabi,30.6,77,252.2,Coffee,Tea
Gujarat,Gandhinagar,Red Soil,Kharif,20.5,76,333.4,Watermelon,Pulses
Gujarat,Gandhinagar,Red Soil,Whole Year,19.4,49,23.0,Jute,Millets
Gujarat,Gir Somnath,Sandy Soil,Zaid,20.5,71,65.0,Mango,Groundnut
Gujarat,Gir Somnath,Alluvial Soil,Kharif,32.4,81,219.8,Rice,Maize
Gujarat,Gir Somnath,Red Soil,Kharif,19.4,69,157.1,Lentil,Millets
Gujarat,Gir Somnath,Laterite Soil,Kharif,18.6,75,129.4,Papaya,Tea
Gujarat,Gir Somnath,Laterite Soil,Zaid,33.7,69,26.7,Pigeonpeas,Tea
Gujarat,Gir Somnath,Sandy Soil,Kharif,18.0,85,135.0,Pigeonpeas,Muskmelon
Gujarat,Gir Somnath,Alluvial Soil,Whole Year,24.6,68,32.8,Banana,Wheat
Gujarat,Gir Somnath,Loamy Soil,Zaid,18.3,66,97.6,Cotton,Maize
Gujarat,Gir Somnath,Black Soil,Zaid,36.8,94,166.5,Lentil,Jowar
Gujarat,Gir Somnath,Red Soil,Whole Year,32.4,53,114.4,Maize,Groundnut
Gujarat,Gir Somnath,Laterite Soil,Rabi,23.0,40,22.5,Rice,Cashew
Gujarat,Gir Somnath,Alluvial Soil,Zaid,23.0,46,243.4,Cotton,Maize
Gujarat,Gir Somnath,Alluvial Soil,Whole Year,22.4,53,245.6,Orange,Sugarcane
Gujarat,Gir Somnath,Alluvial Soil,Rabi,32.4,41,316.5,Blackgram,Sugarcane
Gujarat,Gir Somnath,Sandy Soil,Zaid,28.9,75,189.2,Pomegranate,Watermelon
Gujarat,Gir Somnath,Alluvial Soil,Kharif,29.5,75,298.9,Lentil,Sugarcane
Gujarat,Gir Somnath,Loamy Soil,Whole Year,26.4,73,37.3,Grapes,Wheat
Gujarat,Gir Somnath,Loamy Soil,Whole Year,29.5,73,81.8,Muskmelon,Sugarcane
Gujarat,Gir Somnath,Black Soil,Kharif,27.5,85,314.1,Blackgram,Soybean
Gujarat,Gir Somnath,Sandy Soil,Whole Year,24.9,45,23.0,Grapes,Groundnut
Gujarat,Jamnagar,Laterite Soil,Kharif,31.4,95,70.1,Pigeonpeas,Coffee
Gujarat,Jamnagar,Red Soil,Whole Year,24.4,79,312.1,Apple,Groundnut
Gujarat,Jamnagar,Loamy Soil,Kharif,18.6,52,236.8,Papaya,Wheat
Gujarat,Jamnagar,Loamy Soil,Rabi,18.7,59,180.6,Chickpea,Maize
Gujarat,Jamnagar,Black Soil,Zaid,21.1,81,302.7,Papaya,Jowar
Gujarat,Jamnagar,Loamy Soil,Whole Year,28.9,69,328.7,Coconut,Maize
Gujarat,Jamnagar,Black Soil,Whole Year,33.8,54,207.6,Coconut,Soybean
Gujarat,Jamnagar,Laterite Soil,Rabi,34.7,49,170.3,Rice,Coffee
Gujarat,Jamnagar,Sandy Soil,Rabi,33.4,57,125.1,Mungbean,Groundnut
Gujarat,Jamnagar,Laterite Soil,Kharif,29.9,79,101.0,Lentil,Coffee
Gujarat,Jamnagar,Laterite Soil,Zaid,26.4,71,298.4,Grapes,Cashew
Gujarat,Jamnagar,Laterite Soil,Whole Year,33.6,83,33.4,Maize,Coffee
Gujarat,Jamnagar,Sandy Soil,Whole Year,22.7,61,155.2,Pigeonpeas,Watermelon
Gujarat,Jamnagar,Laterite Soil,Whole Year,35.4,44,206.5,Mungbean,Coffee
Gujarat,Jamnagar,Loamy Soil,Rabi,37.3,72,192.3,Muskmelon,Sugarcane
Gujarat,Jamnagar,Loamy Soil,Whole Year,29.1,59,221.4,Jute,Maize
Gujarat,Jamnagar,Loamy Soil,Rabi,20.2,68,302.9,Mango,Sugarcane
Gujarat,Jamnagar,Sandy Soil,Whole Year,19.3,49,228.8,Coconut,Groundnut
Gujarat,Jamnagar,Alluvial Soil,Whole Year,35.3,76,119.5,Maize,Wheat
Gujarat,Jamnagar,Loamy Soil,Rabi,24.2,46,306.8,Rice,Rice
Gujarat,Junagadh,Alluvial Soil,Rabi,31.4,94,23.1,Watermelon,Maize
Gujarat,Junagadh,Black Soil,Kharif,25.4,53,339.9,Mango,Soybean
Gujarat,Junagadh,Laterite Soil,Zaid,38.3,88,231.3,Pigeonpeas,Coffee
Gujarat,Junagadh,Sandy Soil,Whole Year,34.3,85,114.3,Mothbeans,Watermelon
Gujarat,Junagadh,Black Soil,Zaid,25.0,75,299.7,Chickpea,Cotton
Gujarat,Junagadh,Alluvial Soil,Rabi,36.5,70,270.8,Maize,Rice
Gujarat,Junagadh,Loamy Soil,Whole Year,38.4,40,203.8,Banana,Maize
Gujarat,Junagadh,Black Soil,Rabi,36.2,43,103.8,Mango,Jowar
Gujarat,Junagadh,Red Soil,Rabi,23.2,59,313.6,Apple,Millets
Gujarat,Junagadh,Sandy Soil,Zaid,22.2,90,271.2,Mango,Muskmelon
Gujarat,Junagadh,Black Soil,Kharif,29.1,82,308.6,Muskmelon,Soybean
Gujarat,Junagadh,Alluvial Soil,Whole Year,36.6,77,299.7,Banana,Maize
Gujarat,Junagadh,Black Soil,Whole Year,26.2,47,122.8,Pigeonpeas,Soybean
Gujarat,Junagadh,Laterite Soil,Rabi,22.3,71,220.9,Papaya,Cashew
Gujarat,Junagadh,Loamy Soil,Rabi,29.0,69,155.1,Apple,Wheat
Gujarat,Junagadh,Sandy Soil,Zaid,32.5,59,38.4,Grapes,Watermelon
Gujarat,Junagadh,Alluvial Soil,Whole Year,30.2,55,170.8,Grapes,Rice
Gujarat,Junagadh,Loamy Soil,Zaid,34.7,53,238.3,Mungbean,Rice
Gujarat,Junagadh,Black Soil,Whole Year,32.1,40,55.9,Blackgram,Jowar
Gujarat,Junagadh,Alluvial Soil,Whole Year,36.6,62,147.2,Coconut,Sugarcane
Gujarat,Kheda,Sandy Soil,Zaid,33.1,71,247.0,Apple,Muskmelon
Gujarat,Kheda,Red Soil,Whole Year,34.3,66,301.8,Jute,Pulses
Gujarat,Kheda,Laterite Soil,Whole Year,32.1,84,270.8,Mungbean,Cashew
Gujarat,Kheda,Laterite Soil,Kharif,19.2,78,45.1,Coconut,Tea
Gujarat,Kheda,Sandy Soil,Zaid,34.3,59,184.3,Watermelon,Watermelon
Gujarat,Kheda,Alluvial Soil,Whole Year,29.3,63,190.2,Lentil,Rice
Gujarat,Kheda,Alluvial Soil,Whole Year,20.1,60,249.4,Cotton,Sugarcane
Gujarat,Kheda,Alluvial Soil,Rabi,21.7,78,184.2,Coconut,Wheat
Gujarat,Kheda,Sandy Soil,Zaid,18.6,68,96.8,Lentil,Watermelon
Gujarat,Kheda,Loamy Soil,Whole Year,18.5,67,30.5,Cotton,Sugarcane
Gujarat,Kheda,Black Soil,Rabi,32.8,42,39.8,Coffee,Soybean
Gujarat,Kheda,Laterite Soil,Rabi,33.3,74,243.4,Muskmelon,Tea
Gujarat,Kheda,Alluvial Soil,Kharif,26.6,45,73.9,Kidneybeans,Maize
Gujarat,Kheda,Laterite Soil,Kharif,20.3,69,98.7,Cotton,Coffee
Gujarat,Kheda,Sandy Soil,Kharif,20.2,69,272.2,Mungbean,Groundnut
Gujarat,Kheda,Black Soil,Kharif,35.3,58,240.8,Mothbeans,Cotton
Gujarat,Kheda,Black Soil,Whole Year,36.3,85,75.4,Cotton,Cotton
Gujarat,Kheda,Laterite Soil,Rabi,36.3,50,50.4,Maize,Coffee
Gujarat,Kheda,Alluvial Soil,Rabi,32.2,74,289.1,Kidneybeans,Maize
Gujarat,Kheda,Laterite Soil,Kharif,29.4,47,167.7,Cotton,Coffee
Gujarat,Kutch,Alluvial Soil,Rabi,28.5,51,84.2,Mothbeans,Sugarcane
Gujarat,Kutch,Black Soil,Rabi,36.3,66,41.4,Papaya,Jowar
Gujarat,Kutch,Red Soil,Whole Year,25.7,91,67.7,Banana,Pulses
Gujarat,Kutch,Laterite Soil,Whole Year,25.5,81,168.0,Cotton,Tea
Gujarat,Kutch,Sandy Soil,Kharif,37.5,65,319.5,Chickpea,Muskmelon
Gujarat,Kutch,Alluvial Soil,Rabi,18.9,94,48.6,Maize,Maize
Gujarat,Kutch,Alluvial Soil,Whole Year,29.6,87,273.4,Jute,Maize
Gujarat,Kutch,Laterite Soil,Kharif,25.7,50,276.4,Coffee,Tea
Gujarat,Kutch,Loamy Soil,Kharif,26.6,43,95.3,Coffee,Rice
Gujarat,Kutch,Black Soil,Kharif,23.0,91,26.3,Kidneybeans,Soybean
Gujarat,Kutch,Alluvial Soil,Kharif,23.2,48,107.1,Banana,Maize
Gujarat,Kutch,Laterite Soil,Whole Year,26.4,46,148.1,Muskmelon,Tea
Gujarat,Kutch,Laterite Soil,Kharif,31.8,70,221.4,Mothbeans,Coffee
Gujarat,Kutch,Red Soil,Zaid,29.9,45,292.2,Orange,Pulses
Gujarat,Kutch,Sandy Soil,Rabi,29.0,77,75.4,Watermelon,Groundnut
Gujarat,Kutch,Red Soil,Kharif,38.1,42,202.3,Pigeonpeas,Millets
Gujarat,Kutch,Laterite Soil,Rabi,24.5,43,53.5,Muskmelon,Coffee
Gujarat,Kutch,Black Soil,Rabi,18.6,70,317.6,Muskmelon,Jowar
Gujarat,Kutch,Alluvial Soil,Rabi,31.5,46,223.6,Pomegranate,Maize
Gujarat,Kutch,Red Soil,Rabi,38.9,91,159.6,Banana,Groundnut
Gujarat,Mahisagar,Loamy Soil,Rabi,19.5,76,49.7,Mothbeans,Sugarcane
Gujarat,Mahisagar,Red Soil,Rabi,35.0,63,198.4,Pomegranate,Groundnut
Gujarat,Mahisagar,Alluvial Soil,Rabi,29.0,66,320.1,Blackgram,Maize
Gujarat,Mahisagar,Sandy Soil,Rabi,30.3,74,310.0,Chickpea,Watermelon
Gujarat,Mahisagar,Black Soil,Rabi,39.8,88,244.8,Muskmelon,Cotton
Gujarat,Mahisagar,Laterite Soil,Zaid,23.3,93,326.8,Muskmelon,Tea
Gujarat,Mahisagar,Red Soil,Rabi,25.9,61,234.2,Cotton,Pulses
Gujarat,Mahisagar,Alluvial Soil,Whole Year,21.7,62,53.0,Rice,Sugarcane
Gujarat,Mahisagar,Black Soil,Whole Year,35.0,55,152.9,Blackgram,Soybean
Gujarat,Mahisagar,Alluvial Soil,Kharif,30.2,54,95.0,Coconut,Sugarcane
Gujarat,Mahisagar,Black Soil,Kharif,32.7,80,288.6,Watermelon,Jowar
Gujarat,Mahisagar,Sandy Soil,Whole Year,32.6,53,278.9,Mungbean,Watermelon
Gujarat,Mahisagar,Sandy Soil,Rabi,24.9,44,301.8,Apple,Groundnut
Gujarat,Mahisagar,Laterite Soil,Zaid,19.9,67,71.3,Blackgram,Cashew
Gujarat,Mahisagar,Black Soil,Rabi,30.0,55,341.3,Coconut,Cotton
Gujarat,Mahisagar,Sandy Soil,Zaid,28.1,55,345.6,Rice,Muskmelon
Gujarat,Mahisagar,Laterite Soil,Rabi,26.4,64,231.5,Coconut,Cashew
Gujarat,Mahisagar,Loamy Soil,Zaid,34.1,46,287.9,Pomegranate,Wheat
Gujarat,Mahisagar,Sandy Soil,Kharif,37.6,40,27.4,Cotton,Groundnut
Gujarat,Mahisagar,Sandy Soil,Kharif,20.7,81,163.4,Apple,Groundnut
Gujarat,Mehsana,Black Soil,Whole Year,19.8,57,59.9,Blackgram,Jowar
Gujarat,Mehsana,Loamy Soil,Zaid,22.9,69,175.6,Watermelon,Rice
Gujarat,Mehsana,Black Soil,Kharif,31.6,81,346.8,Blackgram,Jowar
Gujarat,Mehsana,Alluvial Soil,Kharif,37.6,60,170.3,Papaya,Maize
Gujarat,Mehsana,Loamy Soil,Zaid,30.5,75,136.2,Papaya,Wheat
Gujarat,Mehsana,Loamy Soil,Whole Year,26.6,42,128.8,Muskmelon,Maize
Gujarat,Mehsana,Loamy Soil,Whole Year,36.4,62,123.2,Coffee,Sugarcane
Gujarat,Mehsana,Alluvial Soil,Zaid,24.2,60,347.9,Rice,Maize
Gujarat,Mehsana,Red Soil,Whole Year,29.1,45,66.6,Watermelon,Millets
Gujarat,Mehsana,Loamy Soil,Kharif,22.0,93,57.4,Coffee,Rice
Gujarat,Mehsana,Black Soil,Rabi,31.7,88,100.8,Cotton,Soybean
Gujarat,Mehsana,Loamy Soil,Zaid,18.4,74,58.4,Coconut,Sugarcane
Gujarat,Mehsana,Laterite Soil,Whole Year,23.8,43,284.4,Muskmelon,Coffee
Gujarat,Mehsana,Black Soil,Whole Year,20.0,73,44.1,Cotton,Soybean
Gujarat,Mehsana,Sandy Soil,Zaid,20.7,76,28.3,Lentil,Muskmelon
Gujarat,Mehsana,Sandy Soil,Kharif,32.5,65,345.6,Rice,Groundnut
Gujarat,Mehsana,Alluvial Soil,Rabi,20.0,88,209.1,Pomegranate,Wheat
Gujarat,Mehsana,Alluvial Soil,Zaid,36.3,65,140.2,Orange,Wheat
Gujarat,Mehsana,Alluvial Soil,Zaid,25.1,55,171.9,Coffee,Maize
Gujarat,Mehsana,Alluvial Soil,Rabi,36.2,71,207.8,Jute,Wheat
Gujarat,Morbi,Laterite Soil,Whole Year,24.7,90,95.2,Coconut,Tea
Gujarat,Morbi,Loamy Soil,Whole Year,29.6,52,75.2,Banana,Maize
Gujarat,Morbi,Sandy Soil,Kharif,22.8,59,237.9,Pigeonpeas,Groundnut
Gujarat,Morbi,Laterite Soil,Zaid,20.3,43,326.9,Coconut,Tea
Gujarat,Morbi,Red Soil,Kharif,24.8,94,172.3,Apple,Pulses
Gujarat,Morbi,Loamy Soil,Kharif,36.0,71,206.6,Apple,Maize
Gujarat,Morbi,Black Soil,Zaid,24.3,91,167.8,Maize,Jowar
Gujarat,Morbi,Sandy Soil,Zaid,23.0,47,87.0,Pigeonpeas,Watermelon
Gujarat,Morbi,Red Soil,Zaid,35.3,61,33.9,Mothbeans,Pulses
Gujarat,Morbi,Loamy Soil,Kharif,23.8,83,202.6,Jute,Wheat
Gujarat,Morbi,Sandy Soil,Kharif,31.9,63,67.8,Jute,Groundnut
Gujarat,Morbi,Red Soil,Kharif,22.5,66,273.6,Rice,Pulses
Gujarat,Morbi,Black Soil,Rabi,39.9,87,134.7,Chickpea,Cotton
Gujarat,Morbi,Laterite Soil,Kharif,21.8,49,309.3,Maize,Tea
Gujarat,Morbi,Loamy Soil,Kharif,26.8,68,43.5,Rice,Rice
Gujarat,Morbi,Alluvial Soil,Zaid,28.7,60,322.2,Pigeonpeas,Sugarcane
Gujarat,Morbi,Sandy Soil,Rabi,32.9,87,244.2,Kidneybeans,Muskmelon
Gujarat,Morbi,Red Soil,Whole Year,35.5,83,155.0,Blackgram,Pulses
Gujarat,Morbi,Red Soil,Whole Year,26.2,76,281.0,Cotton,Millets
Gujarat,Morbi,Red Soil,Rabi,24.1,81,289.8,Coconut,Pulses
Gujarat,Narmada,Laterite Soil,Zaid,33.0,64,144.4,Grapes,Coffee
Gujarat,Narmada,Alluvial Soil,Kharif,22.6,56,144.3,Lentil,Rice
Gujarat,Narmada,Laterite Soil,Rabi,25.2,58,190.4,Orange,Coffee
Gujarat,Narmada,Red Soil,Rabi,26.6,61,314.8,Banana,Pulses
Gujarat,Narmada,Red Soil,Kharif,25.4,57,151.1,Coffee,Groundnut
Gujarat,Narmada,Sandy Soil,Rabi,34.1,49,259.6,Pomegranate,Muskmelon
Gujarat,Narmada,Black Soil,Zaid,33.9,77,297.0,Rice,Jowar
Gujarat,Narmada,Loamy Soil,Whole Year,37.9,64,269.9,Coconut,Wheat
Gujarat,Narmada,Black Soil,Rabi,21.9,48,271.8,Coconut,Soybean
Gujarat,Narmada,Black Soil,Zaid,33.4,87,187.6,Coffee,Soybean
Gujarat,Narmada,Sandy Soil,Rabi,29.2,75,111.5,Jute,Groundnut
Gujarat,Narmada,Loamy Soil,Whole Year,32.5,40,95.5,Watermelon,Rice
Gujarat,Narmada,Laterite Soil,Rabi,24.1,83,274.8,Mungbean,Cashew
Gujarat,Narmada,Alluvial Soil,Whole Year,37.7,92,81.5,Orange,Wheat
Gujarat,Narmada,Sandy Soil,Whole Year,21.9,68,176.3,Watermelon,Muskmelon
Gujarat,Narmada,Loamy Soil,Rabi,25.5,52,341.6,Coconut,Wheat
Gujarat,Narmada,Loamy Soil,Zaid,31.6,78,327.1,Kidneybeans,Maize
Gujarat,Narmada,Laterite Soil,Kharif,25.7,56,299.8,Rice,Tea
Gujarat,Narmada,Loamy Soil,Rabi,27.4,76,77.8,Pomegranate,Sugarcane
Gujarat,Narmada,Black Soil,Zaid,27.8,81,54.7,Coffee,Soybean
Gujarat,Navsari,Loamy Soil,Whole Year,29.2,77,146.4,Orange,Rice
Gujarat,Navsari,Alluvial Soil,Kharif,39.9,82,100.1,Watermelon,Sugarcane
Gujarat,Navsari,Black Soil,Whole Year,19.7,90,125.3,Mungbean,Jowar
Gujarat,Navsari,Black Soil,Kharif,36.4,40,224.9,Mothbeans,Jowar
Gujarat,Navsari,Red Soil,Kharif,37.8,89,198.5,Pomegranate,Millets
Gujarat,Navsari,Laterite Soil,Kharif,34.3,85,150.5,Banana,Coffee
Gujarat,Navsari,Black Soil,Rabi,22.5,57,185.7,Blackgram,Cotton
Gujarat,Navsari,Sandy Soil,Whole Year,27.2,52,140.7,Apple,Watermelon
Gujarat,Navsari,Red Soil,Kharif,20.8,76,205.4,Blackgram,Pulses
Gujarat,Navsari,Loamy Soil,Whole Year,34.7,68,27.7,Watermelon,Wheat
Gujarat,Navsari,Laterite Soil,Kharif,29.2,73,157.9,Muskmelon,Cashew
Gujarat,Navsari,Laterite Soil,Kharif,32.0,75,33.8,Grapes,Tea
Gujarat,Navsari,Laterite Soil,Zaid,32.8,57,70.9,Coconut,Cashew
Gujarat,Navsari,Red Soil,Kharif,30.9,71,67.7,Watermelon,Pulses
Gujarat,Navsari,Alluvial Soil,Rabi,35.1,79,294.3,Rice,Maize
Gujarat,Navsari,Loamy Soil,Kharif,28.4,76,44.6,Mango,Sugarcane
Gujarat,Navsari,Black Soil,Zaid,22.5,83,226.0,Jute,Jowar
Gujarat,Navsari,Black Soil,Zaid,25.5,77,111.2,Mothbeans,Jowar
Gujarat,Navsari,Alluvial Soil,Zaid,25.6,76,141.3,Mango,Rice
Gujarat,Navsari,Sandy Soil,Whole Year,18.6,43,37.0,Mungbean,Watermelon
Gujarat,Panchmahal,Alluvial Soil,Whole Year,24.2,87,240.8,Pigeonpeas,Maize
Gujarat,Panchmahal,Sandy Soil,Whole Year,24.5,89,131.3,Coconut,Muskmelon
Gujarat,Panchmahal,Black Soil,Rabi,21.0,82,255.4,Coffee,Soybean
Gujarat,Panchmahal,Red Soil,Kharif,27.1,88,61.5,Banana,Millets
Gujarat,Panchmahal,Laterite Soil,Zaid,30.9,88,270.9,Mothbeans,Cashew
Gujarat,Panchmahal,Sandy Soil,Rabi,26.1,84,319.7,Jute,Watermelon
Gujarat,Panchmahal,Loamy Soil,Zaid,30.7,94,124.4,Rice,Rice
Gujarat,Panchmahal,Sandy Soil,Kharif,39.6,64,188.9,Mothbeans,Muskmelon
Gujarat,Panchmahal,Alluvial Soil,Whole Year,30.8,79,170.8,Pigeonpeas,Maize
Gujarat,Panchmahal,Alluvial Soil,Rabi,34.4,52,151.3,Jute,Rice
Gujarat,Panchmahal,Laterite Soil,Rabi,28.1,63,216.5,Pomegranate,Tea
Gujarat,Panchmahal,Alluvial Soil,Rabi,23.4,67,232.2,Mothbeans,Wheat
Gujarat,Panchmahal,Laterite Soil,Zaid,19.4,62,28.2,Pigeonpeas,Coffee
Gujarat,Panchmahal,Red Soil,Whole Year,23.8,70,154.0,Kidneybeans,Millets
Gujarat,Panchmahal,Sandy Soil,Whole Year,31.9,51,171.8,Papaya,Muskmelon
Gujarat,Panchmahal,Red Soil,Rabi,27.2,83,323.3,Apple,Groundnut
Gujarat,Panchmahal,Loamy Soil,Zaid,36.8,72,55.7,Coffee,Wheat
Gujarat,Panchmahal,Red Soil,Zaid,27.7,42,118.1,Cotton,Pulses
Gujarat,Panchmahal,Loamy Soil,Kharif,38.4,93,150.5,Grapes,Sugarcane
Gujarat,Panchmahal,Alluvial Soil,Rabi,24.6,92,83.7,Banana,Wheat
Gujarat,Patan,Red Soil,Whole Year,26.6,95,154.2,Cotton,Groundnut
Gujarat,Patan,Alluvial Soil,Whole Year,29.9,92,225.5,Lentil,Rice
Gujarat,Patan,Alluvial Soil,Zaid,27.9,48,338.4,Chickpea,Rice
Gujarat,Patan,Black Soil,Kharif,30.3,71,152.0,Cotton,Cotton
Gujarat,Patan,Alluvial Soil,Kharif,24.2,88,144.0,Kidneybeans,Rice
Gujarat,Patan,Laterite Soil,Rabi,23.0,59,278.2,Pomegranate,Tea
Gujarat,Patan,Laterite Soil,Kharif,32.4,78,295.2,Apple,Coffee
Gujarat,Patan,Loamy Soil,Rabi,35.5,61,61.6,Blackgram,Wheat
Gujarat,Patan,Loamy Soil,Whole Year,28.8,76,62.1,Coffee,Maize
Gujarat,Patan,Black Soil,Zaid,38.0,41,133.7,Pomegranate,Soybean
Gujarat,Patan,Loamy Soil,Whole Year,28.8,45,103.5,Lentil,Rice
Gujarat,Patan,Alluvial Soil,Kharif,39.6,94,123.8,Chickpea,Maize
Gujarat,Patan,Loamy Soil,Kharif,35.0,53,212.1,Jute,Rice
Gujarat,Patan,Laterite Soil,Whole Year,25.0,67,255.1,Coconut,Cashew
Gujarat,Patan,Loamy Soil,Whole Year,36.2,55,219.1,Jute,Rice
Gujarat,Patan,Black Soil,Kharif,28.4,55,29.4,Banana,Jowar
Gujarat,Patan,Black Soil,Zaid,36.1,93,326.4,Pigeonpeas,Soybean
Gujarat,Patan,Laterite Soil,Rabi,19.1,54,65.5,Rice,Coffee
Gujarat,Patan,Laterite Soil,Kharif,19.8,41,149.9,Chickpea,Coffee
Gujarat,Patan,Black Soil,Rabi,33.4,84,151.2,Mango,Cotton
Gujarat,Porbandar,Alluvial Soil,Kharif,19.7,42,206.8,Cotton,Rice
Gujarat,Porbandar,Laterite Soil,Zaid,20.4,50,35.6,Kidneybeans,Tea
Gujarat,Porbandar,Loamy Soil,Rabi,23.7,76,71.1,Blackgram,Sugarcane
Gujarat,Porbandar,Laterite Soil,Kharif,18.5,50,103.5,Banana,Coffee
Gujarat,Porbandar,Alluvial Soil,Whole Year,32.1,43,27.3,Mango,Rice
Gujarat,Porbandar,Laterite Soil,Rabi,19.5,91,345.2,Pomegranate,Tea
Gujarat,Porbandar,Red Soil,Kharif,26.0,45,38.5,Pomegranate,Groundnut
Gujarat,Porbandar,Laterite Soil,Zaid,38.0,77,151.8,Pigeonpeas,Coffee
Gujarat,Porbandar,Black Soil,Zaid,34.8,63,289.8,Papaya,Cotton
Gujarat,Porbandar,Laterite Soil,Rabi,25.5,78,122.2,Watermelon,Coffee
Gujarat,Porbandar,Red Soil,Rabi,29.5,42,287.7,Banana,Millets
Gujarat,Porbandar,Sandy Soil,Kharif,29.4,87,167.2,Pomegranate,Watermelon
Gujarat,Porbandar,Black Soil,Kharif,20.0,75,201.2,Kidneybeans,Cotton
Gujarat,Porbandar,Red Soil,Kharif,24.6,51,314.5,Lentil,Groundnut
Gujarat,Porbandar,Alluvial Soil,Kharif,32.1,95,212.7,Blackgram,Maize
Gujarat,Porbandar,Red Soil,Rabi,18.7,55,173.3,Cotton,Millets
Gujarat,Porbandar,Sandy Soil,Rabi,22.0,93,212.4,Blackgram,Muskmelon
Gujarat,Porbandar,Loamy Soil,Whole Year,33.1,94,127.6,Cotton,Rice
Gujarat,Porbandar,Laterite Soil,Zaid,19.4,67,151.6,Mothbeans,Cashew
Gujarat,Porbandar,Alluvial Soil,Rabi,35.6,76,139.7,Lentil,Maize
Gujarat,Rajkot,Loamy Soil,Rabi,39.8,93,258.8,Papaya,Sugarcane
Gujarat,Rajkot,Laterite Soil,Whole Year,31.2,80,270.8,Pigeonpeas,Coffee
Gujarat,Rajkot,Loamy Soil,Zaid,33.8,76,35.3,Muskmelon,Sugarcane
Gujarat,Rajkot,Red Soil,Whole Year,32.9,67,245.3,Papaya,Groundnut
Gujarat,Rajkot,Laterite Soil,Whole Year,35.6,68,88.4,Chickpea,Tea
Gujarat,Rajkot,Red Soil,Kharif,19.5,72,224.3,Mungbean,Pulses
Gujarat,Rajkot,Sandy Soil,Whole Year,23.1,70,69.0,Coconut,Muskmelon
Gujarat,Rajkot,Laterite Soil,Whole Year,37.4,73,128.3,Lentil,Cashew
Gujarat,Rajkot,Alluvial Soil,Rabi,33.0,69,163.0,Grapes,Maize
Gujarat,Rajkot,Black Soil,Kharif,38.8,45,237.1,Chickpea,Soybean
Gujarat,Rajkot,Alluvial Soil,Rabi,36.6,41,185.1,Coconut,Wheat
Gujarat,Rajkot,Black Soil,Kharif,20.6,88,163.1,Cotton,Soybean
Gujarat,Rajkot,Laterite Soil,Whole Year,23.0,86,281.6,Blackgram,Cashew
Gujarat,Rajkot,Red Soil,Kharif,28.9,82,267.4,Watermelon,Pulses
Gujarat,Rajkot,Sandy Soil,Rabi,37.5,81,42.0,Lentil,Muskmelon
Gujarat,Rajkot,Loamy Soil,Whole Year,20.3,84,90.6,Kidneybeans,Wheat
Gujarat,Rajkot,Laterite Soil,Whole Year,20.5,43,44.4,Muskmelon,Cashew
Gujarat,Rajkot,Laterite Soil,Zaid,37.0,64,173.4,Lentil,Coffee
Gujarat,Rajkot,Loamy Soil,Zaid,38.8,91,130.3,Banana,Maize
Gujarat,Rajkot,Black Soil,Rabi,32.0,50,345.0,Kidneybeans,Jowar
Gujarat,Sabarkantha,Laterite Soil,Whole Year,22.4,49,289.8,Lentil,Tea
Gujarat,Sabarkantha,Black Soil,Whole Year,30.2,83,319.4,Cotton,Jowar
Gujarat,Sabarkantha,Alluvial Soil,Kharif,34.9,77,261.9,Cotton,Maize
Gujarat,Sabarkantha,Laterite Soil,Zaid,38.7,76,71.3,Kidneybeans,Cashew
Gujarat,Sabarkantha,Black Soil,Whole Year,32.9,41,78.2,Lentil,Cotton
Gujarat,Sabarkantha,Alluvial Soil,Whole Year,32.0,55,324.4,Grapes,Rice
Gujarat,Sabarkantha,Black Soil,Whole Year,32.8,48,289.6,Watermelon,Jowar
Gujarat,Sabarkantha,Black Soil,Rabi,34.0,62,164.9,Papaya,Jowar
Gujarat,Sabarkantha,Laterite Soil,Zaid,24.9,69,220.2,Pomegranate,Coffee
Gujarat,Sabarkantha,Red Soil,Rabi,24.6,54,241.5,Rice,Pulses
Gujarat,Sabarkantha,Black Soil,Kharif,19.4,52,70.3,Muskmelon,Soybean
Gujarat,Sabarkantha,Red Soil,Kharif,30.1,54,227.3,Coconut,Pulses
Gujarat,Sabarkantha,Red Soil,Rabi,34.9,76,277.7,Coffee,Millets
Gujarat,Sabarkantha,Alluvial Soil,Whole Year,20.1,52,160.1,Coffee,Maize
Gujarat,Sabarkantha,Loamy Soil,Whole Year,35.9,56,326.5,Apple,Sugarcane
Gujarat,Sabarkantha,Alluvial Soil,Zaid,24.7,89,279.0,Mothbeans,Sugarcane
Gujarat,Sabarkantha,Loamy Soil,Rabi,39.9,53,266.7,Grapes,Rice
Gujarat,Sabarkantha,Laterite Soil,Rabi,30.3,43,52.4,Kidneybeans,Cashew
Gujarat,Sabarkantha,Laterite Soil,Whole Year,20.1,88,160.2,Pomegranate,Tea
Gujarat,Sabarkantha,Black Soil,Zaid,22.8,76,201.4,Mothbeans,Jowar
Gujarat,Surat,Alluvial Soil,Kharif,31.2,66,324.7,Banana,Rice
Gujarat,Surat,Loamy Soil,Rabi,22.3,44,260.4,Grapes,Maize
Gujarat,Surat,Alluvial Soil,Whole Year,33.0,86,97.7,Pigeonpeas,Wheat
Gujarat,Surat,Red Soil,Rabi,35.7,77,287.7,Coffee,Pulses
Gujarat,Surat,Red Soil,Rabi,34.7,90,94.0,Muskmelon,Pulses
Gujarat,Surat,Alluvial Soil,Zaid,31.6,68,116.7,Rice,Wheat
Gujarat,Surat,Alluvial Soil,Whole Year,30.2,94,73.7,Jute,Rice
Gujarat,Surat,Red Soil,Rabi,36.7,63,55.9,Rice,Groundnut
Gujarat,Surat,Black Soil,Whole Year,23.2,95,301.0,Mungbean,Cotton
Gujarat,Surat,Loamy Soil,Rabi,30.5,85,323.5,Kidneybeans,Rice
Gujarat,Surat,Alluvial Soil,Zaid,34.2,42,282.6,Rice,Wheat
Gujarat,Surat,Black Soil,Zaid,26.1,48,21.7,Jute,Cotton
Gujarat,Surat,Alluvial Soil,Whole Year,38.1,40,167.4,Chickpea,Maize
Gujarat,Surat,Alluvial Soil,Whole Year,24.0,92,257.2,Orange,Rice
Gujarat,Surat,Alluvial Soil,Rabi,27.6,79,203.6,Cotton,Maize
Gujarat,Surat,Laterite Soil,Kharif,20.3,91,305.2,Coconut,Tea
Gujarat,Surat,Black Soil,Zaid,22.1,48,286.0,Pigeonpeas,Soybean
Gujarat,Surat,Black Soil,Kharif,33.3,79,150.5,Lentil,Soybean
Gujarat,Surat,Alluvial Soil,Whole Year,29.5,65,112.5,Jute,Sugarcane
Gujarat,Surat,Black Soil,Whole Year,33.3,42,37.6,Kidneybeans,Soybean
Gujarat,Surendranagar,Black Soil,Rabi,30.7,67,218.7,Orange,Soybean
Gujarat,Surendranagar,Loamy Soil,Kharif,24.5,56,214.6,Orange,Sugarcane
Gujarat,Surendranagar,Sandy Soil,Whole Year,25.9,86,20.4,Papaya,Groundnut
Gujarat,Surendranagar,Alluvial Soil,Rabi,37.2,45,76.5,Muskmelon,Sugarcane
Gujarat,Surendranagar,Red Soil,Zaid,27.5,86,66.0,Mango,Pulses
Gujarat,Surendranagar,Alluvial Soil,Rabi,39.0,83,44.3,Maize,Sugarcane
Gujarat,Surendranagar,Sandy Soil,Whole Year,25.2,89,327.3,Pomegranate,Groundnut
Gujarat,Surendranagar,Laterite Soil,Kharif,18.5,56,150.2,Rice,Tea
Gujarat,Surendranagar,Black Soil,Kharif,38.1,86,209.6,Chickpea,Cotton
Gujarat,Surendranagar,Loamy Soil,Whole Year,26.9,56,308.6,Rice,Sugarcane
Gujarat,Surendranagar,Loamy Soil,Kharif,37.4,75,256.8,Blackgram,Maize
Gujarat,Surendranagar,Loamy Soil,Rabi,27.4,69,20.3,Papaya,Wheat
Gujarat,Surendranagar,Black Soil,Whole Year,33.9,62,24.0,Pomegranate,Soybean
Gujarat,Surendranagar,Laterite Soil,Kharif,27.9,72,192.6,Pigeonpeas,Coffee
Gujarat,Surendranagar,Sandy Soil,Rabi,38.0,52,310.1,Mothbeans,Groundnut
Gujarat,Surendranagar,Sandy Soil,Kharif,36.7,87,258.0,Cotton,Watermelon
Gujarat,Surendranagar,Alluvial Soil,Whole Year,35.1,85,234.3,Papaya,Maize
Gujarat,Surendranagar,Laterite Soil,Rabi,39.2,44,126.6,Blackgram,Tea
Gujarat,Surendranagar,Black Soil,Kharif,33.5,89,248.9,Kidneybeans,Jowar
Gujarat,Surendranagar,Laterite Soil,Rabi,32.0,88,74.1,Rice,Tea
Gujarat,Tapi,Red Soil,Kharif,21.1,67,269.4,Maize,Millets
Gujarat,Tapi,Alluvial Soil,Whole Year,31.0,63,65.1,Orange,Maize
Gujarat,Tapi,Loamy Soil,Whole Year,28.7,57,102.4,Mungbean,Rice
Gujarat,Tapi,Sandy Soil,Rabi,23.7,50,68.9,Cotton,Muskmelon
Gujarat,Tapi,Loamy Soil,Zaid,37.5,74,95.8,Banana,Sugarcane
Gujarat,Tapi,Laterite Soil,Zaid,18.2,63,129.1,Mothbeans,Coffee
Gujarat,Tapi,Black Soil,Whole Year,22.8,79,238.7,Pomegranate,Soybean
Gujarat,Tapi,Black Soil,Rabi,39.5,49,160.7,Apple,Cotton
Gujarat,Tapi,Sandy Soil,Kharif,32.3,71,55.5,Blackgram,Watermelon
Gujarat,Tapi,Alluvial Soil,Zaid,20.3,77,337.7,Pomegranate,Rice
Gujarat,Tapi,Laterite Soil,Rabi,32.0,84,181.0,Banana,Coffee
Gujarat,Tapi,Loamy Soil,Kharif,34.0,46,149.3,Rice,Sugarcane
Gujarat,Tapi,Laterite Soil,Rabi,21.8,89,121.9,Cotton,Cashew
Gujarat,Tapi,Loamy Soil,Whole Year,35.5,75,342.8,Chickpea,Wheat
Gujarat,Tapi,Black Soil,Whole Year,18.8,89,46.8,Mango,Jowar
Gujarat,Tapi,Laterite Soil,Rabi,39.6,81,323.6,Coconut,Cashew
Gujarat,Tapi,Alluvial Soil,Kharif,21.2,58,138.3,Mango,Maize
Gujarat,Tapi,Sandy Soil,Rabi,37.5,59,330.4,Apple,Muskmelon
Gujarat,Tapi,Sandy Soil,Kharif,32.5,46,233.5,Muskmelon,Muskmelon
Gujarat,Tapi,Sandy Soil,Zaid,36.4,68,28.7,Maize,Watermelon
Gujarat,Vadodara,Black Soil,Rabi,37.3,83,36.3,Blackgram,Jowar
Gujarat,Vadodara,Black Soil,Zaid,23.5,91,229.4,Blackgram,Soybean
Gujarat,Vadodara,Loamy Soil,Whole Year,18.1,82,202.8,Mango,Maize
Gujarat,Vadodara,Red Soil,Whole Year,39.8,85,221.2,Rice,Groundnut
Gujarat,Vadodara,Laterite Soil,Kharif,31.0,55,134.1,Blackgram,Tea
Gujarat,Vadodara,Black Soil,Zaid,20.1,43,250.0,Jute,Jowar
Gujarat,Vadodara,Red Soil,Kharif,25.8,47,109.6,Muskmelon,Millets
Gujarat,Vadodara,Black Soil,Rabi,19.5,70,225.0,Maize,Cotton
Gujarat,Vadodara,Laterite Soil,Whole Year,37.5,47,279.7,Blackgram,Coffee
Gujarat,Vadodara,Red Soil,Zaid,25.0,47,319.0,Apple,Millets
Gujarat,Vadodara,Red Soil,Whole Year,27.5,60,115.4,Chickpea,Millets
Gujarat,Vadodara,Laterite Soil,Kharif,36.6,46,37.1,Cotton,Tea
Gujarat,Vadodara,Loamy Soil,Whole Year,36.7,84,348.9,Apple,Sugarcane
Gujarat,Vadodara,Alluvial Soil,Rabi,32.7,92,207.2,Pomegranate,Wheat
Gujarat,Vadodara,Red Soil,Kharif,22.0,58,302.2,Pomegranate,Pulses
Gujarat,Vadodara,Sandy Soil,Zaid,20.6,68,96.1,Pomegranate,Groundnut
Gujarat,Vadodara,Loamy Soil,Kharif,35.8,88,162.7,Lentil,Wheat
Gujarat,Vadodara,Loamy Soil,Kharif,22.7,78,156.0,Maize,Rice
Gujarat,Vadodara,Black Soil,Kharif,29.8,74,177.1,Coffee,Cotton
Gujarat,Vadodara,Sandy Soil,Whole Year,26.0,95,323.4,Mango,Watermelon
Gujarat,Valsad,Loamy Soil,Whole Year,27.6,58,220.9,Maize,Maize
Gujarat,Valsad,Red Soil,Rabi,21.9,52,217.3,Mothbeans,Groundnut
Gujarat,Valsad,Laterite Soil,Kharif,31.9,54,201.6,Mango,Cashew
Gujarat,Valsad,Loamy Soil,Zaid,22.7,85,176.2,Jute,Maize
Gujarat,Valsad,Sandy Soil,Kharif,21.4,55,307.5,Orange,Watermelon
Gujarat,Valsad,Sandy Soil,Kharif,25.7,63,97.0,Chickpea,Watermelon
Gujarat,Valsad,Sandy Soil,Rabi,21.2,89,254.7,Pigeonpeas,Muskmelon
Gujarat,Valsad,Sandy Soil,Rabi,30.1,42,190.3,Watermelon,Muskmelon
Gujarat,Valsad,Laterite Soil,Rabi,21.2,56,117.6,Coffee,Cashew
Gujarat,Valsad,Sandy Soil,Kharif,31.1,81,252.4,Orange,Watermelon
Gujarat,Valsad,Red Soil,Rabi,31.2,67,324.9,Mothbeans,Millets
Gujarat,Valsad,Black Soil,Rabi,18.4,64,181.3,Coffee,Cotton
Gujarat,Valsad,Black Soil,Zaid,27.5,95,28.9,Grapes,Soybean
Gujarat,Valsad,Loamy Soil,Zaid,22.3,80,296.8,Mothbeans,Wheat
Gujarat,Valsad,Black Soil,Zaid,27.8,82,38.4,Rice,Soybean
Gujarat,Valsad,Alluvial Soil,Rabi,33.7,89,27.2,Watermelon,Sugarcane
Gujarat,Valsad,Red Soil,Kharif,28.6,44,343.2,Jute,Groundnut
Gujarat,Valsad,Sandy Soil,Rabi,36.7,41,258.8,Kidneybeans,Groundnut
Gujarat,Valsad,Black Soil,Zaid,23.6,82,155.2,Muskmelon,Cotton
Gujarat,Valsad,Sandy Soil,Zaid,33.4,94,112.9,Apple,Muskmelon
Odisha,Angul,Sandy Soil,Whole Year,23.1,53,219.5,Lentil,Muskmelon
Odisha,Angul,Loamy Soil,Whole Year,37.6,82,348.8,Coffee,Sugarcane
Odisha,Angul,Loamy Soil,Rabi,25.4,76,349.5,Coconut,Rice
Odisha,Angul,Black Soil,Rabi,29.9,74,244.1,Blackgram,Cotton
Odisha,Angul,Black Soil,Zaid,36.5,95,200.9,Mothbeans,Cotton
Odisha,Angul,Laterite Soil,Rabi,25.5,91,140.3,Chickpea,Coffee
Odisha,Angul,Red Soil,Zaid,23.7,67,269.6,Chickpea,Millets
Odisha,Angul,Loamy Soil,Kharif,21.2,85,58.8,Pomegranate,Rice
Odisha,Angul,Loamy Soil,Zaid,34.3,83,329.3,Kidneybeans,Rice
Odisha,Angul,Laterite Soil,Kharif,20.8,75,193.5,Pigeonpeas,Tea
Odisha,Angul,Loamy Soil,Zaid,31.9,67,81.6,Watermelon,Sugarcane
Odisha,Angul,Alluvial Soil,Zaid,18.5,64,220.9,Blackgram,Rice
Odisha,Angul,Sandy Soil,Whole Year,23.4,76,155.7,Jute,Muskmelon
Odisha,Angul,Sandy Soil,Rabi,29.2,89,272.5,Coconut,Muskmelon
Odisha,Angul,Laterite Soil,Whole Year,31.2,65,135.5,Jute,Tea
Odisha,Angul,Loamy Soil,Whole Year,22.0,79,93.2,Apple,Rice
Odisha,Angul,Black Soil,Zaid,28.0,61,196.8,Mango,Soybean
Odisha,Angul,Laterite Soil,Whole Year,34.7,82,68.4,Orange,Cashew
Odisha,Angul,Sandy Soil,Whole Year,30.3,65,221.1,Jute,Watermelon
Odisha,Angul,Black Soil,Rabi,27.9,52,209.9,Rice,Soybean
Odisha,Balangir,Red Soil,Kharif,30.3,66,78.1,Watermelon,Groundnut
Odisha,Balangir,Sandy Soil,Whole Year,33.8,51,105.4,Chickpea,Watermelon
Odisha,Balangir,Alluvial Soil,Kharif,24.4,65,299.4,Coffee,Sugarcane
Odisha,Balangir,Red Soil,Zaid,26.4,46,79.9,Kidneybeans,Millets
Odisha,Balangir,Loamy Soil,Whole Year,36.0,90,25.3,Coffee,Wheat
Odisha,Balangir,Loamy Soil,Zaid,35.0,77,88.6,Grapes,Maize
Odisha,Balangir,Loamy Soil,Zaid,36.1,94,236.0,Mungbean,Maize
Odisha,Balangir,Black Soil,Zaid,32.0,92,131.1,Jute,Jowar
Odisha,Balangir,Black Soil,Whole Year,23.1,41,168.0,Watermelon,Cotton
Odisha,Balangir,Alluvial Soil,Rabi,31.1,83,79.2,Orange,Wheat
Odisha,Balangir,Black Soil,Zaid,30.3,43,316.8,Orange,Jowar
Odisha,Balangir,Red Soil,Rabi,39.2,79,88.5,Coconut,Pulses
Odisha,Balangir,Loamy Soil,Rabi,23.8,68,348.0,Orange,Maize
Odisha,Balangir,Laterite Soil,Kharif,19.5,89,286.0,Orange,Tea
Odisha,Balangir,Black Soil,Rabi,32.2,41,304.7,Pigeonpeas,Cotton
Odisha,Balangir,Loamy Soil,Rabi,22.6,60,87.9,Orange,Rice
Odisha,Balangir,Alluvial Soil,Rabi,26.6,70,231.2,Mothbeans,Sugarcane
Odisha,Balangir,Loamy Soil,Rabi,33.0,94,217.7,Papaya,Wheat
Odisha,Balangir,Red Soil,Kharif,25.3,64,181.9,Rice,Millets
Odisha,Balangir,Red Soil,Rabi,34.9,77,68.2,Banana,Groundnut
Odisha,Balasore,Alluvial Soil,Whole Year,28.8,57,274.8,Chickpea,Maize
Odisha,Balasore,Red Soil,Kharif,26.3,64,258.0,Kidneybeans,Pulses
Odisha,Balasore,Sandy Soil,Kharif,31.7,83,191.9,Pigeonpeas,Groundnut
Odisha,Balasore,Loamy Soil,Rabi,32.2,49,322.9,Coffee,Wheat
Odisha,Balasore,Loamy Soil,Rabi,31.7,82,335.6,Papaya,Maize
Odisha,Balasore,Loamy Soil,Zaid,20.2,53,310.9,Jute,Rice
Odisha,Balasore,Black Soil,Kharif,24.4,82,324.7,Watermelon,Cotton
Odisha,Balasore,Loamy Soil,Whole Year,33.5,56,67.9,Mango,Wheat
Odisha,Balasore,Alluvial Soil,Rabi,21.2,60,156.3,Watermelon,Sugarcane
Odisha,Balasore,Black Soil,Rabi,23.1,42,274.5,Maize,Cotton
Odisha,Balasore,Loamy Soil,Whole Year,24.0,95,291.5,Kidneybeans,Rice
Odisha,Balasore,Loamy Soil,Zaid,20.2,64,285.9,Kidneybeans,Rice
Odisha,Balasore,Laterite Soil,Whole Year,30.4,87,270.8,Coffee,Tea
Odisha,Balasore,Black Soil,Rabi,18.4,68,201.5,Jute,Soybean
Odisha,Balasore,Alluvial Soil,Kharif,37.2,87,40.6,Chickpea,Rice
Odisha,Balasore,Red Soil,Zaid,26.0,81,110.1,Coffee,Millets
Odisha,Balasore,Loamy Soil,Rabi,39.0,76,102.8,Lentil,Maize
Odisha,Balasore,Black Soil,Zaid,28.8,64,125.3,Muskmelon,Jowar
Odisha,Balasore,Red Soil,Rabi,36.4,76,308.8,Apple,Pulses
Odisha,Balasore,Laterite Soil,Rabi,38.3,88,261.7,Cotton,Tea
Odisha,Bargarh,Sandy Soil,Rabi,38.3,83,221.5,Pigeonpeas,Groundnut
Odisha,Bargarh,Loamy Soil,Zaid,33.9,85,251.9,Pomegranate,Wheat
Odisha,Bargarh,Laterite Soil,Rabi,36.2,69,264.0,Cotton,Cashew
Odisha,Bargarh,Sandy Soil,Rabi,20.5,59,263.1,Lentil,Groundnut
Odisha,Bargarh,Loamy Soil,Rabi,24.2,52,26.2,Pomegranate,Wheat
Odisha,Bargarh,Alluvial Soil,Rabi,27.3,63,60.9,Mungbean,Maize
Odisha,Bargarh,Sandy Soil,Whole Year,38.6,44,272.0,Papaya,Watermelon
Odisha,Bargarh,Laterite Soil,Zaid,39.1,85,294.1,Grapes,Tea
Odisha,Bargarh,Black Soil,Kharif,35.0,52,325.9,Pigeonpeas,Cotton
Odisha,Bargarh,Black Soil,Zaid,34.8,61,140.2,Papaya,Soybean
Odisha,Bargarh,Alluvial Soil,Kharif,27.0,49,160.9,Papaya,Sugarcane
Odisha,Bargarh,Loamy Soil,Whole Year,18.2,78,284.6,Jute,Wheat
Odisha,Bargarh,Red Soil,Rabi,34.5,50,300.9,Orange,Pulses
Odisha,Bargarh,Alluvial Soil,Kharif,26.9,95,165.6,Papaya,Rice
Odisha,Bargarh,Laterite Soil,Whole Year,31.4,45,66.3,Pomegranate,Cashew
Odisha,Bargarh,Red Soil,Rabi,29.2,43,51.7,Maize,Millets
Odisha,Bargarh,Black Soil,Rabi,22.5,40,154.2,Blackgram,Soybean
Odisha,Bargarh,Laterite Soil,Zaid,35.3,69,337.9,Watermelon,Cashew
Odisha,Bargarh,Loamy Soil,Whole Year,30.1,78,316.3,Mothbeans,Rice
Odisha,Bargarh,Alluvial Soil,Whole Year,30.0,46,298.2,Papaya,Rice
Odisha,Bhadrak,Loamy Soil,Kharif,33.4,49,128.0,Banana,Rice
Odisha,Bhadrak,Loamy Soil,Rabi,27.5,73,237.7,Pomegranate,Maize
Odisha,Bhadrak,Loamy Soil,Rabi,24.6,59,322.6,Jute,Sugarcane
Odisha,Bhadrak,Red Soil,Whole Year,38.0,94,75.5,Mothbeans,Millets
Odisha,Bhadrak,Loamy Soil,Rabi,32.7,79,85.3,Coconut,Rice
Odisha,Bhadrak,Laterite Soil,Rabi,20.7,90,180.6,Maize,Tea
Odisha,Bhadrak,Laterite Soil,Kharif,26.2,94,146.1,Mango,Cashew
Odisha,Bhadrak,Black Soil,Whole Year,26.4,60,74.1,Muskmelon,Soybean
Odisha,Bhadrak,Sandy Soil,Whole Year,34.3,40,169.3,Apple,Groundnut
Odisha,Bhadrak,Black Soil,Kharif,31.1,45,118.0,Papaya,Cotton
Odisha,Bhadrak,Red Soil,Kharif,25.5,82,323.9,Lentil,Millets
Odisha,Bhadrak,Laterite Soil,Rabi,34.5,55,32.6,Jute,Cashew
Odisha,Bhadrak,Black Soil,Kharif,24.6,57,186.1,Chickpea,Soybean
Odisha,Bhadrak,Loamy Soil,Zaid,31.2,47,228.7,Rice,Wheat
Odisha,Bhadrak,Sandy Soil,Kharif,18.8,74,116.6,Watermelon,Muskmelon
Odisha,Bhadrak,Laterite Soil,Whole Year,20.1,80,120.4,Grapes,Cashew
Odisha,Bhadrak,Laterite Soil,Zaid,33.9,62,201.4,Mango,Coffee
Odisha,Bhadrak,Loamy Soil,Zaid,38.4,45,125.1,Orange,Sugarcane
Odisha,Bhadrak,Red Soil,Kharif,37.9,60,110.0,Muskmelon,Groundnut
Odisha,Bhadrak,Red Soil,Rabi,38.9,93,193.3,Coconut,Groundnut
Odisha,Boudh,Laterite Soil,Rabi,30.9,87,138.9,Mango,Coffee
Odisha,Boudh,Alluvial Soil,Whole Year,22.9,44,276.1,Coffee,Sugarcane
Odisha,Boudh,Laterite Soil,Whole Year,31.1,82,291.5,Grapes,Coffee
Odisha,Boudh,Alluvial Soil,Kharif,22.6,81,290.9,Rice,Sugarcane
Odisha,Boudh,Red Soil,Zaid,31.9,59,198.0,Orange,Millets
Odisha,Boudh,Red Soil,Zaid,30.7,41,265.2,Pomegranate,Pulses
Odisha,Boudh,Black Soil,Whole Year,31.6,90,227.9,Mothbeans,Soybean
Odisha,Boudh,Loamy Soil,Zaid,25.7,57,247.8,Rice,Rice
Odisha,Boudh,Laterite Soil,Kharif,31.2,55,290.1,Coffee,Tea
Odisha,Boudh,Black Soil,Rabi,20.2,67,165.0,Pigeonpeas,Soybean
Odisha,Boudh,Laterite Soil,Zaid,19.2,56,197.0,Chickpea,Tea
Odisha,Boudh,Black Soil,Rabi,26.8,70,131.1,Jute,Cotton
Odisha,Boudh,Sandy Soil,Whole Year,39.4,67,319.4,Rice,Watermelon
Odisha,Boudh,Loamy Soil,Zaid,20.0,60,220.2,Papaya,Maize
Odisha,Boudh,Laterite Soil,Whole Year,22.8,83,78.2,Lentil,Coffee
Odisha,Boudh,Black Soil,Rabi,21.2,70,24.7,Orange,Jowar
Odisha,Boudh,Loamy Soil,Kharif,40.0,72,42.4,Blackgram,Rice
Odisha,Boudh,Sandy Soil,Zaid,28.2,75,325.3,Blackgram,Muskmelon
Odisha,Boudh,Black Soil,Rabi,31.7,67,31.7,Grapes,Jowar
Odisha,Boudh,Sandy Soil,Whole Year,21.5,53,28.1,Mungbean,Muskmelon
Odisha,Cuttack,Red Soil,Kharif,23.9,53,276.5,Apple,Groundnut
Odisha,Cuttack,Loamy Soil,Whole Year,39.7,81,285.3,Watermelon,Maize
Odisha,Cuttack,Loamy Soil,Zaid,35.4,40,153.7,Apple,Wheat
Odisha,Cuttack,Red Soil,Rabi,36.4,67,264.9,Maize,Groundnut
Odisha,Cuttack,Loamy Soil,Zaid,24.2,67,211.6,Pomegranate,Wheat
Odisha,Cuttack,Red Soil,Kharif,39.8,45,237.5,Banana,Pulses
Odisha,Cuttack,Sandy Soil,Whole Year,21.5,80,38.1,Orange,Groundnut
Odisha,Cuttack,Laterite Soil,Rabi,22.3,92,308.6,Mango,Tea
Odisha,Cuttack,Black Soil,Zaid,39.0,77,163.8,Kidneybeans,Soybean
Odisha,Cuttack,Sandy Soil,Kharif,26.8,49,252.5,Mungbean,Muskmelon
Odisha,Cuttack,Laterite Soil,Kharif,38.3,51,196.0,Banana,Coffee
Odisha,Cuttack,Sandy Soil,Kharif,36.0,85,195.8,Pigeonpeas,Muskmelon
Odisha,Cuttack,Laterite Soil,Rabi,27.7,43,157.8,Grapes,Cashew
Odisha,Cuttack,Black Soil,Rabi,34.2,64,89.4,Maize,Jowar
Odisha,Cuttack,Black Soil,Zaid,34.6,86,43.9,Coffee,Soybean
Odisha,Cuttack,Red Soil,Whole Year,19.3,85,230.1,Apple,Pulses
Odisha,Cuttack,Sandy Soil,Whole Year,37.5,77,253.7,Pigeonpeas,Groundnut
Odisha,Cuttack,Alluvial Soil,Rabi,23.4,67,38.9,Pomegranate,Maize
Odisha,Cuttack,Sandy Soil,Rabi,32.6,67,264.7,Pigeonpeas,Muskmelon
Odisha,Cuttack,Loamy Soil,Zaid,22.7,87,89.2,Maize,Maize
Odisha,Deogarh,Sandy Soil,Rabi,36.4,52,348.4,Chickpea,Groundnut
Odisha,Deogarh,Sandy Soil,Kharif,39.6,57,78.8,Coffee,Watermelon
Odisha,Deogarh,Black Soil,Kharif,31.4,64,66.5,Jute,Soybean
Odisha,Deogarh,Black Soil,Whole Year,28.0,85,210.7,Muskmelon,Soybean
Odisha,Deogarh,Laterite Soil,Rabi,31.1,47,166.4,Watermelon,Coffee
Odisha,Deogarh,Loamy Soil,Whole Year,18.3,94,46.1,Pigeonpeas,Sugarcane
Odisha,Deogarh,Sandy Soil,Kharif,34.6,54,105.7,Jute,Watermelon
Odisha,Deogarh,Black Soil,Whole Year,39.8,89,207.3,Kidneybeans,Soybean
Odisha,Deogarh,Black Soil,Rabi,38.0,59,43.7,Blackgram,Jowar
Odisha,Deogarh,Loamy Soil,Rabi,25.6,93,132.0,Papaya,Rice
Odisha,Deogarh,Red Soil,Kharif,34.1,51,332.1,Chickpea,Pulses
Odisha,Deogarh,Black Soil,Zaid,22.8,60,46.4,Papaya,Soybean
Odisha,Deogarh,Laterite Soil,Zaid,26.7,63,75.4,Pomegranate,Tea
Odisha,Deogarh,Alluvial Soil,Rabi,36.2,67,214.1,Blackgram,Sugarcane
Odisha,Deogarh,Sandy Soil,Kharif,24.7,59,162.3,Mungbean,Muskmelon
Odisha,Deogarh,Black Soil,Kharif,40.0,41,101.4,Kidneybeans,Soybean
Odisha,Deogarh,Sandy Soil,Rabi,35.6,85,128.2,Mungbean,Groundnut
Odisha,Deogarh,Alluvial Soil,Kharif,25.1,70,219.7,Pigeonpeas,Rice
Odisha,Deogarh,Loamy Soil,Zaid,39.3,46,270.8,Banana,Sugarcane
Odisha,Deogarh,Alluvial Soil,Whole Year,19.8,71,231.4,Coconut,Wheat
Odisha,Dhenkanal,Loamy Soil,Rabi,21.4,41,163.7,Rice,Rice
Odisha,Dhenkanal,Black Soil,Whole Year,39.7,40,246.8,Grapes,Jowar
Odisha,Dhenkanal,Loamy Soil,Rabi,35.0,62,30.1,Mungbean,Wheat
Odisha,Dhenkanal,Black Soil,Kharif,19.5,63,275.5,Rice,Jowar
Odisha,Dhenkanal,Red Soil,Zaid,36.9,79,243.3,Muskmelon,Pulses
Odisha,Dhenkanal,Laterite Soil,Whole Year,25.3,45,199.0,Orange,Cashew
Odisha,Dhenkanal,Sandy Soil,Whole Year,36.3,90,244.5,Pomegranate,Groundnut
Odisha,Dhenkanal,Black Soil,Rabi,27.7,46,23.5,Cotton,Cotton
Odisha,Dhenkanal,Alluvial Soil,Kharif,37.4,77,35.7,Papaya,Maize
Odisha,Dhenkanal,Laterite Soil,Rabi,34.1,47,197.8,Chickpea,Coffee
Odisha,Dhenkanal,Red Soil,Rabi,23.3,48,28.3,Banana,Pulses
Odisha,Dhenkanal,Sandy Soil,Whole Year,22.0,85,106.3,Mothbeans,Muskmelon
Odisha,Dhenkanal,Black Soil,Kharif,23.8,51,159.7,Blackgram,Cotton
Odisha,Dhenkanal,Laterite Soil,Zaid,38.1,87,251.4,Coffee,Tea
Odisha,Dhenkanal,Red Soil,Rabi,24.0,67,65.5,Banana,Millets
Odisha,Dhenkanal,Laterite Soil,Kharif,34.7,61,278.3,Papaya,Cashew
Odisha,Dhenkanal,Alluvial Soil,Zaid,28.9,51,341.4,Pigeonpeas,Rice
Odisha,Dhenkanal,Laterite Soil,Whole Year,34.6,48,51.5,Pigeonpeas,Tea
Odisha,Dhenkanal,Sandy Soil,Rabi,25.1,89,131.0,Lentil,Groundnut
Odisha,Dhenkanal,Alluvial Soil,Kharif,23.0,45,327.2,Kidneybeans,Sugarcane
Odisha,Gajapati,Red Soil,Zaid,37.6,53,71.4,Mango,Millets
Odisha,Gajapati,Black Soil,Kharif,33.1,93,320.5,Mango,Jowar
Odisha,Gajapati,Laterite Soil,Zaid,33.5,89,113.2,Blackgram,Tea
Odisha,Gajapati,Laterite Soil,Rabi,18.8,81,250.6,Chickpea,Coffee
Odisha,Gajapati,Black Soil,Kharif,29.1,59,335.4,Pomegranate,Jowar
Odisha,Gajapati,Sandy Soil,Rabi,24.5,59,269.7,Papaya,Groundnut
Odisha,Gajapati,Alluvial Soil,Rabi,23.5,89,28.3,Chickpea,Rice
Odisha,Gajapati,Sandy Soil,Rabi,39.2,46,310.4,Mungbean,Watermelon
Odisha,Gajapati,Red Soil,Whole Year,19.3,42,324.8,Pigeonpeas,Groundnut
Odisha,Gajapati,Laterite Soil,Rabi,21.5,72,120.6,Orange,Tea
Odisha,Gajapati,Red Soil,Whole Year,38.6,69,38.1,Banana,Pulses
Odisha,Gajapati,Laterite Soil,Rabi,37.5,74,340.1,Banana,Coffee
Odisha,Gajapati,Loamy Soil,Rabi,18.6,48,75.6,Blackgram,Wheat
Odisha,Gajapati,Laterite Soil,Zaid,33.6,49,246.1,Mungbean,Coffee
Odisha,Gajapati,Laterite Soil,Kharif,34.9,53,153.0,Papaya,Tea
Odisha,Gajapati,Loamy Soil,Kharif,22.0,95,344.2,Coconut,Maize
Odisha,Gajapati,Sandy Soil,Zaid,28.6,81,304.6,Coffee,Watermelon
Odisha,Gajapati,Laterite Soil,Zaid,20.6,69,317.1,Jute,Tea
Odisha,Gajapati,Laterite Soil,Rabi,37.3,41,124.5,Coffee,Tea
Odisha,Gajapati,Alluvial Soil,Whole Year,29.3,46,118.9,Rice,Sugarcane
Odisha,Ganjam,Alluvial Soil,Rabi,37.1,90,157.5,Lentil,Rice
Odisha,Ganjam,Sandy Soil,Whole Year,37.5,43,35.0,Apple,Muskmelon
Odisha,Ganjam,Sandy Soil,Kharif,30.2,42,131.9,Lentil,Groundnut
Odisha,Ganjam,Red Soil,Whole Year,18.5,44,44.2,Muskmelon,Pulses
Odisha,Ganjam,Sandy Soil,Kharif,32.2,50,114.4,Muskmelon,Watermelon
Odisha,Ganjam,Red Soil,Whole Year,22.5,51,304.0,Blackgram,Groundnut
Odisha,Ganjam,Black Soil,Zaid,18.8,72,21.2,Lentil,Jowar
Odisha,Ganjam,Alluvial Soil,Zaid,24.4,59,315.1,Muskmelon,Maize
Odisha,Ganjam,Laterite Soil,Rabi,35.5,50,302.1,Mothbeans,Cashew
Odisha,Ganjam,Sandy Soil,Rabi,26.6,81,304.9,Banana,Watermelon
Odisha,Ganjam,Black Soil,Zaid,29.2,94,25.7,Maize,Jowar
Odisha,Ganjam,Alluvial Soil,Zaid,35.7,70,249.8,Apple,Rice
Odisha,Ganjam,Loamy Soil,Zaid,20.7,70,329.4,Coffee,Maize
Odisha,Ganjam,Black Soil,Whole Year,38.6,45,217.6,Coffee,Cotton
Odisha,Ganjam,Loamy Soil,Kharif,25.5,57,57.3,Chickpea,Wheat
Odisha,Ganjam,Loamy Soil,Rabi,21.5,59,189.1,Mothbeans,Rice
Odisha,Ganjam,Loamy Soil,Zaid,24.2,40,349.5,Mango,Wheat
Odisha,Ganjam,Alluvial Soil,Zaid,19.8,51,99.2,Blackgram,Sugarcane
Odisha,Ganjam,Alluvial Soil,Zaid,27.6,55,260.9,Blackgram,Rice
Odisha,Ganjam,Sandy Soil,Whole Year,23.2,90,42.9,Blackgram,Muskmelon
Odisha,Jagatsinghpur,Black Soil,Rabi,26.3,65,305.1,Pigeonpeas,Jowar
Odisha,Jagatsinghpur,Laterite Soil,Whole Year,36.6,68,99.7,Muskmelon,Cashew
Odisha,Jagatsinghpur,Sandy Soil,Whole Year,28.8,43,322.2,Lentil,Muskmelon
Odisha,Jagatsinghpur,Red Soil,Kharif,21.3,43,82.8,Watermelon,Pulses
Odisha,Jagatsinghpur,Loamy Soil,Rabi,38.7,56,44.6,Jute,Wheat
Odisha,Jagatsinghpur,Black Soil,Rabi,38.5,78,78.1,Muskmelon,Cotton
Odisha,Jagatsinghpur,Red Soil,Zaid,32.4,57,300.7,Cotton,Groundnut
Odisha,Jagatsinghpur,Loamy Soil,Rabi,21.2,77,324.5,Mango,Rice
Odisha,Jagatsinghpur,Red Soil,Zaid,29.8,78,314.7,Jute,Pulses
Odisha,Jagatsinghpur,Loamy Soil,Kharif,30.4,52,249.0,Jute,Maize
Odisha,Jagatsinghpur,Black Soil,Rabi,28.7,74,171.1,Banana,Cotton
Odisha,Jagatsinghpur,Loamy Soil,Zaid,20.3,64,185.4,Grapes,Rice
Odisha,Jagatsinghpur,Black Soil,Zaid,37.7,87,207.3,Blackgram,Soybean
Odisha,Jagatsinghpur,Laterite Soil,Zaid,29.0,94,337.7,Maize,Coffee
Odisha,Jagatsinghpur,Sandy Soil,Kharif,24.6,91,53.1,Apple,Watermelon
Odisha,Jagatsinghpur,Sandy Soil,Rabi,35.1,47,134.5,Mungbean,Muskmelon
Odisha,Jagatsinghpur,Laterite Soil,Zaid,26.0,57,296.3,Maize,Cashew
Odisha,Jagatsinghpur,Black Soil,Rabi,18.7,54,227.3,Mango,Jowar
Odisha,Jagatsinghpur,Laterite Soil,Kharif,23.6,85,246.7,Cotton,Tea
Odisha,Jagatsinghpur,Laterite Soil,Whole Year,37.9,66,253.4,Coffee,Tea
Odisha,Jajpur,Black Soil,Rabi,37.6,75,33.6,Watermelon,Jowar
Odisha,Jajpur,Sandy Soil,Kharif,22.9,67,305.4,Chickpea,Groundnut
Odisha,Jajpur,Laterite Soil,Rabi,30.2,65,166.4,Banana,Cashew
Odisha,Jajpur,Laterite Soil,Kharif,30.6,57,39.7,Maize,Cashew
Odisha,Jajpur,Sandy Soil,Kharif,19.5,54,195.9,Rice,Watermelon
Odisha,Jajpur,Laterite Soil,Zaid,28.0,72,325.1,Pigeonpeas,Cashew
Odisha,Jajpur,Laterite Soil,Whole Year,38.8,73,254.1,Apple,Cashew
Odisha,Jajpur,Loamy Soil,Rabi,36.2,56,237.0,Banana,Maize
Odisha,Jajpur,Black Soil,Zaid,35.9,86,36.9,Rice,Soybean
Odisha,Jajpur,Sandy Soil,Rabi,36.6,88,132.5,Jute,Groundnut
Odisha,Jajpur,Loamy Soil,Zaid,35.6,65,152.0,Mango,Maize
Odisha,Jajpur,Alluvial Soil,Kharif,22.5,68,116.3,Lentil,Rice
Odisha,Jajpur,Laterite Soil,Whole Year,29.8,75,164.4,Mungbean,Cashew
Odisha,Jajpur,Black Soil,Whole Year,18.9,49,331.2,Orange,Cotton
Odisha,Jajpur,Loamy Soil,Whole Year,21.9,43,185.0,Pigeonpeas,Wheat
Odisha,Jajpur,Red Soil,Whole Year,24.8,87,305.6,Muskmelon,Millets
Odisha,Jajpur,Black Soil,Kharif,38.0,83,297.1,Mothbeans,Soybean
Odisha,Jajpur,Black Soil,Zaid,34.1,54,174.4,Cotton,Jowar
Odisha,Jajpur,Black Soil,Rabi,33.0,65,319.2,Pigeonpeas,Soybean
Odisha,Jajpur,Red Soil,Rabi,20.3,61,144.6,Grapes,Groundnut
Odisha,Jharsuguda,Black Soil,Kharif,22.0,89,210.0,Apple,Soybean
Odisha,Jharsuguda,Black Soil,Kharif,23.1,93,23.2,Grapes,Jowar
Odisha,Jharsuguda,Alluvial Soil,Whole Year,21.9,88,80.7,Rice,Maize
Odisha,Jharsuguda,Alluvial Soil,Rabi,31.4,54,68.9,Coffee,Maize
Odisha,Jharsuguda,Red Soil,Zaid,24.2,84,186.4,Mungbean,Groundnut
Odisha,Jharsuguda,Sandy Soil,Rabi,19.8,78,326.0,Mango,Muskmelon
Odisha,Jharsuguda,Sandy Soil,Whole Year,38.3,80,292.9,Mungbean,Watermelon
Odisha,Jharsuguda,Red Soil,Whole Year,19.4,49,225.3,Mango,Millets
Odisha,Jharsuguda,Sandy Soil,Whole Year,25.0,85,264.9,Maize,Watermelon
Odisha,Jharsuguda,Loamy Soil,Rabi,33.1,52,322.9,Coffee,Wheat
Odisha,Jharsuguda,Black Soil,Whole Year,38.9,58,167.7,Kidneybeans,Jowar
Odisha,Jharsuguda,Sandy Soil,Zaid,39.0,72,138.0,Cotton,Groundnut
Odisha,Jharsuguda,Sandy Soil,Kharif,39.9,64,30.3,Blackgram,Watermelon
Odisha,Jharsuguda,Loamy Soil,Whole Year,34.0,42,162.6,Chickpea,Maize
Odisha,Jharsuguda,Laterite Soil,Zaid,36.7,49,234.7,Apple,Tea
Odisha,Jharsuguda,Black Soil,Kharif,26.3,77,249.0,Blackgram,Soybean
Odisha,Jharsuguda,Loamy Soil,Rabi,29.3,93,183.8,Coconut,Maize
Odisha,Jharsuguda,Loamy Soil,Rabi,33.9,42,294.8,Pomegranate,Sugarcane
Odisha,Jharsuguda,Red Soil,Whole Year,21.2,91,29.0,Coconut,Groundnut
Odisha,Jharsuguda,Black Soil,Rabi,21.4,53,95.5,Blackgram,Jowar
Odisha,Kalahandi,Alluvial Soil,Zaid,18.3,55,323.4,Blackgram,Sugarcane
Odisha,Kalahandi,Red Soil,Zaid,32.9,72,328.7,Watermelon,Millets
Odisha,Kalahandi,Alluvial Soil,Whole Year,25.1,53,32.0,Banana,Rice
Odisha,Kalahandi,Laterite Soil,Kharif,28.7,68,135.7,Watermelon,Coffee
Odisha,Kalahandi,Sandy Soil,Rabi,30.2,53,132.1,Papaya,Muskmelon
Odisha,Kalahandi,Loamy Soil,Whole Year,24.1,79,284.6,Muskmelon,Sugarcane
Odisha,Kalahandi,Black Soil,Zaid,32.2,95,140.0,Lentil,Soybean
Odisha,Kalahandi,Loamy Soil,Whole Year,38.0,85,199.8,Rice,Maize
Odisha,Kalahandi,Loamy Soil,Rabi,19.0,40,104.8,Rice,Maize
Odisha,Kalahandi,Laterite Soil,Whole Year,30.4,78,110.9,Pigeonpeas,Coffee
Odisha,Kalahandi,Alluvial Soil,Zaid,32.2,46,322.7,Grapes,Maize
Odisha,Kalahandi,Sandy Soil,Whole Year,30.2,86,204.2,Pigeonpeas,Muskmelon
Odisha,Kalahandi,Alluvial Soil,Kharif,22.7,69,204.3,Blackgram,Rice
Odisha,Kalahandi,Loamy Soil,Whole Year,31.7,89,195.0,Rice,Maize
Odisha,Kalahandi,Laterite Soil,Whole Year,18.8,91,297.7,Coffee,Tea
Odisha,Kalahandi,Laterite Soil,Zaid,34.4,76,274.5,Coconut,Tea
Odisha,Kalahandi,Red Soil,Zaid,39.5,41,276.6,Jute,Pulses
Odisha,Kalahandi,Loamy Soil,Rabi,25.6,76,128.2,Lentil,Rice
Odisha,Kalahandi,Sandy Soil,Whole Year,39.1,67,199.2,Banana,Muskmelon
Odisha,Kalahandi,Red Soil,Rabi,23.0,49,35.5,Mothbeans,Pulses
Odisha,Kandhamal,Black Soil,Whole Year,24.9,72,194.7,Blackgram,Cotton
Odisha,Kandhamal,Black Soil,Rabi,34.8,75,202.8,Muskmelon,Cotton
Odisha,Kandhamal,Loamy Soil,Whole Year,38.4,78,95.8,Chickpea,Rice
Odisha,Kandhamal,Loamy Soil,Kharif,28.8,56,329.6,Apple,Wheat
Odisha,Kandhamal,Loamy Soil,Kharif,38.5,88,284.9,Cotton,Rice
Odisha,Kandhamal,Laterite Soil,Rabi,18.5,63,149.9,Coconut,Tea
Odisha,Kandhamal,Alluvial Soil,Whole Year,37.3,86,52.7,Pomegranate,Wheat
Odisha,Kandhamal,Loamy Soil,Rabi,21.6,87,247.0,Jute,Maize
Odisha,Kandhamal,Black Soil,Rabi,25.4,93,141.8,Coconut,Cotton
Odisha,Kandhamal,Sandy Soil,Kharif,36.4,49,160.2,Papaya,Muskmelon
Odisha,Kandhamal,Red Soil,Kharif,19.3,68,44.2,Pomegranate,Groundnut
Odisha,Kandhamal,Loamy Soil,Kharif,19.4,56,82.2,Mango,Maize
Odisha,Kandhamal,Loamy Soil,Whole Year,39.1,57,150.9,Pomegranate,Maize
Odisha,Kandhamal,Alluvial Soil,Kharif,26.2,43,341.7,Blackgram,Wheat
Odisha,Kandhamal,Laterite Soil,Zaid,23.5,74,75.2,Watermelon,Cashew
Odisha,Kandhamal,Loamy Soil,Whole Year,38.5,79,35.3,Watermelon,Rice
Odisha,Kandhamal,Black Soil,Kharif,32.6,63,273.0,Cotton,Soybean
Odisha,Kandhamal,Alluvial Soil,Zaid,35.3,87,282.4,Coffee,Wheat
Odisha,Kandhamal,Loamy Soil,Rabi,19.7,59,321.3,Pigeonpeas,Sugarcane
Odisha,Kandhamal,Laterite Soil,Rabi,25.6,66,101.7,Apple,Coffee
Odisha,Kendrapara,Black Soil,Rabi,30.9,70,91.8,Pigeonpeas,Soybean
Odisha,Kendrapara,Sandy Soil,Zaid,35.2,91,85.4,Banana,Groundnut
Odisha,Kendrapara,Black Soil,Zaid,28.8,90,247.5,Grapes,Cotton
Odisha,Kendrapara,Loamy Soil,Whole Year,33.8,56,56.5,Apple,Wheat
Odisha,Kendrapara,Red Soil,Zaid,19.9,77,273.4,Mothbeans,Millets
Odisha,Kendrapara,Black Soil,Rabi,28.1,94,127.7,Maize,Jowar
Odisha,Kendrapara,Alluvial Soil,Zaid,28.9,91,348.5,Lentil,Rice
Odisha,Kendrapara,Alluvial Soil,Kharif,19.1,88,106.7,Blackgram,Rice
Odisha,Kendrapara,Black Soil,Zaid,37.3,53,221.9,Chickpea,Cotton
Odisha,Kendrapara,Sandy Soil,Whole Year,19.8,83,250.8,Coffee,Watermelon
Odisha,Kendrapara,Red Soil,Zaid,35.5,52,93.1,Banana,Groundnut
Odisha,Kendrapara,Sandy Soil,Whole Year,25.2,60,313.6,Pigeonpeas,Groundnut
Odisha,Kendrapara,Black Soil,Whole Year,22.6,78,233.7,Lentil,Cotton
Odisha,Kendrapara,Black Soil,Kharif,22.0,91,268.6,Grapes,Soybean
Odisha,Kendrapara,Alluvial Soil,Rabi,18.2,54,247.4,Orange,Wheat
Odisha,Kendrapara,Loamy Soil,Rabi,19.9,58,207.5,Watermelon,Rice
Odisha,Kendrapara,Red Soil,Zaid,32.0,60,325.9,Rice,Millets
Odisha,Kendrapara,Loamy Soil,Kharif,18.1,61,202.8,Rice,Wheat
Odisha,Kendrapara,Alluvial Soil,Rabi,31.8,94,283.4,Maize,Sugarcane
Odisha,Kendrapara,Sandy Soil,Zaid,18.6,87,328.4,Rice,Watermelon
Odisha,Kendujhar,Loamy Soil,Whole Year,25.7,41,302.1,Pomegranate,Maize
Odisha,Kendujhar,Black Soil,Whole Year,26.7,40,109.4,Pomegranate,Cotton
Odisha,Kendujhar,Alluvial Soil,Zaid,28.4,90,347.7,Cotton,Maize
Odisha,Kendujhar,Black Soil,Kharif,25.9,62,324.0,Maize,Cotton
Odisha,Kendujhar,Sandy Soil,Rabi,28.5,51,140.4,Rice,Watermelon
Odisha,Kendujhar,Alluvial Soil,Whole Year,21.9,50,98.0,Banana,Rice
Odisha,Kendujhar,Sandy Soil,Kharif,28.0,42,72.1,Muskmelon,Watermelon
Odisha,Kendujhar,Laterite Soil,Rabi,36.1,48,150.8,Pomegranate,Tea
Odisha,Kendujhar,Laterite Soil,Zaid,39.6,82,149.9,Pigeonpeas,Tea
Odisha,Kendujhar,Loamy Soil,Kharif,28.1,47,164.2,Kidneybeans,Sugarcane
Odisha,Kendujhar,Laterite Soil,Rabi,38.8,46,202.4,Blackgram,Cashew
Odisha,Kendujhar,Sandy Soil,Kharif,29.9,44,206.9,Mothbeans,Muskmelon
Odisha,Kendujhar,Red Soil,Whole Year,36.6,59,141.5,Lentil,Millets
Odisha,Kendujhar,Loamy Soil,Kharif,25.5,84,67.4,Blackgram,Sugarcane
Odisha,Kendujhar,Black Soil,Whole Year,37.8,43,214.3,Mungbean,Soybean
Odisha,Kendujhar,Laterite Soil,Kharif,20.0,48,74.2,Coffee,Tea
Odisha,Kendujhar,Red Soil,Kharif,38.5,79,24.5,Blackgram,Millets
Odisha,Kendujhar,Laterite Soil,Kharif,29.8,94,137.2,Lentil,Cashew
Odisha,Kendujhar,Alluvial Soil,Kharif,35.4,88,336.4,Lentil,Maize
Odisha,Kendujhar,Loamy Soil,Zaid,21.0,50,86.3,Pomegranate,Maize
Odisha,Khordha,Alluvial Soil,Zaid,37.6,76,93.9,Rice,Maize
Odisha,Khordha,Red Soil,Rabi,27.5,59,132.5,Kidneybeans,Groundnut
Odisha,Khordha,Sandy Soil,Rabi,23.1,76,57.0,Mungbean,Groundnut
Odisha,Khordha,Alluvial Soil,Rabi,19.1,79,56.6,Mothbeans,Maize
Odisha,Khordha,Black Soil,Whole Year,19.2,90,311.3,Cotton,Soybean
Odisha,Khordha,Black Soil,Kharif,37.8,64,85.1,Jute,Jowar
Odisha,Khordha,Loamy Soil,Rabi,25.1,68,23.3,Muskmelon,Sugarcane
Odisha,Khordha,Alluvial Soil,Rabi,32.5,52,240.1,Maize,Sugarcane
Odisha,Khordha,Black Soil,Rabi,38.8,50,93.3,Coconut,Jowar
Odisha,Khordha,Red Soil,Rabi,33.6,63,29.1,Apple,Groundnut
Odisha,Khordha,Loamy Soil,Whole Year,31.3,68,92.2,Coffee,Rice
Odisha,Khordha,Black Soil,Rabi,34.3,73,88.0,Mango,Jowar
Odisha,Khordha,Alluvial Soil,Whole Year,34.0,48,283.4,Mothbeans,Maize
Odisha,Khordha,Laterite Soil,Zaid,37.1,84,223.5,Coffee,Coffee
Odisha,Khordha,Laterite Soil,Whole Year,20.4,78,52.8,Muskmelon,Coffee
Odisha,Khordha,Black Soil,Zaid,29.7,49,154.6,Grapes,Cotton
Odisha,Khordha,Laterite Soil,Whole Year,38.3,61,333.3,Mungbean,Tea
Odisha,Khordha,Black Soil,Kharif,33.2,92,65.5,Maize,Jowar
Odisha,Khordha,Sandy Soil,Rabi,20.8,71,21.0,Coffee,Watermelon
Odisha,Khordha,Sandy Soil,Rabi,38.9,42,210.8,Banana,Watermelon
Odisha,Koraput,Black Soil,Rabi,35.5,65,331.5,Papaya,Soybean
Odisha,Koraput,Sandy Soil,Whole Year,36.3,65,30.3,Chickpea,Muskmelon
Odisha,Koraput,Laterite Soil,Whole Year,24.9,43,144.2,Banana,Coffee
Odisha,Koraput,Laterite Soil,Rabi,20.9,81,272.9,Kidneybeans,Tea
Odisha,Koraput,Sandy Soil,Kharif,19.9,80,294.5,Mothbeans,Muskmelon
Odisha,Koraput,Red Soil,Kharif,24.6,79,139.0,Apple,Pulses
Odisha,Koraput,Alluvial Soil,Kharif,19.6,60,34.7,Mango,Wheat
Odisha,Koraput,Alluvial Soil,Whole Year,36.4,47,84.3,Chickpea,Wheat
Odisha,Koraput,Loamy Soil,Whole Year,20.3,75,74.0,Papaya,Maize
Odisha,Koraput,Loamy Soil,Zaid,29.7,82,222.7,Coffee,Sugarcane
Odisha,Koraput,Alluvial Soil,Zaid,19.8,56,135.0,Kidneybeans,Sugarcane
Odisha,Koraput,Black Soil,Rabi,30.4,66,181.7,Jute,Jowar
Odisha,Koraput,Black Soil,Whole Year,21.2,61,27.3,Maize,Cotton
Odisha,Koraput,Red Soil,Zaid,38.9,75,342.1,Grapes,Pulses
Odisha,Koraput,Red Soil,Whole Year,29.8,45,311.5,Cotton,Pulses
Odisha,Koraput,Laterite Soil,Zaid,23.3,91,345.3,Coffee,Coffee
Odisha,Koraput,Black Soil,Whole Year,35.4,89,305.5,Maize,Jowar
Odisha,Koraput,Black Soil,Whole Year,34.2,56,274.8,Jute,Soybean
Odisha,Koraput,Alluvial Soil,Whole Year,30.0,87,29.4,Kidneybeans,Sugarcane
Odisha,Koraput,Black Soil,Rabi,40.0,64,80.1,Papaya,Cotton
Odisha,Malkangiri,Sandy Soil,Rabi,25.3,69,294.1,Papaya,Groundnut
Odisha,Malkangiri,Black Soil,Kharif,22.7,47,122.9,Chickpea,Soybean
Odisha,Malkangiri,Sandy Soil,Rabi,28.2,80,315.1,Watermelon,Muskmelon
Odisha,Malkangiri,Alluvial Soil,Zaid,19.1,65,51.3,Orange,Wheat
Odisha,Malkangiri,Black Soil,Rabi,21.9,46,200.0,Blackgram,Cotton
Odisha,Malkangiri,Red Soil,Kharif,37.6,61,219.7,Rice,Millets
Odisha,Malkangiri,Black Soil,Zaid,36.8,64,187.0,Grapes,Cotton
Odisha,Malkangiri,Red Soil,Kharif,18.9,90,277.5,Pomegranate,Pulses
Odisha,Malkangiri,Alluvial Soil,Rabi,23.4,94,329.7,Blackgram,Wheat
Odisha,Malkangiri,Loamy Soil,Rabi,24.8,43,98.5,Kidneybeans,Maize
Odisha,Malkangiri,Sandy Soil,Rabi,25.7,71,289.2,Mothbeans,Watermelon
Odisha,Malkangiri,Sandy Soil,Whole Year,23.6,58,315.6,Apple,Watermelon
Odisha,Malkangiri,Alluvial Soil,Kharif,37.4,88,187.0,Grapes,Wheat
Odisha,Malkangiri,Sandy Soil,Kharif,22.9,79,146.2,Mungbean,Watermelon
Odisha,Malkangiri,Laterite Soil,Kharif,29.8,46,307.0,Coffee,Coffee
Odisha,Malkangiri,Sandy Soil,Rabi,20.2,57,127.4,Lentil,Muskmelon
Odisha,Malkangiri,Alluvial Soil,Kharif,35.7,84,26.4,Muskmelon,Wheat
Odisha,Malkangiri,Red Soil,Whole Year,24.3,91,250.8,Coconut,Millets
Odisha,Malkangiri,Alluvial Soil,Rabi,33.9,80,325.1,Apple,Wheat
Odisha,Malkangiri,Loamy Soil,Kharif,30.9,80,333.1,Mothbeans,Sugarcane
Odisha,Mayurbhanj,Black Soil,Zaid,39.1,63,104.2,Apple,Soybean
Odisha,Mayurbhanj,Alluvial Soil,Kharif,35.0,50,118.5,Pigeonpeas,Wheat
Odisha,Mayurbhanj,Loamy Soil,Whole Year,38.2,55,315.4,Pigeonpeas,Maize
Odisha,Mayurbhanj,Sandy Soil,Whole Year,35.5,71,286.5,Maize,Groundnut
Odisha,Mayurbhanj,Loamy Soil,Zaid,39.5,65,128.3,Papaya,Rice
Odisha,Mayurbhanj,Alluvial Soil,Whole Year,23.2,89,295.6,Mothbeans,Maize
Odisha,Mayurbhanj,Loamy Soil,Whole Year,29.9,70,185.5,Chickpea,Maize
Odisha,Mayurbhanj,Alluvial Soil,Rabi,37.9,53,127.8,Rice,Wheat
Odisha,Mayurbhanj,Black Soil,Rabi,19.4,55,287.5,Rice,Soybean
Odisha,Mayurbhanj,Black Soil,Rabi,25.2,85,311.1,Kidneybeans,Cotton
Odisha,Mayurbhanj,Sandy Soil,Kharif,21.3,78,313.1,Muskmelon,Groundnut
Odisha,Mayurbhanj,Laterite Soil,Zaid,25.0,48,279.4,Coconut,Coffee
Odisha,Mayurbhanj,Laterite Soil,Kharif,35.7,40,267.7,Orange,Tea
Odisha,Mayurbhanj,Loamy Soil,Whole Year,39.8,85,192.7,Mungbean,Wheat
Odisha,Mayurbhanj,Laterite Soil,Kharif,29.8,73,329.9,Pomegranate,Coffee
Odisha,Mayurbhanj,Sandy Soil,Rabi,38.7,93,138.5,Chickpea,Watermelon
Odisha,Mayurbhanj,Loamy Soil,Zaid,27.5,52,109.4,Cotton,Maize
Odisha,Mayurbhanj,Laterite Soil,Zaid,20.5,59,155.3,Cotton,Tea
Odisha,Mayurbhanj,Sandy Soil,Zaid,20.5,67,249.0,Muskmelon,Muskmelon
Odisha,Mayurbhanj,Loamy Soil,Zaid,25.6,84,174.3,Coffee,Rice
Odisha,Nabarangpur,Sandy Soil,Rabi,21.6,41,28.5,Chickpea,Groundnut
Odisha,Nabarangpur,Loamy Soil,Whole Year,22.2,76,118.3,Lentil,Maize
Odisha,Nabarangpur,Black Soil,Zaid,24.3,94,72.1,Papaya,Jowar
Odisha,Nabarangpur,Alluvial Soil,Whole Year,21.1,75,245.3,Mothbeans,Maize
Odisha,Nabarangpur,Alluvial Soil,Whole Year,26.8,48,86.2,Maize,Maize
Odisha,Nabarangpur,Laterite Soil,Zaid,23.6,56,232.2,Kidneybeans,Cashew
Odisha,Nabarangpur,Alluvial Soil,Zaid,34.3,93,87.0,Maize,Maize
Odisha,Nabarangpur,Laterite Soil,Kharif,21.9,42,44.3,Grapes,Cashew
Odisha,Nabarangpur,Laterite Soil,Rabi,30.2,55,304.7,Mungbean,Coffee
Odisha,Nabarangpur,Laterite Soil,Whole Year,33.6,44,40.3,Pigeonpeas,Tea
Odisha,Nabarangpur,Alluvial Soil,Rabi,32.2,75,186.1,Blackgram,Rice
Odisha,Nabarangpur,Black Soil,Zaid,34.5,95,140.6,Orange,Cotton
Odisha,Nabarangpur,Loamy Soil,Zaid,29.1,92,274.7,Orange,Maize
Odisha,Nabarangpur,Black Soil,Rabi,33.5,70,234.0,Papaya,Jowar
Odisha,Nabarangpur,Alluvial Soil,Whole Year,31.4,91,139.2,Pigeonpeas,Rice
Odisha,Nabarangpur,Black Soil,Rabi,22.6,59,193.0,Chickpea,Jowar
Odisha,Nabarangpur,Sandy Soil,Kharif,30.2,44,43.3,Kidneybeans,Watermelon
Odisha,Nabarangpur,Alluvial Soil,Kharif,20.1,80,330.4,Lentil,Sugarcane
Odisha,Nabarangpur,Black Soil,Whole Year,22.7,94,327.3,Pomegranate,Soybean
Odisha,Nabarangpur,Laterite Soil,Zaid,33.1,62,314.9,Apple,Tea
Odisha,Nayagarh,Sandy Soil,Zaid,33.3,87,168.3,Chickpea,Muskmelon
Odisha,Nayagarh,Black Soil,Whole Year,25.3,68,236.1,Mango,Soybean
Odisha,Nayagarh,Sandy Soil,Zaid,35.5,68,92.4,Orange,Groundnut
Odisha,Nayagarh,Sandy Soil,Kharif,24.3,58,268.0,Apple,Groundnut
Odisha,Nayagarh,Loamy Soil,Rabi,35.5,93,223.3,Apple,Rice
Odisha,Nayagarh,Black Soil,Rabi,25.3,57,148.5,Kidneybeans,Cotton
Odisha,Nayagarh,Red Soil,Whole Year,29.5,89,97.0,Cotton,Millets
Odisha,Nayagarh,Laterite Soil,Kharif,37.6,79,262.6,Chickpea,Coffee
Odisha,Nayagarh,Sandy Soil,Rabi,26.5,72,274.2,Orange,Watermelon
Odisha,Nayagarh,Sandy Soil,Zaid,39.6,68,281.1,Mungbean,Groundnut
Odisha,Nayagarh,Laterite Soil,Whole Year,26.0,49,96.5,Watermelon,Cashew
Odisha,Nayagarh,Red Soil,Kharif,26.1,57,224.2,Coconut,Groundnut
Odisha,Nayagarh,Red Soil,Kharif,34.4,63,74.9,Mungbean,Groundnut
Odisha,Nayagarh,Black Soil,Whole Year,18.3,53,218.3,Orange,Jowar
Odisha,Nayagarh,Loamy Soil,Kharif,19.5,67,43.1,Cotton,Sugarcane
Odisha,Nayagarh,Red Soil,Rabi,28.8,57,314.3,Grapes,Pulses
Odisha,Nayagarh,Laterite Soil,Rabi,39.8,62,107.8,Pigeonpeas,Cashew
Odisha,Nayagarh,Alluvial Soil,Rabi,26.4,75,43.2,Apple,Wheat
Odisha,Nayagarh,Sandy Soil,Whole Year,18.8,46,41.0,Kidneybeans,Muskmelon
Odisha,Nayagarh,Alluvial Soil,Zaid,39.8,56,264.4,Muskmelon,Maize
Odisha,Nuapada,Sandy Soil,Kharif,30.9,44,37.4,Lentil,Muskmelon
Odisha,Nuapada,Red Soil,Rabi,31.0,65,299.0,Mungbean,Millets
Odisha,Nuapada,Laterite Soil,Whole Year,35.8,41,321.9,Mango,Tea
Odisha,Nuapada,Loamy Soil,Rabi,28.7,40,148.7,Papaya,Sugarcane
Odisha,Nuapada,Alluvial Soil,Rabi,29.8,44,233.9,Banana,Maize
Odisha,Nuapada,Sandy Soil,Whole Year,21.1,85,123.2,Lentil,Muskmelon
Odisha,Nuapada,Black Soil,Kharif,37.8,83,342.8,Mothbeans,Soybean
Odisha,Nuapada,Red Soil,Whole Year,23.7,88,305.8,Blackgram,Millets
Odisha,Nuapada,Loamy Soil,Zaid,36.1,91,320.9,Cotton,Maize
Odisha,Nuapada,Black Soil,Kharif,27.4,46,121.2,Muskmelon,Jowar
Odisha,Nuapada,Laterite Soil,Zaid,24.5,80,334.2,Maize,Cashew
Odisha,Nuapada,Laterite Soil,Rabi,27.6,82,103.9,Lentil,Coffee
Odisha,Nuapada,Red Soil,Whole Year,34.4,77,205.4,Kidneybeans,Pulses
Odisha,Nuapada,Red Soil,Whole Year,27.5,54,300.7,Kidneybeans,Millets
Odisha,Nuapada,Loamy Soil,Kharif,29.3,88,26.7,Orange,Sugarcane
Odisha,Nuapada,Sandy Soil,Kharif,31.8,73,243.3,Orange,Groundnut
Odisha,Nuapada,Sandy Soil,Kharif,24.6,61,152.0,Banana,Watermelon
Odisha,Nuapada,Red Soil,Kharif,39.0,47,113.8,Mothbeans,Pulses
Odisha,Nuapada,Black Soil,Kharif,39.2,60,141.1,Mothbeans,Soybean
Odisha,Nuapada,Laterite Soil,Whole Year,26.4,62,123.0,Coffee,Coffee
Odisha,Puri,Laterite Soil,Kharif,36.7,49,288.8,Blackgram,Cashew
Odisha,Puri,Alluvial Soil,Rabi,36.0,50,107.7,Watermelon,Sugarcane
Odisha,Puri,Sandy Soil,Zaid,30.6,82,62.4,Blackgram,Groundnut
Odisha,Puri,Black Soil,Zaid,35.4,48,139.3,Papaya,Soybean
Odisha,Puri,Laterite Soil,Kharif,34.8,74,83.8,Blackgram,Cashew
Odisha,Puri,Black Soil,Rabi,33.6,72,325.3,Papaya,Soybean
Odisha,Puri,Alluvial Soil,Kharif,24.2,82,50.5,Muskmelon,Wheat
Odisha,Puri,Alluvial Soil,Zaid,20.1,79,302.3,Jute,Rice
Odisha,Puri,Sandy Soil,Zaid,25.7,72,83.3,Apple,Watermelon
Odisha,Puri,Laterite Soil,Whole Year,37.3,56,68.8,Kidneybeans,Coffee
Odisha,Puri,Alluvial Soil,Zaid,25.1,63,172.9,Jute,Maize
Odisha,Puri,Sandy Soil,Zaid,35.9,45,322.4,Kidneybeans,Watermelon
Odisha,Puri,Black Soil,Rabi,24.6,55,155.1,Grapes,Soybean
Odisha,Puri,Laterite Soil,Rabi,36.1,90,240.6,Rice,Tea
Odisha,Puri,Black Soil,Zaid,25.1,93,80.8,Grapes,Soybean
Odisha,Puri,Laterite Soil,Whole Year,34.0,45,311.4,Mango,Coffee
Odisha,Puri,Loamy Soil,Whole Year,19.5,82,27.5,Lentil,Maize
Odisha,Puri,Laterite Soil,Kharif,20.6,77,179.4,Jute,Cashew
Odisha,Puri,Loamy Soil,Zaid,20.0,85,185.0,Coffee,Wheat
Odisha,Puri,Sandy Soil,Zaid,19.1,65,79.8,Papaya,Muskmelon
Odisha,Rayagada,Sandy Soil,Rabi,38.8,61,230.1,Grapes,Groundnut
Odisha,Rayagada,Alluvial Soil,Whole Year,27.9,62,255.0,Kidneybeans,Rice
Odisha,Rayagada,Red Soil,Zaid,37.8,63,34.9,Watermelon,Pulses
Odisha,Rayagada,Laterite Soil,Zaid,23.4,66,105.8,Coconut,Cashew
Odisha,Rayagada,Black Soil,Whole Year,27.6,69,143.1,Mungbean,Cotton
Odisha,Rayagada,Alluvial Soil,Rabi,29.5,42,318.0,Mungbean,Maize
Odisha,Rayagada,Loamy Soil,Kharif,35.6,87,85.3,Mungbean,Maize
Odisha,Rayagada,Laterite Soil,Rabi,27.9,81,69.2,Maize,Tea
Odisha,Rayagada,Laterite Soil,Kharif,39.5,40,141.6,Pigeonpeas,Coffee
Odisha,Rayagada,Red Soil,Rabi,24.3,60,215.9,Grapes,Groundnut
Odisha,Rayagada,Red Soil,Kharif,27.2,57,258.4,Coffee,Pulses
Odisha,Rayagada,Black Soil,Rabi,33.3,93,131.1,Banana,Jowar
Odisha,Rayagada,Laterite Soil,Rabi,19.3,87,88.3,Lentil,Cashew
Odisha,Rayagada,Loamy Soil,Whole Year,39.1,88,237.6,Watermelon,Sugarcane
Odisha,Rayagada,Sandy Soil,Zaid,37.6,52,323.0,Rice,Muskmelon
Odisha,Rayagada,Sandy Soil,Kharif,25.2,94,40.5,Coffee,Groundnut
Odisha,Rayagada,Laterite Soil,Kharif,29.1,63,294.7,Mothbeans,Coffee
Odisha,Rayagada,Alluvial Soil,Rabi,30.9,84,68.2,Pomegranate,Wheat
Odisha,Rayagada,Loamy Soil,Whole Year,37.6,66,54.7,Apple,Sugarcane
Odisha,Rayagada,Red Soil,Zaid,22.8,63,296.0,Papaya,Pulses
Odisha,Sambalpur,Laterite Soil,Whole Year,21.2,44,306.6,Mothbeans,Tea
Odisha,Sambalpur,Laterite Soil,Zaid,22.4,43,172.2,Mango,Coffee
Odisha,Sambalpur,Alluvial Soil,Zaid,37.9,68,102.7,Orange,Wheat
Odisha,Sambalpur,Red Soil,Whole Year,35.7,75,261.6,Muskmelon,Pulses
Odisha,Sambalpur,Red Soil,Rabi,33.1,56,129.1,Chickpea,Groundnut
Odisha,Sambalpur,Alluvial Soil,Whole Year,30.8,78,287.0,Grapes,Rice
Odisha,Sambalpur,Laterite Soil,Zaid,33.8,74,330.0,Pomegranate,Tea
Odisha,Sambalpur,Loamy Soil,Whole Year,28.4,79,36.8,Blackgram,Sugarcane
Odisha,Sambalpur,Laterite Soil,Kharif,28.6,70,42.1,Muskmelon,Cashew
Odisha,Sambalpur,Sandy Soil,Rabi,33.6,60,330.3,Mango,Muskmelon
Odisha,Sambalpur,Laterite Soil,Whole Year,30.8,43,54.4,Muskmelon,Coffee
Odisha,Sambalpur,Loamy Soil,Whole Year,23.3,57,141.2,Mango,Sugarcane
Odisha,Sambalpur,Black Soil,Whole Year,35.4,94,139.8,Rice,Jowar
Odisha,Sambalpur,Red Soil,Whole Year,27.9,45,331.8,Kidneybeans,Millets
Odisha,Sambalpur,Sandy Soil,Kharif,19.0,42,184.5,Lentil,Groundnut
Odisha,Sambalpur,Black Soil,Kharif,36.3,70,317.2,Cotton,Soybean
Odisha,Sambalpur,Sandy Soil,Whole Year,20.2,80,52.9,Rice,Groundnut
Odisha,Sambalpur,Sandy Soil,Kharif,19.7,63,203.4,Maize,Muskmelon
Odisha,Sambalpur,Alluvial Soil,Kharif,22.3,80,189.4,Papaya,Rice
Odisha,Sambalpur,Red Soil,Whole Year,19.8,84,104.4,Grapes,Groundnut
Odisha,Subarnapur,Red Soil,Rabi,34.2,70,194.0,Grapes,Pulses
Odisha,Subarnapur,Red Soil,Whole Year,39.5,46,68.3,Lentil,Groundnut
Odisha,Subarnapur,Red Soil,Kharif,24.0,62,128.3,Coffee,Pulses
Odisha,Subarnapur,Alluvial Soil,Kharif,31.0,59,85.5,Watermelon,Wheat
Odisha,Subarnapur,Black Soil,Whole Year,37.2,70,179.5,Cotton,Jowar
Odisha,Subarnapur,Black Soil,Rabi,31.7,48,102.5,Chickpea,Cotton
Odisha,Subarnapur,Alluvial Soil,Zaid,18.1,70,325.4,Kidneybeans,Sugarcane
Odisha,Subarnapur,Loamy Soil,Whole Year,24.9,66,66.7,Coffee,Sugarcane
Odisha,Subarnapur,Laterite Soil,Kharif,29.2,68,299.4,Mango,Cashew
Odisha,Subarnapur,Laterite Soil,Zaid,36.6,87,205.9,Maize,Cashew
Odisha,Subarnapur,Laterite Soil,Kharif,19.3,53,157.3,Apple,Coffee
Odisha,Subarnapur,Red Soil,Whole Year,33.1,93,339.0,Mungbean,Millets
Odisha,Subarnapur,Black Soil,Zaid,37.3,87,209.9,Muskmelon,Soybean
Odisha,Subarnapur,Laterite Soil,Rabi,22.7,57,329.4,Lentil,Tea
Odisha,Subarnapur,Laterite Soil,Whole Year,19.2,76,110.0,Grapes,Coffee
Odisha,Subarnapur,Sandy Soil,Whole Year,35.5,89,54.5,Maize,Muskmelon
Odisha,Subarnapur,Laterite Soil,Kharif,31.3,53,159.7,Mothbeans,Tea
Odisha,Subarnapur,Loamy Soil,Kharif,26.6,58,319.0,Watermelon,Rice
Odisha,Subarnapur,Sandy Soil,Rabi,30.8,76,199.5,Lentil,Watermelon
Odisha,Subarnapur,Sandy Soil,Rabi,20.6,66,251.0,Mothbeans,Muskmelon
Odisha,Sundargarh,Red Soil,Zaid,33.5,90,136.5,Mungbean,Millets
Odisha,Sundargarh,Loamy Soil,Whole Year,21.1,48,321.1,Apple,Rice
Odisha,Sundargarh,Black Soil,Kharif,28.8,70,348.7,Banana,Soybean
Odisha,Sundargarh,Alluvial Soil,Kharif,24.9,67,84.7,Rice,Rice
Odisha,Sundargarh,Black Soil,Zaid,26.2,58,161.0,Lentil,Jowar
Odisha,Sundargarh,Sandy Soil,Rabi,37.3,86,119.3,Rice,Watermelon
Odisha,Sundargarh,Sandy Soil,Kharif,36.1,70,34.5,Grapes,Watermelon
Odisha,Sundargarh,Laterite Soil,Whole Year,27.8,41,275.4,Coconut,Tea
Odisha,Sundargarh,Alluvial Soil,Kharif,21.9,86,224.1,Blackgram,Wheat
Odisha,Sundargarh,Red Soil,Whole Year,30.2,74,327.4,Papaya,Millets
Odisha,Sundargarh,Loamy Soil,Zaid,39.7,50,191.2,Maize,Maize
Odisha,Sundargarh,Sandy Soil,Zaid,25.7,46,155.7,Muskmelon,Muskmelon
Odisha,Sundargarh,Red Soil,Whole Year,28.8,78,171.7,Papaya,Pulses
Odisha,Sundargarh,Black Soil,Whole Year,37.4,73,35.5,Pomegranate,Jowar
Odisha,Sundargarh,Red Soil,Zaid,24.4,89,63.0,Jute,Groundnut
Odisha,Sundargarh,Black Soil,Kharif,22.6,79,258.4,Cotton,Cotton
Odisha,Sundargarh,Loamy Soil,Kharif,19.4,92,29.2,Chickpea,Wheat
Odisha,Sundargarh,Black Soil,Whole Year,33.1,78,85.3,Maize,Soybean
Odisha,Sundargarh,Alluvial Soil,Rabi,31.5,59,298.8,Mothbeans,Rice
Odisha,Sundargarh,Alluvial Soil,Zaid,26.7,84,166.3,Kidneybeans,Rice
Assam,Bajali,Laterite Soil,Kharif,20.1,56,272.7,Lentil,Cashew
Assam,Bajali,Laterite Soil,Rabi,35.0,85,235.8,Maize,Tea
Assam,Bajali,Sandy Soil,Kharif,25.7,45,228.7,Jute,Groundnut
Assam,Bajali,Red Soil,Whole Year,25.2,72,93.9,Mothbeans,Groundnut
Assam,Bajali,Sandy Soil,Whole Year,35.6,82,59.5,Muskmelon,Muskmelon
Assam,Bajali,Alluvial Soil,Rabi,38.7,43,130.4,Mango,Rice
Assam,Bajali,Red Soil,Zaid,37.6,41,69.1,Blackgram,Pulses
Assam,Bajali,Alluvial Soil,Zaid,33.5,46,161.8,Muskmelon,Maize
Assam,Bajali,Laterite Soil,Whole Year,32.1,42,26.8,Mungbean,Coffee
Assam,Bajali,Loamy Soil,Whole Year,30.1,59,270.9,Mango,Maize
Assam,Bajali,Loamy Soil,Kharif,35.8,66,52.6,Pomegranate,Rice
Assam,Bajali,Black Soil,Kharif,34.1,70,177.6,Blackgram,Jowar
Assam,Bajali,Alluvial Soil,Zaid,27.1,64,51.1,Kidneybeans,Maize
Assam,Bajali,Sandy Soil,Kharif,35.5,45,119.8,Maize,Groundnut
Assam,Bajali,Alluvial Soil,Whole Year,24.0,53,82.4,Mango,Sugarcane
Assam,Bajali,Laterite Soil,Rabi,36.5,90,128.6,Maize,Coffee
Assam,Bajali,Alluvial Soil,Kharif,18.3,61,183.6,Rice,Sugarcane
Assam,Bajali,Alluvial Soil,Rabi,35.8,80,104.6,Pomegranate,Sugarcane
Assam,Bajali,Laterite Soil,Zaid,26.3,87,20.3,Jute,Coffee
Assam,Bajali,Loamy Soil,Kharif,36.0,65,302.7,Banana,Maize
Assam,Baksa,Laterite Soil,Rabi,23.4,64,106.9,Blackgram,Tea
Assam,Baksa,Alluvial Soil,Rabi,31.2,82,243.6,Watermelon,Rice
Assam,Baksa,Loamy Soil,Zaid,35.2,67,220.4,Cotton,Rice
Assam,Baksa,Alluvial Soil,Rabi,31.4,55,45.2,Kidneybeans,Rice
Assam,Baksa,Loamy Soil,Kharif,30.4,56,169.9,Rice,Sugarcane
Assam,Baksa,Alluvial Soil,Whole Year,34.3,67,287.1,Mungbean,Sugarcane
Assam,Baksa,Sandy Soil,Kharif,19.6,90,166.5,Maize,Watermelon
Assam,Baksa,Sandy Soil,Whole Year,29.3,91,105.9,Coffee,Watermelon
Assam,Baksa,Red Soil,Kharif,38.1,60,25.0,Papaya,Millets
Assam,Baksa,Alluvial Soil,Whole Year,31.4,69,280.7,Mothbeans,Rice
Assam,Baksa,Alluvial Soil,Zaid,31.0,61,153.7,Papaya,Sugarcane
Assam,Baksa,Laterite Soil,Kharif,29.6,47,144.5,Muskmelon,Cashew
Assam,Baksa,Laterite Soil,Zaid,36.7,49,244.0,Rice,Tea
Assam,Baksa,Alluvial Soil,Rabi,19.0,94,22.4,Mothbeans,Rice
Assam,Baksa,Red Soil,Kharif,27.5,82,90.5,Coffee,Groundnut
Assam,Baksa,Laterite Soil,Rabi,36.3,92,37.8,Papaya,Tea
Assam,Baksa,Alluvial Soil,Zaid,20.5,51,167.5,Grapes,Sugarcane
Assam,Baksa,Black Soil,Whole Year,31.3,61,245.3,Grapes,Jowar
Assam,Baksa,Red Soil,Kharif,34.6,60,211.2,Grapes,Groundnut
Assam,Baksa,Laterite Soil,Zaid,32.5,80,315.6,Mothbeans,Tea
Assam,Barpeta,Laterite Soil,Kharif,22.8,88,214.2,Mungbean,Coffee
Assam,Barpeta,Sandy Soil,Kharif,36.1,45,293.6,Maize,Watermelon
Assam,Barpeta,Loamy Soil,Rabi,24.0,68,180.8,Pomegranate,Wheat
Assam,Barpeta,Red Soil,Zaid,35.2,75,253.5,Coffee,Millets
Assam,Barpeta,Loamy Soil,Zaid,35.9,94,286.5,Rice,Sugarcane
Assam,Barpeta,Red Soil,Kharif,22.0,49,179.9,Cotton,Millets
Assam,Barpeta,Black Soil,Zaid,24.5,85,169.7,Kidneybeans,Cotton
Assam,Barpeta,Loamy Soil,Whole Year,37.2,83,209.6,Chickpea,Maize
Assam,Barpeta,Red Soil,Kharif,29.0,90,127.8,Rice,Millets
Assam,Barpeta,Laterite Soil,Zaid,22.3,82,61.8,Mothbeans,Coffee
Assam,Barpeta,Sandy Soil,Zaid,27.4,65,197.5,Orange,Groundnut
Assam,Barpeta,Laterite Soil,Kharif,37.9,90,48.5,Blackgram,Coffee
Assam,Barpeta,Sandy Soil,Whole Year,19.5,58,263.4,Coconut,Watermelon
Assam,Barpeta,Sandy Soil,Rabi,19.6,48,139.2,Kidneybeans,Groundnut
Assam,Barpeta,Red Soil,Whole Year,21.6,62,328.4,Blackgram,Pulses
Assam,Barpeta,Sandy Soil,Rabi,34.0,93,281.0,Watermelon,Muskmelon
Assam,Barpeta,Red Soil,Whole Year,39.4,55,59.4,Cotton,Pulses
Assam,Barpeta,Red Soil,Rabi,31.7,58,163.6,Blackgram,Groundnut
Assam,Barpeta,Alluvial Soil,Rabi,23.9,82,103.3,Pomegranate,Wheat
Assam,Barpeta,Black Soil,Rabi,39.5,41,108.8,Apple,Jowar
Assam,Biswanath,Sandy Soil,Whole Year,19.1,81,244.6,Cotton,Groundnut
Assam,Biswanath,Laterite Soil,Whole Year,23.6,58,31.6,Banana,Tea
Assam,Biswanath,Black Soil,Zaid,21.2,48,86.8,Pomegranate,Soybean
Assam,Biswanath,Laterite Soil,Whole Year,36.8,77,52.6,Pigeonpeas,Tea
Assam,Biswanath,Red Soil,Zaid,39.4,67,241.4,Mungbean,Pulses
Assam,Biswanath,Red Soil,Rabi,18.2,80,69.4,Blackgram,Millets
Assam,Biswanath,Laterite Soil,Kharif,24.3,75,308.0,Blackgram,Coffee
Assam,Biswanath,Alluvial Soil,Rabi,31.7,73,85.9,Muskmelon,Wheat
Assam,Biswanath,Red Soil,Kharif,37.3,71,318.9,Lentil,Millets
Assam,Biswanath,Laterite Soil,Rabi,31.8,63,253.0,Lentil,Cashew
Assam,Biswanath,Loamy Soil,Kharif,21.3,75,296.2,Cotton,Rice
Assam,Biswanath,Black Soil,Rabi,25.6,57,258.5,Mungbean,Jowar
Assam,Biswanath,Loamy Soil,Kharif,39.4,70,130.5,Orange,Wheat
Assam,Biswanath,Loamy Soil,Rabi,18.4,91,59.9,Coffee,Maize
Assam,Biswanath,Black Soil,Rabi,27.9,48,45.2,Muskmelon,Soybean
Assam,Biswanath,Loamy Soil,Rabi,32.7,59,43.1,Pigeonpeas,Rice
Assam,Biswanath,Alluvial Soil,Rabi,37.4,70,124.2,Mango,Wheat
Assam,Biswanath,Alluvial Soil,Zaid,32.4,41,324.2,Watermelon,Sugarcane
Assam,Biswanath,Loamy Soil,Kharif,18.3,88,258.2,Chickpea,Sugarcane
Assam,Biswanath,Alluvial Soil,Kharif,22.5,54,118.8,Watermelon,Sugarcane
Assam,Bongaigaon,Sandy Soil,Rabi,22.1,92,229.1,Cotton,Groundnut
Assam,Bongaigaon,Sandy Soil,Rabi,29.0,69,325.2,Mothbeans,Muskmelon
Assam,Bongaigaon,Black Soil,Kharif,35.8,82,344.8,Kidneybeans,Cotton
Assam,Bongaigaon,Laterite Soil,Kharif,28.4,73,182.3,Pigeonpeas,Tea
Assam,Bongaigaon,Black Soil,Whole Year,34.2,55,229.2,Jute,Soybean
Assam,Bongaigaon,Sandy Soil,Whole Year,22.2,69,36.7,Pigeonpeas,Muskmelon
Assam,Bongaigaon,Sandy Soil,Rabi,37.4,57,179.7,Grapes,Watermelon
Assam,Bongaigaon,Laterite Soil,Rabi,29.0,69,282.2,Blackgram,Coffee
Assam,Bongaigaon,Laterite Soil,Zaid,21.5,93,97.0,Watermelon,Cashew
Assam,Bongaigaon,Laterite Soil,Kharif,22.4,51,183.3,Mango,Tea
Assam,Bongaigaon,Loamy Soil,Kharif,23.3,54,117.8,Kidneybeans,Rice
Assam,Bongaigaon,Red Soil,Zaid,23.2,92,65.7,Pomegranate,Millets
Assam,Bongaigaon,Sandy Soil,Whole Year,20.9,73,214.1,Jute,Groundnut
Assam,Bongaigaon,Laterite Soil,Zaid,24.0,40,204.8,Papaya,Coffee
Assam,Bongaigaon,Loamy Soil,Kharif,32.0,59,64.6,Mango,Maize
Assam,Bongaigaon,Alluvial Soil,Whole Year,29.5,80,158.4,Watermelon,Maize
Assam,Bongaigaon,Sandy Soil,Zaid,24.8,62,35.1,Coffee,Groundnut
Assam,Bongaigaon,Black Soil,Whole Year,21.1,63,94.5,Pigeonpeas,Cotton
Assam,Bongaigaon,Alluvial Soil,Rabi,36.0,52,333.7,Blackgram,Rice
Assam,Bongaigaon,Sandy Soil,Whole Year,20.7,78,138.0,Cotton,Watermelon
Assam,Cachar,Laterite Soil,Rabi,32.3,65,231.2,Jute,Tea
Assam,Cachar,Laterite Soil,Kharif,26.3,67,176.9,Kidneybeans,Coffee
Assam,Cachar,Black Soil,Whole Year,28.7,94,166.1,Maize,Soybean
Assam,Cachar,Black Soil,Kharif,31.0,90,165.7,Mothbeans,Cotton
Assam,Cachar,Laterite Soil,Kharif,27.8,83,151.3,Mungbean,Coffee
Assam,Cachar,Black Soil,Rabi,36.4,75,146.5,Apple,Soybean
Assam,Cachar,Black Soil,Rabi,39.1,66,172.5,Jute,Cotton
Assam,Cachar,Red Soil,Zaid,24.7,66,103.6,Orange,Groundnut
Assam,Cachar,Red Soil,Zaid,29.4,68,322.7,Orange,Groundnut
Assam,Cachar,Sandy Soil,Whole Year,33.3,89,156.9,Papaya,Watermelon
Assam,Cachar,Sandy Soil,Kharif,32.7,65,121.8,Mungbean,Watermelon
Assam,Cachar,Black Soil,Whole Year,21.6,90,260.5,Apple,Cotton
Assam,Cachar,Black Soil,Zaid,19.8,53,311.0,Papaya,Soybean
Assam,Cachar,Sandy Soil,Kharif,20.7,87,170.2,Pigeonpeas,Muskmelon
Assam,Cachar,Laterite Soil,Rabi,32.5,80,240.0,Apple,Tea
Assam,Cachar,Alluvial Soil,Rabi,19.1,64,151.5,Mungbean,Sugarcane
Assam,Cachar,Red Soil,Kharif,22.3,85,252.9,Cotton,Millets
Assam,Cachar,Black Soil,Kharif,18.9,71,204.2,Orange,Cotton
Assam,Cachar,Loamy Soil,Rabi,36.9,42,336.8,Orange,Maize
Assam,Cachar,Loamy Soil,Kharif,31.2,77,242.4,Watermelon,Maize
Assam,Charaideo,Sandy Soil,Kharif,39.1,69,147.6,Papaya,Watermelon
Assam,Charaideo,Red Soil,Zaid,22.3,44,146.1,Rice,Pulses
Assam,Charaideo,Laterite Soil,Rabi,32.4,78,203.3,Coffee,Coffee
Assam,Charaideo,Laterite Soil,Whole Year,30.7,66,239.6,Grapes,Coffee
Assam,Charaideo,Alluvial Soil,Whole Year,26.3,63,105.1,Jute,Sugarcane
Assam,Charaideo,Red Soil,Zaid,18.2,44,233.8,Papaya,Groundnut
Assam,Charaideo,Sandy Soil,Kharif,21.2,80,40.2,Blackgram,Watermelon
Assam,Charaideo,Loamy Soil,Rabi,29.0,92,158.6,Banana,Wheat
Assam,Charaideo,Alluvial Soil,Whole Year,27.7,76,88.0,Maize,Maize
Assam,Charaideo,Loamy Soil,Kharif,29.8,75,51.7,Watermelon,Maize
Assam,Charaideo,Laterite Soil,Rabi,37.4,92,294.4,Muskmelon,Coffee
Assam,Charaideo,Loamy Soil,Rabi,38.2,86,181.5,Coconut,Sugarcane
Assam,Charaideo,Laterite Soil,Zaid,20.2,74,210.6,Mungbean,Cashew
Assam,Charaideo,Loamy Soil,Zaid,21.4,64,176.8,Orange,Maize
Assam,Charaideo,Laterite Soil,Kharif,35.8,87,71.3,Jute,Coffee
Assam,Charaideo,Loamy Soil,Whole Year,29.6,50,297.3,Apple,Wheat
Assam,Charaideo,Loamy Soil,Zaid,32.2,83,138.1,Mango,Sugarcane
Assam,Charaideo,Laterite Soil,Rabi,21.3,73,235.3,Muskmelon,Coffee
Assam,Charaideo,Black Soil,Whole Year,18.8,81,303.2,Maize,Cotton
Assam,Charaideo,Sandy Soil,Whole Year,22.7,54,214.9,Lentil,Watermelon
Assam,Chirang,Loamy Soil,Rabi,18.4,57,163.5,Mungbean,Maize
Assam,Chirang,Black Soil,Zaid,30.3,82,270.0,Blackgram,Soybean
Assam,Chirang,Black Soil,Rabi,33.0,71,161.3,Lentil,Cotton
Assam,Chirang,Black Soil,Rabi,34.2,70,23.5,Orange,Jowar
Assam,Chirang,Loamy Soil,Kharif,24.5,73,334.5,Muskmelon,Sugarcane
Assam,Chirang,Loamy Soil,Rabi,34.0,55,267.8,Pomegranate,Wheat
Assam,Chirang,Black Soil,Whole Year,25.6,57,281.4,Blackgram,Soybean
Assam,Chirang,Red Soil,Rabi,32.6,54,241.6,Watermelon,Groundnut
Assam,Chirang,Alluvial Soil,Zaid,38.8,72,116.6,Cotton,Rice
Assam,Chirang,Loamy Soil,Whole Year,19.6,82,58.1,Lentil,Maize
Assam,Chirang,Loamy Soil,Rabi,26.9,74,241.4,Banana,Rice
Assam,Chirang,Loamy Soil,Kharif,24.7,40,188.3,Cotton,Rice
Assam,Chirang,Loamy Soil,Rabi,19.5,62,159.0,Coconut,Maize
Assam,Chirang,Alluvial Soil,Rabi,28.6,75,159.9,Jute,Sugarcane
Assam,Chirang,Laterite Soil,Rabi,28.4,53,88.1,Mothbeans,Tea
Assam,Chirang,Loamy Soil,Kharif,22.6,67,189.6,Chickpea,Maize
Assam,Chirang,Red Soil,Kharif,30.8,46,233.0,Apple,Millets
Assam,Chirang,Loamy Soil,Whole Year,39.6,88,300.4,Jute,Wheat
Assam,Chirang,Black Soil,Zaid,19.9,78,60.3,Watermelon,Jowar
Assam,Chirang,Black Soil,Whole Year,18.6,81,299.5,Mungbean,Soybean
Assam,Darrang,Alluvial Soil,Whole Year,24.3,86,69.0,Coconut,Maize
Assam,Darrang,Alluvial Soil,Zaid,22.5,72,61.0,Papaya,Rice
Assam,Darrang,Sandy Soil,Zaid,21.5,91,47.9,Mungbean,Groundnut
Assam,Darrang,Black Soil,Whole Year,29.3,47,269.8,Maize,Soybean
Assam,Darrang,Red Soil,Kharif,32.5,45,63.6,Apple,Millets
Assam,Darrang,Laterite Soil,Zaid,32.2,47,22.3,Orange,Coffee
Assam,Darrang,Laterite Soil,Whole Year,19.2,78,137.8,Mango,Cashew
Assam,Darrang,Sandy Soil,Whole Year,26.0,63,159.1,Kidneybeans,Muskmelon
Assam,Darrang,Alluvial Soil,Zaid,38.8,86,220.2,Maize,Rice
Assam,Darrang,Alluvial Soil,Whole Year,32.8,92,154.1,Papaya,Rice
Assam,Darrang,Laterite Soil,Kharif,34.8,63,225.0,Blackgram,Tea
Assam,Darrang,Laterite Soil,Zaid,30.7,73,132.4,Mango,Tea
Assam,Darrang,Red Soil,Whole Year,25.4,74,166.7,Orange,Pulses
Assam,Darrang,Alluvial Soil,Rabi,34.5,64,214.6,Mungbean,Wheat
Assam,Darrang,Red Soil,Zaid,36.5,65,307.1,Pomegranate,Millets
Assam,Darrang,Alluvial Soil,Whole Year,29.9,44,212.2,Muskmelon,Maize
Assam,Darrang,Red Soil,Kharif,19.6,67,124.2,Mango,Millets
Assam,Darrang,Loamy Soil,Rabi,21.6,62,323.5,Coconut,Maize
Assam,Darrang,Sandy Soil,Whole Year,18.1,93,233.2,Cotton,Watermelon
Assam,Darrang,Laterite Soil,Whole Year,28.5,49,94.3,Orange,Cashew
Assam,Dhemaji,Laterite Soil,Kharif,28.9,89,131.6,Watermelon,Tea
Assam,Dhemaji,Alluvial Soil,Zaid,23.9,46,328.0,Maize,Maize
Assam,Dhemaji,Red Soil,Zaid,21.2,78,122.7,Banana,Pulses
Assam,Dhemaji,Black Soil,Zaid,34.5,43,43.6,Apple,Soybean
Assam,Dhemaji,Black Soil,Kharif,18.8,63,76.5,Pomegranate,Soybean
Assam,Dhemaji,Red Soil,Whole Year,31.5,92,76.8,Mungbean,Millets
Assam,Dhemaji,Red Soil,Kharif,31.7,66,312.4,Rice,Groundnut
Assam,Dhemaji,Black Soil,Whole Year,39.1,65,128.0,Watermelon,Soybean
Assam,Dhemaji,Laterite Soil,Rabi,38.6,85,102.0,Cotton,Coffee
Assam,Dhemaji,Black Soil,Rabi,28.2,79,245.0,Chickpea,Jowar
Assam,Dhemaji,Laterite Soil,Rabi,23.9,63,112.3,Orange,Cashew
Assam,Dhemaji,Laterite Soil,Whole Year,38.7,71,233.9,Orange,Cashew
Assam,Dhemaji,Laterite Soil,Kharif,38.0,47,101.8,Coffee,Coffee
Assam,Dhemaji,Black Soil,Rabi,25.7,91,144.2,Chickpea,Cotton
Assam,Dhemaji,Sandy Soil,Kharif,27.4,89,234.2,Blackgram,Watermelon
Assam,Dhemaji,Black Soil,Whole Year,32.2,83,314.6,Jute,Soybean
Assam,Dhemaji,Red Soil,Zaid,24.0,77,86.0,Cotton,Groundnut
Assam,Dhemaji,Black Soil,Rabi,33.3,66,309.1,Papaya,Cotton
Assam,Dhemaji,Sandy Soil,Rabi,35.4,70,342.9,Mothbeans,Muskmelon
Assam,Dhemaji,Laterite Soil,Zaid,33.5,85,343.6,Pomegranate,Coffee
Assam,Dhubri,Alluvial Soil,Rabi,31.6,62,322.1,Cotton,Maize
Assam,Dhubri,Loamy Soil,Whole Year,37.9,90,63.3,Kidneybeans,Rice
Assam,Dhubri,Alluvial Soil,Kharif,27.0,65,278.2,Lentil,Sugarcane
Assam,Dhubri,Black Soil,Kharif,38.2,93,208.9,Lentil,Cotton
Assam,Dhubri,Laterite Soil,Zaid,34.0,49,92.8,Pomegranate,Coffee
Assam,Dhubri,Loamy Soil,Zaid,18.5,74,314.1,Pigeonpeas,Maize
Assam,Dhubri,Laterite Soil,Zaid,26.4,95,210.1,Grapes,Cashew
Assam,Dhubri,Laterite Soil,Rabi,28.9,47,316.4,Orange,Coffee
Assam,Dhubri,Red Soil,Kharif,27.9,62,164.8,Grapes,Pulses
Assam,Dhubri,Laterite Soil,Kharif,25.8,75,267.9,Papaya,Coffee
Assam,Dhubri,Loamy Soil,Rabi,27.7,80,182.1,Chickpea,Sugarcane
Assam,Dhubri,Red Soil,Kharif,33.8,68,46.2,Pigeonpeas,Groundnut
Assam,Dhubri,Black Soil,Rabi,23.8,71,271.7,Pigeonpeas,Cotton
Assam,Dhubri,Black Soil,Zaid,36.1,60,81.3,Jute,Jowar
Assam,Dhubri,Laterite Soil,Kharif,35.7,73,236.8,Chickpea,Coffee
Assam,Dhubri,Loamy Soil,Rabi,19.9,65,171.7,Grapes,Maize
Assam,Dhubri,Black Soil,Rabi,27.2,44,102.0,Orange,Jowar
Assam,Dhubri,Black Soil,Kharif,35.1,56,283.9,Lentil,Soybean
Assam,Dhubri,Sandy Soil,Rabi,31.7,55,25.6,Muskmelon,Watermelon
Assam,Dhubri,Black Soil,Whole Year,26.5,49,246.9,Maize,Cotton
Assam,Dibrugarh,Laterite Soil,Kharif,36.8,67,170.1,Pomegranate,Tea
Assam,Dibrugarh,Alluvial Soil,Zaid,29.1,77,142.1,Apple,Rice
Assam,Dibrugarh,Red Soil,Whole Year,37.9,75,69.8,Blackgram,Millets
Assam,Dibrugarh,Alluvial Soil,Zaid,28.4,40,290.6,Blackgram,Maize
Assam,Dibrugarh,Sandy Soil,Zaid,23.3,74,194.0,Papaya,Watermelon
Assam,Dibrugarh,Loamy Soil,Zaid,21.2,79,50.4,Mango,Sugarcane
Assam,Dibrugarh,Laterite Soil,Rabi,19.3,85,322.6,Watermelon,Cashew
Assam,Dibrugarh,Loamy Soil,Whole Year,34.3,86,141.9,Chickpea,Rice
Assam,Dibrugarh,Black Soil,Whole Year,18.1,85,285.1,Lentil,Cotton
Assam,Dibrugarh,Alluvial Soil,Zaid,31.2,73,335.8,Rice,Rice
Assam,Dibrugarh,Alluvial Soil,Whole Year,39.4,41,206.7,Blackgram,Maize
Assam,Dibrugarh,Laterite Soil,Whole Year,24.5,65,164.5,Grapes,Tea
Assam,Dibrugarh,Black Soil,Rabi,32.2,41,219.4,Mungbean,Cotton
Assam,Dibrugarh,Laterite Soil,Rabi,31.8,74,132.5,Kidneybeans,Cashew
Assam,Dibrugarh,Alluvial Soil,Zaid,32.2,80,113.0,Watermelon,Wheat
Assam,Dibrugarh,Alluvial Soil,Kharif,35.8,46,321.1,Blackgram,Wheat
Assam,Dibrugarh,Black Soil,Whole Year,31.9,49,345.4,Grapes,Soybean
Assam,Dibrugarh,Red Soil,Whole Year,28.5,59,92.4,Muskmelon,Pulses
Assam,Dibrugarh,Loamy Soil,Kharif,34.9,95,81.4,Watermelon,Maize
Assam,Dibrugarh,Laterite Soil,Kharif,30.9,76,319.1,Mothbeans,Tea
Assam,Dima Hasao,Loamy Soil,Whole Year,34.2,76,215.7,Blackgram,Rice
Assam,Dima Hasao,Loamy Soil,Zaid,24.7,72,309.4,Kidneybeans,Rice
Assam,Dima Hasao,Red Soil,Rabi,20.0,43,235.8,Lentil,Pulses
Assam,Dima Hasao,Red Soil,Rabi,34.4,64,112.5,Watermelon,Millets
Assam,Dima Hasao,Red Soil,Rabi,30.9,86,189.1,Muskmelon,Pulses
Assam,Dima Hasao,Sandy Soil,Whole Year,31.6,81,325.3,Maize,Muskmelon
Assam,Dima Hasao,Laterite Soil,Zaid,30.3,86,40.9,Coconut,Coffee
Assam,Dima Hasao,Loamy Soil,Rabi,38.5,93,158.5,Grapes,Rice
Assam,Dima Hasao,Laterite Soil,Whole Year,34.3,90,188.8,Maize,Coffee
Assam,Dima Hasao,Red Soil,Whole Year,23.6,89,91.2,Blackgram,Millets
Assam,Dima Hasao,Loamy Soil,Rabi,33.7,67,237.5,Pigeonpeas,Wheat
Assam,Dima Hasao,Sandy Soil,Whole Year,22.8,78,149.8,Chickpea,Muskmelon
Assam,Dima Hasao,Alluvial Soil,Rabi,27.7,69,248.3,Jute,Wheat
Assam,Dima Hasao,Laterite Soil,Kharif,30.7,41,207.7,Banana,Cashew
Assam,Dima Hasao,Laterite Soil,Kharif,28.0,45,49.9,Orange,Tea
Assam,Dima Hasao,Sandy Soil,Zaid,25.1,43,169.3,Jute,Groundnut
Assam,Dima Hasao,Loamy Soil,Whole Year,27.3,58,265.1,Watermelon,Wheat
Assam,Dima Hasao,Laterite Soil,Rabi,29.1,53,292.0,Orange,Coffee
Assam,Dima Hasao,Loamy Soil,Whole Year,28.2,85,74.4,Kidneybeans,Wheat
Assam,Dima Hasao,Laterite Soil,Kharif,24.9,86,133.6,Grapes,Tea
Assam,Goalpara,Laterite Soil,Rabi,38.1,79,164.6,Kidneybeans,Tea
Assam,Goalpara,Laterite Soil,Rabi,20.2,52,262.9,Mungbean,Coffee
Assam,Goalpara,Sandy Soil,Rabi,38.8,64,291.1,Blackgram,Watermelon
Assam,Goalpara,Red Soil,Kharif,27.7,87,45.9,Orange,Pulses
Assam,Goalpara,Loamy Soil,Whole Year,29.5,54,176.1,Mango,Wheat
Assam,Goalpara,Red Soil,Kharif,39.8,78,118.2,Grapes,Pulses
Assam,Goalpara,Red Soil,Zaid,22.3,51,158.4,Apple,Groundnut
Assam,Goalpara,Black Soil,Rabi,22.9,76,249.1,Lentil,Jowar
Assam,Goalpara,Loamy Soil,Rabi,22.4,73,284.0,Cotton,Rice
Assam,Goalpara,Laterite Soil,Rabi,38.8,42,59.0,Lentil,Coffee
Assam,Goalpara,Black Soil,Zaid,32.6,56,133.1,Kidneybeans,Jowar
Assam,Goalpara,Black Soil,Rabi,27.5,81,307.2,Orange,Soybean
Assam,Goalpara,Black Soil,Zaid,39.9,75,183.9,Jute,Cotton
Assam,Goalpara,Sandy Soil,Whole Year,25.2,42,135.9,Jute,Watermelon
Assam,Goalpara,Sandy Soil,Whole Year,28.2,71,205.9,Coffee,Groundnut
Assam,Goalpara,Black Soil,Whole Year,30.6,54,284.6,Mothbeans,Jowar
Assam,Goalpara,Alluvial Soil,Zaid,23.9,89,53.0,Mothbeans,Sugarcane
Assam,Goalpara,Alluvial Soil,Kharif,31.9,78,242.1,Kidneybeans,Sugarcane
Assam,Goalpara,Alluvial Soil,Kharif,20.0,91,35.0,Chickpea,Sugarcane
Assam,Goalpara,Alluvial Soil,Zaid,30.3,73,25.5,Coconut,Maize
Assam,Golaghat,Sandy Soil,Kharif,37.2,56,172.4,Banana,Groundnut
Assam,Golaghat,Red Soil,Whole Year,26.9,46,171.5,Orange,Pulses
Assam,Golaghat,Laterite Soil,Rabi,27.1,87,342.9,Mango,Cashew
Assam,Golaghat,Loamy Soil,Kharif,30.7,86,244.5,Rice,Maize
Assam,Golaghat,Sandy Soil,Rabi,28.7,65,25.8,Mothbeans,Muskmelon
Assam,Golaghat,Laterite Soil,Whole Year,35.4,92,50.3,Banana,Tea
Assam,Golaghat,Sandy Soil,Rabi,36.5,80,121.2,Mothbeans,Muskmelon
Assam,Golaghat,Alluvial Soil,Rabi,27.8,86,157.4,Pomegranate,Sugarcane
Assam,Golaghat,Loamy Soil,Whole Year,27.7,63,341.3,Mango,Wheat
Assam,Golaghat,Alluvial Soil,Rabi,34.9,41,78.1,Cotton,Rice
Assam,Golaghat,Alluvial Soil,Rabi,33.4,45,116.4,Orange,Sugarcane
Assam,Golaghat,Sandy Soil,Kharif,26.4,63,311.5,Apple,Watermelon
Assam,Golaghat,Loamy Soil,Whole Year,33.5,86,33.0,Muskmelon,Wheat
Assam,Golaghat,Sandy Soil,Kharif,22.1,75,305.9,Lentil,Muskmelon
Assam,Golaghat,Alluvial Soil,Whole Year,30.7,64,118.8,Chickpea,Sugarcane
Assam,Golaghat,Sandy Soil,Zaid,22.4,75,80.4,Grapes,Groundnut
Assam,Golaghat,Red Soil,Kharif,22.4,88,276.8,Papaya,Pulses
Assam,Golaghat,Loamy Soil,Rabi,30.2,84,112.5,Banana,Maize
Assam,Golaghat,Black Soil,Kharif,27.3,70,189.2,Muskmelon,Soybean
Assam,Golaghat,Red Soil,Whole Year,25.6,45,70.8,Rice,Millets
Assam,Hailakandi,Red Soil,Zaid,34.1,40,31.6,Banana,Groundnut
Assam,Hailakandi,Red Soil,Zaid,37.4,47,187.3,Kidneybeans,Millets
Assam,Hailakandi,Black Soil,Zaid,24.5,95,21.1,Papaya,Jowar
Assam,Hailakandi,Alluvial Soil,Kharif,23.6,70,213.6,Coffee,Sugarcane
Assam,Hailakandi,Loamy Soil,Rabi,31.7,94,175.6,Lentil,Maize
Assam,Hailakandi,Red Soil,Rabi,24.5,78,215.2,Jute,Groundnut
Assam,Hailakandi,Sandy Soil,Kharif,28.8,94,250.9,Coconut,Groundnut
Assam,Hailakandi,Alluvial Soil,Zaid,18.3,81,320.6,Mango,Maize
Assam,Hailakandi,Sandy Soil,Zaid,23.0,65,162.6,Mothbeans,Watermelon
Assam,Hailakandi,Sandy Soil,Zaid,29.7,95,52.8,Grapes,Watermelon
Assam,Hailakandi,Loamy Soil,Rabi,23.1,79,117.9,Mango,Wheat
Assam,Hailakandi,Loamy Soil,Whole Year,36.5,81,207.1,Maize,Maize
Assam,Hailakandi,Red Soil,Rabi,31.8,78,111.9,Apple,Pulses
Assam,Hailakandi,Alluvial Soil,Rabi,32.1,73,248.8,Banana,Wheat
Assam,Hailakandi,Sandy Soil,Zaid,20.3,40,164.1,Blackgram,Watermelon
Assam,Hailakandi,Alluvial Soil,Whole Year,39.2,60,20.4,Banana,Wheat
Assam,Hailakandi,Laterite Soil,Rabi,35.5,78,157.1,Mango,Coffee
Assam,Hailakandi,Loamy Soil,Rabi,37.6,60,164.5,Mango,Maize
Assam,Hailakandi,Alluvial Soil,Zaid,27.2,45,166.6,Papaya,Rice
Assam,Hailakandi,Loamy Soil,Kharif,21.1,44,247.4,Coconut,Maize
Assam,Hojai,Black Soil,Rabi,36.4,86,156.7,Pigeonpeas,Soybean
Assam,Hojai,Laterite Soil,Zaid,22.5,60,312.0,Kidneybeans,Cashew
Assam,Hojai,Black Soil,Rabi,23.5,59,186.2,Lentil,Soybean
Assam,Hojai,Sandy Soil,Zaid,29.2,46,126.1,Watermelon,Watermelon
Assam,Hojai,Alluvial Soil,Whole Year,25.6,79,207.2,Watermelon,Sugarcane
Assam,Hojai,Loamy Soil,Kharif,31.2,41,242.4,Coffee,Wheat
Assam,Hojai,Loamy Soil,Zaid,33.1,45,226.6,Pomegranate,Maize
Assam,Hojai,Alluvial Soil,Whole Year,39.8,61,68.0,Muskmelon,Sugarcane
Assam,Hojai,Sandy Soil,Rabi,38.2,73,232.3,Maize,Watermelon
Assam,Hojai,Sandy Soil,Rabi,38.8,63,269.1,Muskmelon,Muskmelon
Assam,Hojai,Alluvial Soil,Rabi,36.6,91,290.2,Apple,Sugarcane
Assam,Hojai,Black Soil,Rabi,24.5,74,209.9,Coconut,Soybean
Assam,Hojai,Alluvial Soil,Kharif,36.5,48,297.9,Pigeonpeas,Maize
Assam,Hojai,Loamy Soil,Zaid,21.4,80,246.0,Watermelon,Maize
Assam,Hojai,Alluvial Soil,Rabi,27.0,83,319.8,Cotton,Maize
Assam,Hojai,Sandy Soil,Whole Year,24.2,92,85.8,Banana,Groundnut
Assam,Hojai,Loamy Soil,Zaid,35.0,69,125.7,Rice,Wheat
Assam,Hojai,Loamy Soil,Kharif,18.7,86,78.5,Mango,Wheat
Assam,Hojai,Red Soil,Zaid,33.2,42,204.8,Lentil,Pulses
Assam,Hojai,Red Soil,Zaid,18.9,79,67.7,Coconut,Pulses
Assam,Jorhat,Red Soil,Kharif,31.4,66,110.6,Kidneybeans,Millets
Assam,Jorhat,Red Soil,Whole Year,28.9,60,295.6,Mothbeans,Groundnut
Assam,Jorhat,Laterite Soil,Rabi,28.4,77,85.0,Cotton,Coffee
Assam,Jorhat,Sandy Soil,Zaid,31.2,62,280.7,Blackgram,Groundnut
Assam,Jorhat,Loamy Soil,Kharif,33.7,57,50.8,Pomegranate,Maize
Assam,Jorhat,Sandy Soil,Zaid,32.1,44,94.1,Banana,Watermelon
Assam,Jorhat,Loamy Soil,Whole Year,37.5,52,207.9,Rice,Maize
Assam,Jorhat,Black Soil,Rabi,25.0,54,186.4,Muskmelon,Soybean
Assam,Jorhat,Sandy Soil,Whole Year,35.9,53,285.2,Coconut,Watermelon
Assam,Jorhat,Black Soil,Rabi,34.2,40,34.3,Watermelon,Soybean
Assam,Jorhat,Loamy Soil,Rabi,19.5,89,162.6,Mothbeans,Maize
Assam,Jorhat,Red Soil,Whole Year,30.2,59,176.6,Coffee,Millets
Assam,Jorhat,Laterite Soil,Whole Year,33.6,44,56.3,Pomegranate,Coffee
Assam,Jorhat,Laterite Soil,Zaid,38.8,56,58.1,Lentil,Cashew
Assam,Jorhat,Red Soil,Whole Year,20.6,68,256.2,Cotton,Pulses
Assam,Jorhat,Black Soil,Kharif,25.6,40,200.6,Coffee,Jowar
Assam,Jorhat,Sandy Soil,Kharif,24.6,75,142.8,Chickpea,Groundnut
Assam,Jorhat,Alluvial Soil,Whole Year,29.2,43,58.2,Banana,Rice
Assam,Jorhat,Loamy Soil,Kharif,39.8,55,259.3,Jute,Sugarcane
Assam,Jorhat,Red Soil,Zaid,31.4,80,302.5,Rice,Groundnut
Assam,Kamrup,Sandy Soil,Zaid,30.9,84,303.9,Chickpea,Muskmelon
Assam,Kamrup,Loamy Soil,Whole Year,29.9,79,257.7,Rice,Rice
Assam,Kamrup,Black Soil,Kharif,38.9,91,259.8,Chickpea,Cotton
Assam,Kamrup,Alluvial Soil,Whole Year,35.4,51,62.9,Rice,Sugarcane
Assam,Kamrup,Sandy Soil,Zaid,25.0,94,88.5,Grapes,Groundnut
Assam,Kamrup,Loamy Soil,Whole Year,37.3,70,50.8,Rice,Rice
Assam,Kamrup,Laterite Soil,Whole Year,25.0,66,88.2,Mango,Coffee
Assam,Kamrup,Sandy Soil,Rabi,21.7,52,129.4,Lentil,Muskmelon
Assam,Kamrup,Loamy Soil,Whole Year,22.8,59,90.2,Chickpea,Rice
Assam,Kamrup,Black Soil,Rabi,20.5,85,33.4,Maize,Jowar
Assam,Kamrup,Laterite Soil,Rabi,39.4,73,291.7,Pigeonpeas,Tea
Assam,Kamrup,Red Soil,Kharif,30.8,66,153.4,Mango,Pulses
Assam,Kamrup,Black Soil,Rabi,27.2,81,285.1,Mungbean,Jowar
Assam,Kamrup,Laterite Soil,Rabi,28.0,86,210.6,Apple,Cashew
Assam,Kamrup,Sandy Soil,Rabi,27.3,83,231.7,Orange,Muskmelon
Assam,Kamrup,Red Soil,Rabi,32.5,76,291.1,Chickpea,Groundnut
Assam,Kamrup,Laterite Soil,Kharif,30.7,80,23.7,Coffee,Coffee
Assam,Kamrup,Loamy Soil,Whole Year,21.9,52,286.7,Pomegranate,Sugarcane
Assam,Kamrup,Laterite Soil,Zaid,28.4,51,165.5,Jute,Tea
Assam,Kamrup,Loamy Soil,Whole Year,27.1,92,71.2,Kidneybeans,Rice
Assam,Kamrup Metro,Black Soil,Rabi,36.6,92,261.8,Grapes,Jowar
Assam,Kamrup Metro,Alluvial Soil,Zaid,37.9,74,216.1,Maize,Sugarcane
Assam,Kamrup Metro,Black Soil,Rabi,19.3,57,202.5,Mango,Jowar
Assam,Kamrup Metro,Red Soil,Kharif,38.0,42,324.7,Orange,Pulses
Assam,Kamrup Metro,Loamy Soil,Rabi,28.6,67,30.2,Kidneybeans,Wheat
Assam,Kamrup Metro,Black Soil,Rabi,25.8,86,335.7,Jute,Soybean
Assam,Kamrup Metro,Alluvial Soil,Whole Year,27.9,65,106.5,Banana,Rice
Assam,Kamrup Metro,Black Soil,Zaid,22.6,69,159.4,Mango,Cotton
Assam,Kamrup Metro,Sandy Soil,Zaid,21.2,91,103.5,Watermelon,Muskmelon
Assam,Kamrup Metro,Laterite Soil,Zaid,19.6,54,293.3,Pigeonpeas,Coffee
Assam,Kamrup Metro,Sandy Soil,Rabi,20.1,65,169.6,Chickpea,Muskmelon
Assam,Kamrup Metro,Laterite Soil,Rabi,18.3,42,47.8,Rice,Cashew
Assam,Kamrup Metro,Black Soil,Kharif,18.1,83,105.8,Papaya,Cotton
Assam,Kamrup Metro,Sandy Soil,Zaid,36.3,82,266.8,Coconut,Muskmelon
Assam,Kamrup Metro,Sandy Soil,Whole Year,23.4,83,240.6,Blackgram,Muskmelon
Assam,Kamrup Metro,Red Soil,Rabi,23.0,94,347.4,Mungbean,Pulses
Assam,Kamrup Metro,Alluvial Soil,Zaid,26.3,91,272.4,Coconut,Wheat
Assam,Kamrup Metro,Red Soil,Whole Year,21.1,60,159.6,Maize,Groundnut
Assam,Kamrup Metro,Loamy Soil,Whole Year,28.0,85,346.5,Coconut,Wheat
Assam,Kamrup Metro,Laterite Soil,Rabi,31.2,94,166.2,Cotton,Tea
Assam,Karbi Anglong,Laterite Soil,Zaid,39.1,76,185.0,Kidneybeans,Cashew
Assam,Karbi Anglong,Sandy Soil,Zaid,21.9,41,320.2,Mungbean,Groundnut
Assam,Karbi Anglong,Alluvial Soil,Kharif,18.7,93,143.6,Coffee,Sugarcane
Assam,Karbi Anglong,Alluvial Soil,Kharif,32.9,44,281.5,Chickpea,Maize
Assam,Karbi Anglong,Red Soil,Rabi,20.1,87,317.2,Apple,Pulses
Assam,Karbi Anglong,Laterite Soil,Kharif,19.8,72,53.7,Jute,Tea
Assam,Karbi Anglong,Sandy Soil,Rabi,18.4,91,131.9,Mango,Watermelon
Assam,Karbi Anglong,Laterite Soil,Kharif,38.7,87,316.9,Coffee,Coffee
Assam,Karbi Anglong,Loamy Soil,Rabi,38.6,88,168.7,Mango,Wheat
Assam,Karbi Anglong,Alluvial Soil,Rabi,18.7,86,182.8,Chickpea,Maize
Assam,Karbi Anglong,Laterite Soil,Kharif,23.2,78,20.6,Mango,Tea
Assam,Karbi Anglong,Red Soil,Whole Year,29.0,76,35.7,Banana,Groundnut
Assam,Karbi Anglong,Black Soil,Rabi,30.8,69,263.5,Muskmelon,Cotton
Assam,Karbi Anglong,Black Soil,Zaid,22.9,70,100.4,Jute,Cotton
Assam,Karbi Anglong,Sandy Soil,Zaid,22.6,85,179.3,Coffee,Watermelon
Assam,Karbi Anglong,Black Soil,Rabi,38.9,78,22.6,Grapes,Cotton
Assam,Karbi Anglong,Red Soil,Kharif,19.5,64,31.9,Apple,Groundnut
Assam,Karbi Anglong,Red Soil,Rabi,19.5,54,310.4,Jute,Groundnut
Assam,Karbi Anglong,Sandy Soil,Rabi,35.0,89,91.3,Pigeonpeas,Watermelon
Assam,Karbi Anglong,Sandy Soil,Kharif,29.6,43,96.0,Jute,Muskmelon
Assam,Kokrajhar,Black Soil,Zaid,21.1,68,203.7,Banana,Cotton
Assam,Kokrajhar,Sandy Soil,Zaid,25.0,63,258.0,Chickpea,Muskmelon
Assam,Kokrajhar,Alluvial Soil,Zaid,26.6,50,113.2,Lentil,Sugarcane
Assam,Kokrajhar,Black Soil,Zaid,37.8,55,243.5,Maize,Soybean
Assam,Kokrajhar,Laterite Soil,Rabi,34.5,42,227.0,Kidneybeans,Cashew
Assam,Kokrajhar,Red Soil,Kharif,28.4,69,31.9,Watermelon,Millets
Assam,Kokrajhar,Loamy Soil,Whole Year,36.5,69,307.6,Chickpea,Rice
Assam,Kokrajhar,Loamy Soil,Whole Year,26.5,95,256.8,Grapes,Sugarcane
Assam,Kokrajhar,Black Soil,Kharif,33.5,57,336.7,Blackgram,Soybean
Assam,Kokrajhar,Sandy Soil,Whole Year,19.0,55,228.8,Banana,Watermelon
Assam,Kokrajhar,Black Soil,Zaid,36.4,71,152.6,Mothbeans,Jowar
Assam,Kokrajhar,Laterite Soil,Rabi,26.6,95,187.8,Mango,Cashew
Assam,Kokrajhar,Loamy Soil,Rabi,39.6,49,28.7,Mothbeans,Rice
Assam,Kokrajhar,Red Soil,Kharif,35.0,77,312.8,Papaya,Millets
Assam,Kokrajhar,Loamy Soil,Zaid,24.5,90,297.4,Kidneybeans,Wheat
Assam,Kokrajhar,Black Soil,Zaid,32.8,82,27.3,Coffee,Cotton
Assam,Kokrajhar,Laterite Soil,Whole Year,27.9,84,270.8,Blackgram,Coffee
Assam,Kokrajhar,Loamy Soil,Rabi,19.7,91,244.8,Rice,Wheat
Assam,Kokrajhar,Black Soil,Rabi,29.6,43,132.4,Muskmelon,Cotton
Assam,Kokrajhar,Black Soil,Whole Year,24.9,83,176.2,Maize,Cotton
Assam,Lakhimpur,Sandy Soil,Rabi,35.7,78,286.3,Grapes,Groundnut
Assam,Lakhimpur,Red Soil,Kharif,19.9,93,116.0,Muskmelon,Pulses
Assam,Lakhimpur,Laterite Soil,Rabi,39.4,59,344.9,Papaya,Coffee
Assam,Lakhimpur,Black Soil,Rabi,22.5,40,92.2,Chickpea,Jowar
Assam,Lakhimpur,Sandy Soil,Zaid,39.3,95,290.7,Coffee,Groundnut
Assam,Lakhimpur,Loamy Soil,Whole Year,32.8,50,88.3,Mothbeans,Wheat
Assam,Lakhimpur,Black Soil,Zaid,29.9,59,343.5,Pomegranate,Jowar
Assam,Lakhimpur,Alluvial Soil,Rabi,33.6,67,188.8,Banana,Rice
Assam,Lakhimpur,Red Soil,Whole Year,32.8,68,238.3,Coffee,Groundnut
Assam,Lakhimpur,Red Soil,Rabi,33.6,77,91.8,Muskmelon,Millets
Assam,Lakhimpur,Black Soil,Kharif,35.5,65,65.7,Muskmelon,Cotton
Assam,Lakhimpur,Black Soil,Whole Year,35.3,56,127.7,Cotton,Jowar
Assam,Lakhimpur,Laterite Soil,Kharif,36.8,59,128.3,Pomegranate,Tea
Assam,Lakhimpur,Alluvial Soil,Whole Year,25.5,91,71.4,Coffee,Maize
Assam,Lakhimpur,Loamy Soil,Zaid,32.6,68,101.0,Apple,Wheat
Assam,Lakhimpur,Sandy Soil,Rabi,36.7,76,53.1,Muskmelon,Muskmelon
Assam,Lakhimpur,Sandy Soil,Whole Year,19.6,83,142.1,Mungbean,Watermelon
Assam,Lakhimpur,Loamy Soil,Kharif,21.2,90,297.0,Coffee,Sugarcane
Assam,Lakhimpur,Black Soil,Zaid,35.0,40,220.2,Mothbeans,Jowar
Assam,Lakhimpur,Loamy Soil,Whole Year,30.8,88,187.9,Rice,Rice
Assam,Majuli,Sandy Soil,Zaid,21.8,45,169.2,Papaya,Muskmelon
Assam,Majuli,Laterite Soil,Zaid,31.0,40,225.4,Jute,Coffee
Assam,Majuli,Red Soil,Kharif,25.6,68,105.4,Orange,Millets
Assam,Majuli,Black Soil,Zaid,20.4,90,246.5,Chickpea,Soybean
Assam,Majuli,Sandy Soil,Rabi,35.3,91,55.8,Watermelon,Groundnut
Assam,Majuli,Black Soil,Rabi,38.6,70,253.7,Coconut,Soybean
Assam,Majuli,Laterite Soil,Kharif,28.6,44,73.2,Banana,Coffee
Assam,Majuli,Alluvial Soil,Whole Year,23.7,88,169.2,Chickpea,Rice
Assam,Majuli,Sandy Soil,Rabi,19.9,49,270.5,Jute,Muskmelon
Assam,Majuli,Black Soil,Kharif,36.8,90,107.0,Coconut,Jowar
Assam,Majuli,Alluvial Soil,Rabi,21.3,53,233.6,Mango,Sugarcane
Assam,Majuli,Sandy Soil,Rabi,36.7,87,44.7,Banana,Groundnut
Assam,Majuli,Red Soil,Whole Year,35.7,95,183.1,Papaya,Pulses
Assam,Majuli,Red Soil,Whole Year,26.8,75,113.7,Cotton,Millets
Assam,Majuli,Laterite Soil,Rabi,29.5,84,39.6,Mungbean,Tea
Assam,Majuli,Loamy Soil,Kharif,34.2,40,139.1,Blackgram,Rice
Assam,Majuli,Laterite Soil,Kharif,23.5,75,323.1,Muskmelon,Tea
Assam,Majuli,Black Soil,Rabi,18.5,57,343.7,Chickpea,Cotton
Assam,Majuli,Black Soil,Rabi,27.0,74,250.0,Pomegranate,Cotton
Assam,Majuli,Sandy Soil,Rabi,34.1,57,53.6,Muskmelon,Muskmelon
Assam,Morigaon,Alluvial Soil,Rabi,27.6,63,173.5,Coffee,Rice
Assam,Morigaon,Laterite Soil,Whole Year,35.5,70,274.6,Mungbean,Coffee
Assam,Morigaon,Red Soil,Whole Year,18.8,42,234.3,Kidneybeans,Groundnut
Assam,Morigaon,Black Soil,Zaid,26.0,92,276.7,Banana,Cotton
Assam,Morigaon,Sandy Soil,Rabi,39.0,53,72.0,Apple,Groundnut
Assam,Morigaon,Sandy Soil,Zaid,28.6,93,41.7,Coffee,Muskmelon
Assam,Morigaon,Red Soil,Kharif,36.0,89,309.2,Rice,Millets
Assam,Morigaon,Sandy Soil,Kharif,39.3,74,28.9,Muskmelon,Watermelon
Assam,Morigaon,Red Soil,Zaid,22.2,89,303.8,Chickpea,Millets
Assam,Morigaon,Black Soil,Whole Year,18.7,51,73.0,Chickpea,Soybean
Assam,Morigaon,Red Soil,Rabi,18.3,66,138.3,Muskmelon,Millets
Assam,Morigaon,Alluvial Soil,Zaid,28.1,52,208.7,Apple,Rice
Assam,Morigaon,Alluvial Soil,Rabi,18.4,68,121.6,Orange,Maize
Assam,Morigaon,Red Soil,Whole Year,32.7,67,297.3,Grapes,Millets
Assam,Morigaon,Black Soil,Whole Year,35.1,67,325.0,Coffee,Jowar
Assam,Morigaon,Red Soil,Rabi,32.9,72,306.2,Lentil,Millets
Assam,Morigaon,Loamy Soil,Whole Year,26.3,63,31.1,Blackgram,Wheat
Assam,Morigaon,Loamy Soil,Zaid,25.9,89,214.0,Mungbean,Sugarcane
Assam,Morigaon,Sandy Soil,Zaid,29.6,45,113.0,Jute,Groundnut
Assam,Morigaon,Red Soil,Rabi,29.3,48,235.0,Papaya,Millets
Assam,Nagaon,Loamy Soil,Whole Year,22.2,73,333.2,Apple,Sugarcane
Assam,Nagaon,Sandy Soil,Rabi,31.2,44,78.8,Papaya,Groundnut
Assam,Nagaon,Sandy Soil,Rabi,33.3,45,92.7,Lentil,Watermelon
Assam,Nagaon,Loamy Soil,Kharif,21.0,49,40.7,Mothbeans,Sugarcane
Assam,Nagaon,Loamy Soil,Zaid,19.4,63,56.0,Pigeonpeas,Wheat
Assam,Nagaon,Loamy Soil,Rabi,23.9,40,129.8,Mothbeans,Wheat
Assam,Nagaon,Black Soil,Kharif,29.2,45,83.4,Orange,Soybean
Assam,Nagaon,Sandy Soil,Zaid,29.6,53,265.0,Coconut,Groundnut
Assam,Nagaon,Sandy Soil,Zaid,35.8,46,323.3,Coffee,Watermelon
Assam,Nagaon,Alluvial Soil,Whole Year,29.0,87,286.0,Grapes,Rice
Assam,Nagaon,Sandy Soil,Kharif,23.6,73,43.4,Apple,Groundnut
Assam,Nagaon,Red Soil,Kharif,18.2,81,273.4,Maize,Pulses
Assam,Nagaon,Sandy Soil,Rabi,33.7,71,227.8,Pigeonpeas,Groundnut
Assam,Nagaon,Loamy Soil,Zaid,22.3,90,44.3,Grapes,Rice
Assam,Nagaon,Black Soil,Zaid,34.4,95,310.6,Blackgram,Jowar
Assam,Nagaon,Laterite Soil,Zaid,26.5,87,86.5,Orange,Cashew
Assam,Nagaon,Red Soil,Zaid,32.0,89,171.7,Maize,Millets
Assam,Nagaon,Black Soil,Kharif,19.5,81,276.6,Cotton,Soybean
Assam,Nagaon,Sandy Soil,Whole Year,36.5,68,41.1,Mungbean,Groundnut
Assam,Nagaon,Red Soil,Rabi,28.4,87,280.7,Kidneybeans,Pulses
Assam,Nalbari,Alluvial Soil,Kharif,22.8,51,229.1,Mothbeans,Sugarcane
Assam,Nalbari,Laterite Soil,Kharif,24.5,52,303.4,Lentil,Tea
Assam,Nalbari,Sandy Soil,Rabi,26.7,68,205.6,Chickpea,Muskmelon
Assam,Nalbari,Black Soil,Rabi,22.3,76,336.8,Coffee,Jowar
Assam,Nalbari,Alluvial Soil,Zaid,36.6,72,150.8,Mothbeans,Rice
Assam,Nalbari,Sandy Soil,Rabi,21.4,71,336.3,Coffee,Groundnut
Assam,Nalbari,Black Soil,Kharif,30.2,56,74.0,Mango,Cotton
Assam,Nalbari,Loamy Soil,Whole Year,39.8,91,306.9,Lentil,Rice
Assam,Nalbari,Laterite Soil,Kharif,35.0,68,208.9,Orange,Cashew
Assam,Nalbari,Red Soil,Kharif,37.9,43,347.4,Mango,Millets
Assam,Nalbari,Sandy Soil,Zaid,30.9,81,210.5,Cotton,Muskmelon
Assam,Nalbari,Black Soil,Rabi,20.9,91,195.8,Coffee,Cotton
Assam,Nalbari,Red Soil,Zaid,23.1,80,304.0,Coffee,Millets
Assam,Nalbari,Black Soil,Whole Year,27.6,66,289.5,Muskmelon,Jowar
Assam,Nalbari,Sandy Soil,Whole Year,24.5,90,164.8,Muskmelon,Muskmelon
Assam,Nalbari,Red Soil,Kharif,28.2,68,302.8,Pigeonpeas,Groundnut
Assam,Nalbari,Red Soil,Kharif,37.2,64,319.2,Grapes,Groundnut
Assam,Nalbari,Sandy Soil,Kharif,20.3,71,232.0,Muskmelon,Groundnut
Assam,Nalbari,Alluvial Soil,Zaid,25.6,83,199.9,Kidneybeans,Sugarcane
Assam,Nalbari,Alluvial Soil,Zaid,29.1,45,159.5,Watermelon,Rice
Assam,Sivasagar,Red Soil,Rabi,19.5,61,229.8,Grapes,Millets
Assam,Sivasagar,Red Soil,Rabi,32.4,62,344.3,Cotton,Pulses
Assam,Sivasagar,Laterite Soil,Kharif,22.2,76,256.5,Banana,Coffee
Assam,Sivasagar,Laterite Soil,Whole Year,32.6,74,307.5,Mungbean,Coffee
Assam,Sivasagar,Alluvial Soil,Whole Year,27.9,89,95.9,Grapes,Rice
Assam,Sivasagar,Sandy Soil,Kharif,35.3,60,64.4,Coconut,Groundnut
Assam,Sivasagar,Laterite Soil,Zaid,29.4,80,112.1,Grapes,Tea
Assam,Sivasagar,Loamy Soil,Whole Year,20.6,85,243.4,Rice,Wheat
Assam,Sivasagar,Red Soil,Kharif,30.4,73,312.0,Papaya,Millets
Assam,Sivasagar,Sandy Soil,Whole Year,39.2,66,145.2,Grapes,Groundnut
Assam,Sivasagar,Sandy Soil,Kharif,29.3,72,161.5,Kidneybeans,Groundnut
Assam,Sivasagar,Alluvial Soil,Kharif,19.5,84,110.7,Maize,Rice
Assam,Sivasagar,Sandy Soil,Zaid,18.8,46,304.0,Apple,Groundnut
Assam,Sivasagar,Alluvial Soil,Rabi,34.1,63,31.2,Muskmelon,Sugarcane
Assam,Sivasagar,Sandy Soil,Zaid,38.5,84,283.8,Grapes,Muskmelon
Assam,Sivasagar,Black Soil,Rabi,33.1,74,170.8,Kidneybeans,Cotton
Assam,Sivasagar,Sandy Soil,Zaid,24.0,71,255.9,Maize,Muskmelon
Assam,Sivasagar,Loamy Soil,Rabi,32.8,54,63.9,Grapes,Wheat
Assam,Sivasagar,Sandy Soil,Whole Year,29.6,81,298.7,Mothbeans,Groundnut
Assam,Sivasagar,Red Soil,Kharif,19.8,48,230.1,Kidneybeans,Millets
Assam,Sonitpur,Loamy Soil,Rabi,36.2,89,68.3,Apple,Sugarcane
Assam,Sonitpur,Black Soil,Zaid,24.4,45,42.1,Pomegranate,Cotton
Assam,Sonitpur,Red Soil,Rabi,37.8,66,311.5,Lentil,Pulses
Assam,Sonitpur,Sandy Soil,Whole Year,25.5,94,68.5,Pigeonpeas,Muskmelon
Assam,Sonitpur,Sandy Soil,Whole Year,38.0,78,115.9,Mothbeans,Muskmelon
Assam,Sonitpur,Laterite Soil,Whole Year,33.8,78,121.5,Jute,Cashew
Assam,Sonitpur,Alluvial Soil,Zaid,32.1,57,222.4,Apple,Maize
Assam,Sonitpur,Black Soil,Whole Year,33.0,85,176.5,Orange,Soybean
Assam,Sonitpur,Black Soil,Rabi,30.4,59,288.3,Lentil,Soybean
Assam,Sonitpur,Loamy Soil,Zaid,37.4,89,169.2,Banana,Wheat
Assam,Sonitpur,Sandy Soil,Zaid,23.4,42,245.9,Banana,Groundnut
Assam,Sonitpur,Laterite Soil,Whole Year,37.4,41,336.8,Coconut,Tea
Assam,Sonitpur,Loamy Soil,Kharif,28.0,57,194.4,Lentil,Wheat
Assam,Sonitpur,Red Soil,Kharif,38.9,45,83.1,Papaya,Groundnut
Assam,Sonitpur,Loamy Soil,Kharif,39.2,62,137.4,Kidneybeans,Rice
Assam,Sonitpur,Loamy Soil,Zaid,30.9,72,58.0,Banana,Rice
Assam,Sonitpur,Black Soil,Rabi,28.6,86,168.1,Apple,Cotton
Assam,Sonitpur,Alluvial Soil,Zaid,29.2,40,42.5,Chickpea,Maize
Assam,Sonitpur,Sandy Soil,Rabi,26.2,95,320.6,Maize,Groundnut
Assam,Sonitpur,Alluvial Soil,Rabi,34.2,60,129.9,Lentil,Maize
Assam,South Salmara-Mankachar,Loamy Soil,Rabi,28.8,90,292.2,Blackgram,Sugarcane
Assam,South Salmara-Mankachar,Loamy Soil,Whole Year,22.7,80,119.9,Pomegranate,Sugarcane
Assam,South Salmara-Mankachar,Loamy Soil,Zaid,19.7,65,131.9,Coconut,Maize
Assam,South Salmara-Mankachar,Black Soil,Whole Year,32.7,90,214.4,Grapes,Soybean
Assam,South Salmara-Mankachar,Alluvial Soil,Whole Year,36.9,81,125.7,Lentil,Rice
Assam,South Salmara-Mankachar,Red Soil,Whole Year,31.3,74,271.4,Cotton,Pulses
Assam,South Salmara-Mankachar,Alluvial Soil,Kharif,18.6,48,32.6,Mothbeans,Wheat
Assam,South Salmara-Mankachar,Alluvial Soil,Kharif,19.4,61,337.0,Watermelon,Wheat
Assam,South Salmara-Mankachar,Red Soil,Kharif,24.0,74,174.3,Rice,Groundnut
Assam,South Salmara-Mankachar,Laterite Soil,Rabi,20.1,62,102.7,Grapes,Tea
Assam,South Salmara-Mankachar,Black Soil,Zaid,32.2,78,226.8,Muskmelon,Jowar
Assam,South Salmara-Mankachar,Laterite Soil,Zaid,26.9,53,293.7,Mango,Cashew
Assam,South Salmara-Mankachar,Loamy Soil,Kharif,18.4,65,138.8,Coffee,Rice
Assam,South Salmara-Mankachar,Sandy Soil,Kharif,31.2,41,115.6,Rice,Watermelon
Assam,South Salmara-Mankachar,Loamy Soil,Zaid,23.4,49,159.5,Mango,Maize
Assam,South Salmara-Mankachar,Sandy Soil,Kharif,24.2,79,72.8,Muskmelon,Watermelon
Assam,South Salmara-Mankachar,Laterite Soil,Rabi,22.5,63,326.2,Cotton,Tea
Assam,South Salmara-Mankachar,Alluvial Soil,Rabi,26.0,90,306.3,Watermelon,Maize
Assam,South Salmara-Mankachar,Black Soil,Kharif,30.9,75,269.8,Mango,Cotton
Assam,South Salmara-Mankachar,Laterite Soil,Rabi,30.5,79,40.8,Coconut,Coffee
Assam,Tinsukia,Black Soil,Zaid,25.8,56,141.6,Mothbeans,Soybean
Assam,Tinsukia,Laterite Soil,Zaid,23.8,51,156.9,Coconut,Tea
Assam,Tinsukia,Alluvial Soil,Kharif,26.9,86,69.8,Pomegranate,Wheat
Assam,Tinsukia,Alluvial Soil,Kharif,33.8,73,131.7,Jute,Wheat
Assam,Tinsukia,Laterite Soil,Rabi,35.0,45,255.8,Blackgram,Tea
Assam,Tinsukia,Alluvial Soil,Rabi,35.4,68,314.3,Coconut,Wheat
Assam,Tinsukia,Red Soil,Rabi,31.2,53,176.9,Rice,Pulses
Assam,Tinsukia,Alluvial Soil,Rabi,29.5,58,205.6,Muskmelon,Rice
Assam,Tinsukia,Laterite Soil,Kharif,29.0,44,137.0,Watermelon,Cashew
Assam,Tinsukia,Red Soil,Rabi,30.9,91,187.1,Coffee,Groundnut
Assam,Tinsukia,Loamy Soil,Whole Year,29.6,75,261.0,Coconut,Maize
Assam,Tinsukia,Red Soil,Whole Year,20.4,73,254.1,Cotton,Millets
Assam,Tinsukia,Laterite Soil,Whole Year,29.7,41,273.2,Muskmelon,Coffee
Assam,Tinsukia,Laterite Soil,Rabi,29.5,88,325.7,Muskmelon,Coffee
Assam,Tinsukia,Sandy Soil,Whole Year,26.5,80,257.2,Coffee,Groundnut
Assam,Tinsukia,Red Soil,Rabi,25.2,76,108.6,Maize,Millets
Assam,Tinsukia,Black Soil,Zaid,27.8,90,320.9,Grapes,Soybean
Assam,Tinsukia,Loamy Soil,Whole Year,27.9,64,322.0,Lentil,Maize
Assam,Tinsukia,Loamy Soil,Zaid,26.4,60,301.6,Jute,Rice
Assam,Tinsukia,Black Soil,Rabi,22.3,41,167.7,Mungbean,Jowar
Assam,Udalguri,Alluvial Soil,Whole Year,34.2,67,21.3,Coconut,Wheat
Assam,Udalguri,Laterite Soil,Kharif,23.1,65,44.6,Papaya,Coffee
Assam,Udalguri,Loamy Soil,Whole Year,30.3,62,193.8,Cotton,Wheat
Assam,Udalguri,Sandy Soil,Zaid,28.4,84,78.5,Coffee,Groundnut
Assam,Udalguri,Sandy Soil,Rabi,34.7,80,291.5,Rice,Watermelon
Assam,Udalguri,Black Soil,Kharif,35.9,82,256.4,Mungbean,Jowar
Assam,Udalguri,Alluvial Soil,Whole Year,26.0,78,230.0,Mothbeans,Maize
Assam,Udalguri,Red Soil,Rabi,28.2,93,150.5,Muskmelon,Groundnut
Assam,Udalguri,Alluvial Soil,Kharif,27.4,74,169.0,Grapes,Sugarcane
Assam,Udalguri,Sandy Soil,Kharif,27.9,80,117.0,Mungbean,Watermelon
Assam,Udalguri,Red Soil,Zaid,29.5,44,287.2,Blackgram,Millets
Assam,Udalguri,Loamy Soil,Kharif,21.3,79,266.9,Banana,Maize
Assam,Udalguri,Red Soil,Kharif,20.8,84,338.7,Lentil,Pulses
Assam,Udalguri,Alluvial Soil,Kharif,32.8,76,75.8,Chickpea,Maize
Assam,Udalguri,Alluvial Soil,Rabi,26.5,67,178.9,Maize,Sugarcane
Assam,Udalguri,Sandy Soil,Rabi,19.5,90,166.8,Papaya,Watermelon
Assam,Udalguri,Sandy Soil,Rabi,29.1,91,110.3,Mothbeans,Muskmelon
Assam,Udalguri,Black Soil,Kharif,21.5,82,232.8,Grapes,Jowar
Assam,Udalguri,Red Soil,Rabi,22.9,87,330.8,Coconut,Groundnut
Assam,Udalguri,Sandy Soil,Kharif,24.0,56,278.1,Pomegranate,Watermelon
